timestamp,open,high,low,close,volume,close_time,quote_volume,trades,taker_buy_base,taker_buy_quote,ignore
58294-03-23 00:00:00,76342.78,76557.97,76276.0,76512.0,636.88517,1777424399999999,48665597.60029,70170,342.84369,26197416.6069446,0
58294-05-03 16:00:00,76511.99,76668.02,76187.75,76571.0,371.48818,1777427999999999,28395383.7707144,86941,211.21934,16147517.3999755,0
58294-06-14 08:00:00,76571.0,76666.82,76402.72,76531.29,315.29662,1777431599999999,24124805.1037399,61130,179.49473,13733803.0551672,0
58294-07-26 00:00:00,76531.29,77127.62,76519.94,76994.78,568.25927,1777435199999999,43688040.4880299,126002,363.45732,27938883.2870351,0
58294-09-05 16:00:00,76994.77,77455.71,76880.0,77269.76,655.24397,1777438799999999,50584234.259835,118055,353.64752,27298418.6908691,0
58294-10-17 08:00:00,77269.76,77329.31,77198.07,77288.38,412.95649,1777442399999999,31904881.1261478,72991,220.93467,17069426.8080234,0
58294-11-28 00:00:00,77288.39,77337.57,76907.07,77031.06,974.38933,1777445999999999,75097495.6998296,89999,569.33671,43873862.2841742,0
58295-01-08 16:00:00,77031.07,77182.91,77031.06,77053.64,931.98531,1777449599999999,71823640.8185772,67058,504.40951,38871687.7263303,0
58295-02-19 08:00:00,77053.65,77148.79,76972.32,77046.32,539.09721,1777453199999999,41531536.2220876,65869,281.52211,21690968.5629341,0
58295-04-02 00:00:00,77046.31,77800.0,76972.32,77642.0,835.54071,1777456799999999,64717488.3713181,128804,575.44855,44561143.2827493,0
58295-05-13 16:00:00,77642.0,77904.93,77559.19,77619.61,790.81622,1777460399999999,61465699.0963253,130604,406.79978,31621147.5539487,0
58295-06-24 08:00:00,77619.62,77694.61,77485.81,77590.03,531.7514,1777463999999999,41254142.850333,93726,233.8469,18142678.7210082,0
58295-08-05 00:00:00,77590.04,77596.39,76850.0,77143.68,1776.35149,1777467599999999,137220353.912218,165165,607.73143,46931585.2264149,0
58295-09-15 16:00:00,77143.68,77240.0,76425.62,76783.43,1000.6949,1777471199999999,76863480.2771353,244561,477.0633,36632334.8611184,0
58295-10-27 08:00:00,76783.42,76927.69,76489.99,76570.0,1353.72071,1777474799999999,103831096.0320672,211273,948.0707,72742146.992006,0
58295-12-08 00:00:00,76570.0,76634.61,75705.32,75924.25,1132.75734,1777478399999999,86248554.826363,263826,578.09727,44032288.9180099,0
58296-01-18 16:00:00,75924.24,76125.47,75696.13,75803.54,1021.10079,1777481999999999,77472168.8628467,164211,588.50494,44654803.0853947,0
58296-02-29 08:00:00,75803.55,76184.01,75803.55,76184.01,549.93434,1777485599999999,41776178.898986,111894,317.62583,24128418.969671,0
58296-04-11 00:00:00,76184.0,76274.8,74937.52,75513.91,1926.88309,1777489199999999,145067038.6684005,294876,857.28274,64538149.6869087,0
58296-05-22 16:00:00,75513.92,75591.83,75302.31,75563.86,464.5754,1777492799999999,35058390.2980008,119543,227.7294,17185818.7090005,0
58296-07-03 08:00:00,75563.87,75857.32,75497.43,75676.79,575.31173,1777496399999999,43526306.703035,129870,318.9469,24131072.0187098,0
58296-08-14 00:00:00,75676.79,76088.9,75607.7,75933.93,363.06477,1777499999999999,27548477.7373135,80429,215.37606,16345338.6941756,0
58296-09-24 16:00:00,75933.94,76004.14,75818.14,75927.38,272.33397,1777503599999999,20678748.535335,70314,151.49269,11503036.1619477,0
58296-11-05 08:00:00,75927.38,75990.06,75692.33,75780.0,279.49181,1777507199999999,21192118.1865993,65579,149.13903,11307794.2162448,0
58296-12-17 00:00:00,75780.0,76344.61,75656.03,76248.74,562.71461,1777510799999999,42778314.1358503,119534,312.01421,23730551.3667451,0
58297-01-27 16:00:00,76248.76,76473.26,76178.73,76232.8,331.53653,1777514399999999,25299016.0946949,107748,214.67548,16382480.4435211,0
58297-03-10 08:00:00,76232.81,76351.04,75494.7,75704.74,537.06765,1777517999999999,40740052.1099857,188003,212.15252,16098589.4095604,0
58297-04-21 00:00:00,75704.74,75994.26,75659.85,75928.1,182.12647,1777521599999999,13816312.2895181,86860,115.55223,8766403.7011401,0
58297-06-01 16:00:00,75928.09,75963.92,75414.57,75497.0,426.96926,1777525199999999,32282647.6446792,122194,216.82938,16394352.9400943,0
58297-07-13 08:00:00,75497.01,75750.0,75323.65,75600.09,491.70915,1777528799999999,37148606.2168342,104638,319.00229,24094340.785823,0
58297-08-24 00:00:00,75600.09,75867.9,75569.99,75753.53,372.15072,1777532399999999,28173419.3639804,83435,184.28657,13952864.1720891,0
58297-10-04 16:00:00,75753.54,76179.91,75718.5,76161.67,516.75183,1777535999999999,39262218.400247,103696,321.24522,24409450.0460231,0
58297-11-15 08:00:00,76161.67,76208.92,76019.57,76058.17,350.94571,1777539599999999,26707017.3125824,72071,180.57613,13742195.0625254,0
58297-12-27 00:00:00,76058.17,76339.38,76012.6,76097.19,445.01057,1777543199999999,33881176.9937537,87648,268.71939,20461183.3230484,0
58298-02-06 16:00:00,76097.19,76163.52,75974.93,76028.66,365.18719,1777546799999999,27774328.2130932,73016,206.05154,15670885.3562387,0
58298-03-20 08:00:00,76028.66,76244.36,75876.29,76059.43,550.88667,1777550399999999,41892901.5352159,88122,319.73637,24316076.3912688,0
58298-05-01 00:00:00,76059.42,76511.22,76042.75,76308.48,1520.57994,1777553999999999,116079682.4565041,111086,749.80039,57233899.549285,0
58298-06-11 16:00:00,76308.48,76669.14,76116.2,76420.44,927.16622,1777557599999999,70830646.5586727,241267,591.13083,45167404.4797281,0
58298-07-23 08:00:00,76420.45,76597.51,76093.81,76301.24,683.75312,1777561199999999,52215859.3039592,252622,356.00118,27188225.3858721,0
58298-09-03 00:00:00,76301.25,76653.6,76163.16,76473.6,374.70038,1777564799999999,28632991.658662,152110,155.24969,11866018.9495075,0
58298-10-14 16:00:00,76473.6,76484.6,76228.27,76261.03,165.45041,1777568399999999,12636560.0635636,80730,72.43819,5532224.4712219,0
58298-11-25 08:00:00,76261.04,76328.71,76111.0,76250.01,273.82279,1777571999999999,20864907.6741151,96503,145.95063,11120561.3154046,0
58299-01-06 00:00:00,76250.0,76468.84,76204.4,76350.0,184.15567,1777575599999999,14059987.7795101,87566,96.09278,7336447.4147243,0
58299-02-16 16:00:00,76350.0,76514.8,76308.33,76412.8,307.53776,1777579199999999,23510637.5522581,92951,165.02436,12616810.151942,0
58299-03-30 08:00:00,76412.8,76568.9,76318.31,76492.46,287.06721,1777582799999999,21952377.4202581,70550,129.26165,9886047.9134408,0
58299-05-11 00:00:00,76492.45,76535.42,76240.78,76241.78,183.08169,1777586399999999,13985003.6584486,47338,81.37961,6216290.3651622,0
58299-06-21 16:00:00,76241.77,76449.16,76206.02,76237.06,158.56535,1777589999999999,12103139.7330138,55111,76.2842,5822246.7261015,0
58299-08-02 08:00:00,76237.07,76380.2,76217.96,76346.57,182.87917,1777593599999999,13956787.5197536,44681,95.7364,7305833.4813649,0
58299-09-13 00:00:00,76346.58,76591.0,76320.42,76458.05,502.88844,1777597199999999,38456380.7516217,68098,290.29891,22193191.5959509,0
58299-10-24 16:00:00,76458.06,76776.21,76449.5,76686.13,486.84554,1777600799999999,37299546.5556193,56395,185.30889,14197189.8995894,0
58299-12-05 08:00:00,76686.12,76744.6,76533.74,76592.54,204.45438,1777604399999999,15668983.9651796,47534,104.6316,8019059.8866646,0
58300-01-16 00:00:00,76592.54,77453.74,76555.06,77131.08,1056.19913,1777607999999999,81535203.7703037,160525,530.3833,40917147.0167095,0
58300-02-26 16:00:00,77131.08,77206.38,76653.6,77042.44,995.75921,1777611599999999,76701960.696507,82896,254.32905,19600945.8262081,0
58300-04-09 08:00:00,77042.44,77184.96,77033.91,77165.98,283.75111,1777615199999999,21881559.0747505,47678,172.26458,13284554.692776,0
58300-05-21 00:00:00,77165.99,77179.53,76882.0,76993.48,439.15205,1777618799999999,33838972.1777153,76532,229.24357,17662994.6540305,0
58300-07-01 16:00:00,76993.49,77140.36,76957.04,77130.54,633.7325,1777622399999999,48823881.489803,76326,255.38352,19674574.6292789,0
58300-08-12 08:00:00,77130.54,77500.0,77048.0,77377.47,697.73561,1777625999999999,53949516.062227,79304,390.65756,30198327.9156518,0
58300-09-23 00:00:00,77377.48,77391.99,77200.15,77268.55,355.16559,1777629599999999,27457228.8450314,44736,180.48591,13952027.3471562,0
58300-11-03 16:00:00,77268.56,77433.72,77146.48,77304.34,330.99244,1777633199999999,25574894.5390983,49538,207.92526,16066430.0500701,0
58300-12-15 08:00:00,77303.8,77600.0,77263.66,77463.98,584.3796,1777636799999999,45230880.1368593,86070,365.96527,28323427.752709,0
58301-01-26 00:00:00,77463.98,78170.2,77408.73,77896.01,1392.97654,1777640399999999,108487055.4618687,174978,772.25628,60128120.6630171,0
58301-03-08 16:00:00,77896.01,78914.12,77896.0,78737.25,2354.33999,1777643999999999,184653368.7927472,259691,1209.8349,94876162.8499257,0
58301-04-19 08:00:00,78737.26,78871.8,78051.86,78358.75,1970.70152,1777647599999999,154660069.1508653,204523,924.15659,72544945.4528685,0
58301-05-31 00:00:00,78358.74,78735.92,78176.06,78445.89,1013.17746,1777651199999999,79504974.0609564,166414,436.97497,34283575.1617452,0
58301-07-11 16:00:00,78445.88,78683.23,78167.53,78214.36,704.68666,1777654799999999,55222103.9001196,145416,308.41399,24165052.6736201,0
58301-08-22 08:00:00,78214.36,78584.61,78131.02,78552.94,489.31938,1777658399999999,38317149.7528229,110372,289.23415,22650895.6069694,0
58301-10-03 00:00:00,78552.93,78623.37,78375.53,78423.9,487.76487,1777661999999999,38294331.2939142,96469,261.23013,20507967.9849931,0
58301-11-13 16:00:00,78423.91,78540.0,78313.16,78360.0,512.65483,1777665599999999,40193133.1817525,83198,246.20125,19300984.6102575,0
58301-12-25 08:00:00,78360.01,78422.81,77752.0,77880.18,827.52759,1777669199999999,64613710.1571338,96235,257.15679,20081186.7348836,0
58302-02-05 00:00:00,77880.18,78200.0,77857.97,78199.99,485.72824,1777672799999999,37918877.4310233,61822,253.70004,19810078.6659542,0
58302-03-18 16:00:00,78200.0,78411.13,78144.7,78153.38,331.97786,1777676399999999,25994553.0235424,52866,133.86027,10481984.5007187,0
58302-04-29 08:00:00,78153.37,78249.6,78043.28,78231.13,173.55448,1777679999999999,13559501.6481018,60842,63.08334,4928751.6365994,0
58302-06-10 00:00:00,78231.13,78393.39,78166.48,78341.75,211.29374,1777683599999999,16542173.5736707,55791,124.29481,9730806.4075691,0
58302-07-21 16:00:00,78341.75,78441.31,78294.19,78355.0,400.98852,1777687199999999,31413938.351539,49585,212.3166,16633463.6471296,0
58302-09-01 08:00:00,78355.0,78513.7,78260.95,78353.93,283.69022,1777690799999999,22231169.0162909,42871,99.38539,7790008.0883579,0
58302-10-13 00:00:00,78353.93,78514.82,78237.25,78400.0,300.16391,1777694399999999,23530891.9108637,45743,147.82415,11587551.6681936,0
58302-11-23 16:00:00,78399.99,78448.99,78123.53,78175.5,411.85061,1777697999999999,32238063.2978411,44379,194.99536,15265233.8241609,0
58303-01-04 08:00:00,78175.5,78235.25,78040.0,78174.0,526.60294,1777701599999999,41153101.7511252,39232,218.74124,17095943.3200114,0
58303-02-15 00:00:00,78174.0,78363.21,78148.24,78327.8,366.5645,1777705199999999,28671003.4761428,33235,202.06474,15805270.1492543,0
58303-03-28 16:00:00,78327.8,78342.18,78207.2,78220.0,170.02066,1777708799999999,13309281.9844708,24648,106.26989,8318643.8462915,0
58303-05-09 08:00:00,78220.0,78356.51,78165.3,78315.37,204.83037,1777712399999999,16036059.0896568,24831,128.56714,10065412.6625821,0
58303-06-20 00:00:00,78315.36,78394.0,78220.0,78293.57,257.64077,1777715999999999,20177009.767908,29926,151.92399,11897104.8558148,0
58303-07-31 16:00:00,78293.57,78311.97,78225.22,78249.3,136.41815,1777719599999999,10676182.603203,18765,71.74093,5614507.9263712,0
58303-09-11 08:00:00,78249.31,78249.31,78094.43,78143.08,269.24301,1777723199999999,21044675.0375687,26917,125.55438,9814003.2221597,0
58303-10-23 00:00:00,78143.09,78262.37,78108.41,78211.24,182.77682,1777726799999999,14290097.3912471,27343,119.17505,9317384.9791845,0
58303-12-03 16:00:00,78211.24,78423.85,78211.24,78367.06,227.00487,1777730399999999,17781233.364863,34447,173.31371,13574862.5305485,0
58304-01-14 08:00:00,78367.06,78484.42,78309.84,78423.98,190.15931,1777733999999999,14909943.3036185,42297,132.56223,10394275.644451,0
58304-02-25 00:00:00,78423.98,78487.68,78365.96,78487.67,126.14054,1777737599999999,9891703.9247525,32871,63.11207,4949312.9869121,0
58304-04-06 16:00:00,78487.67,78596.61,78430.07,78455.02,194.42514,1777741199999999,15265447.5028902,51734,102.08596,8015442.8902801,0
58304-05-18 08:00:00,78455.02,78485.53,78368.24,78398.02,213.39843,1777744799999999,16737270.8253233,27902,107.92966,8464757.40261,0
58304-06-29 00:00:00,78398.03,78493.31,78310.54,78466.62,118.15969,1777748399999999,9263022.8267736,34867,50.56798,3964377.9512257,0
58304-08-09 16:00:00,78466.63,78521.68,78440.11,78486.0,182.05466,1777751999999999,14284795.0586476,28004,90.57551,7106259.1284671,0
58304-09-20 08:00:00,78486.23,78491.26,78418.32,78451.38,61.92886,1777755599999999,4858068.8485173,23025,18.04477,1415430.5445031,0
58304-11-01 00:00:00,78451.37,79199.48,78439.51,78719.78,734.53837,1777759199999999,57942265.6933412,97532,455.72409,35949086.7023188,0
58304-12-12 16:00:00,78719.78,78872.39,78610.46,78832.98,266.49012,1777762799999999,20976559.3424831,64442,154.36924,12151161.1306019,0
58305-01-23 08:00:00,78832.98,78832.98,78631.9,78686.85,114.49221,1777766399999999,9014431.5066717,35756,45.90069,3614190.1649671,0
58305-03-06 00:00:00,78686.84,78754.55,78490.61,78542.32,233.96416,1777769999999999,18389373.8855559,50475,90.23364,7093904.1027155,0
58305-04-16 16:00:00,78542.33,78542.33,78152.25,78240.83,391.01401,1777773599999999,30616811.4144062,76400,115.72004,9060071.8824682,0
58305-05-28 08:00:00,78240.84,78309.09,78108.75,78171.85,222.42918,1777777199999999,17390454.0915506,47632,100.62701,7867886.3488784,0
58305-07-09 00:00:00,78171.86,78217.59,78109.94,78203.08,200.3559,1777780799999999,15657286.6628591,34358,84.56255,6608931.6188716,0
58305-08-19 16:00:00,78203.07,78236.45,78120.0,78163.19,89.71363,1777784399999999,7013664.5311464,28765,46.8653,3663786.2348323,0
58305-09-30 08:00:00,78163.19,78260.75,78163.17,78249.42,98.09285,1777787999999999,7673668.6526239,21368,42.2975,3308883.5559231,0
58305-11-11 00:00:00,78249.41,78337.26,78084.08,78288.3,306.94233,1777791599999999,23993932.357596,35888,100.40379,7850739.9088815,0
58305-12-22 16:00:00,78288.3,78483.67,78288.29,78363.25,299.42086,1777795199999999,23478481.7208286,45006,219.14071,17184570.0549634,0
58306-02-02 08:00:00,78363.24,78505.92,78363.24,78387.86,102.01693,1777798799999999,8002629.2022405,33227,58.11541,4558852.9115607,0
58306-03-16 00:00:00,78387.87,78604.67,78354.53,78529.57,293.1321,1777802399999999,23007106.6054675,44612,201.36609,15804042.8926221,0
58306-04-26 16:00:00,78529.57,78534.4,78406.97,78408.01,140.79481,1777805999999999,11045692.5832175,21933,87.72246,6881926.603499,0
58306-06-07 08:00:00,78408.01,78849.22,78380.0,78656.01,412.8313,1777809599999999,32463282.4060025,51272,297.93317,23425078.9305653,0
58306-07-19 00:00:00,78656.01,78878.77,78656.0,78747.09,294.28187,1777813199999999,23180728.9792988,56563,165.97009,13072909.7002751,0
58306-08-29 16:00:00,78747.09,78769.63,78586.99,78670.01,196.40341,1777816799999999,15454116.874971,41759,91.70816,7216858.2776171,0
58306-10-10 08:00:00,78670.01,78786.57,78608.7,78741.0,409.96615,1777820399999999,32265348.0552562,56576,94.53694,7439986.3233114,0
58306-11-21 00:00:00,78741.0,78815.19,78633.4,78668.36,237.20487,1777823999999999,18675722.4441427,43092,95.12616,7491943.6447125,0
58307-01-01 16:00:00,78668.36,78784.56,78600.0,78654.0,167.53902,1777827599999999,13181272.9093631,44250,64.18788,5050763.9916432,0
58307-02-12 08:00:00,78654.01,78822.83,78558.65,78725.76,357.9255,1777831199999999,28153483.8770617,52110,107.0569,8425824.7021549,0
58307-03-26 00:00:00,78725.76,78763.57,78631.61,78739.67,138.18974,1777834799999999,10875031.0261944,32709,61.76728,4861293.8774395,0
58307-05-06 16:00:00,78739.68,78853.32,78676.67,78760.32,252.60944,1777838399999999,19887500.7818189,39278,74.94379,5901871.7869458,0
58307-06-17 08:00:00,78760.32,79268.0,78732.04,78915.99,645.7979,1777841999999999,51036893.8705236,92281,369.28376,29185874.634845,0
58307-07-29 00:00:00,78915.99,79056.59,78650.0,78831.59,357.48617,1777845599999999,28193836.4548989,76810,136.60365,10771413.5373119,0
58307-09-08 16:00:00,78831.6,79447.0,78831.6,79177.29,934.95879,1777849199999999,74026964.5373802,187344,455.5153,36067901.2853487,0
58307-10-20 08:00:00,79177.29,79287.82,78484.42,78568.57,642.72198,1777852799999999,50631046.5272244,138766,303.22654,23887975.3619888,0
58307-12-01 00:00:00,78568.58,78572.57,78288.88,78547.14,434.86007,1777856399999999,34109856.7074657,124823,219.30112,17200649.9147825,0
58308-01-11 16:00:00,78547.15,79848.84,78412.49,79769.43,1366.42153,1777859999999999,108368475.5730271,210432,830.12969,65842460.856252,0
58308-02-22 08:00:00,79769.43,80420.9,79540.05,80173.3,2278.14954,1777863599999999,182211034.88155553,311169,1343.13127,107441034.8448974,0
58308-04-04 00:00:00,80173.3,80458.0,79926.9,80316.31,1012.18218,1777867199999999,81160285.1993266,151705,551.15684,44204478.1593679,0
58308-05-15 16:00:00,80316.3,80635.51,80233.04,80332.06,1362.02834,1777870799999999,109502414.3608939,175006,737.4883,59302038.0001313,0
58308-06-26 08:00:00,80332.06,80395.96,79956.25,80027.26,746.81318,1777874399999999,59862060.4370411,88298,261.85719,20982551.3124173,0
58308-08-07 00:00:00,80027.26,80048.64,79500.0,79877.9,1103.73906,1777877999999999,88095643.6571576,102725,476.09809,37995510.3172497,0
58308-09-17 16:00:00,79877.91,79946.33,79672.0,79696.75,419.83178,1777881599999999,33510680.9507263,80159,156.96525,12529816.3417031,0
58308-10-29 08:00:00,79696.75,79800.0,79602.32,79708.3,435.36516,1777885199999999,34704544.9090666,76411,235.69927,18788562.6844046,0
58308-12-10 00:00:00,79708.3,79930.0,79647.87,79838.48,473.40316,1777888799999999,37777177.3504062,61177,307.60063,24550059.0019697,0
58309-01-20 16:00:00,79838.49,79880.0,78202.0,78940.26,4380.72428,1777892399999999,344798749.4740965,410423,2298.90928,180800300.351339,0
58309-03-03 08:00:00,78940.27,79124.83,78708.87,78793.67,699.54546,1777895999999999,55214897.1188262,107580,379.34117,29943086.8343474,0
58309-04-14 00:00:00,78793.67,79020.0,78718.55,78857.18,426.01688,1777899599999999,33611587.0853386,92728,208.36701,16440696.7487246,0
58309-05-25 16:00:00,78857.18,79124.83,78581.74,78790.0,725.07004,1777903199999999,57190378.3070052,164745,391.20576,30863050.8116461,0
58309-07-06 08:00:00,78790.01,80545.17,78500.0,80216.16,2308.42012,1777906799999999,183972559.4643512,315262,1316.90523,104940462.6417556,0
58309-08-17 00:00:00,80216.15,80367.93,79320.28,80028.85,2458.63305,1777910399999999,196312434.64737967,353923,1167.06602,93186443.0605308,0
58309-09-27 16:00:00,80028.85,80395.68,79619.33,80025.03,1492.78417,1777913999999999,119556511.3056763,266595,696.34302,55763198.5603557,0
58309-11-08 08:00:00,80025.03,80776.99,80021.5,80390.81,1080.11249,1777917599999999,86879328.2048275,173544,559.27556,44993418.6961057,0
58309-12-20 00:00:00,80390.8,80439.18,80035.32,80114.91,663.99913,1777921199999999,53291448.2981996,108346,237.15498,19031985.0708943,0
58310-01-30 16:00:00,80114.91,80138.0,79900.0,80053.31,505.59924,1777924799999999,40453106.871172,100222,256.42377,20519659.2805733,0
58310-03-13 08:00:00,80053.31,80154.12,79901.0,79936.7,459.51864,1777928399999999,36758175.7589628,66701,165.01845,13201267.7335619,0
58310-04-24 00:00:00,79936.7,80383.15,79936.7,80259.17,343.30642,1777931999999999,27534211.8100096,65327,203.09092,16287205.7411408,0
58310-06-04 16:00:00,80259.18,80397.19,80042.84,80067.23,272.35375,1777935599999999,21855872.7062284,67690,120.80743,9695412.6709704,0
58310-07-16 08:00:00,80067.22,80067.22,79744.91,79861.01,594.08368,1777939199999999,47443415.4326989,59613,232.30923,18551512.2431341,0
58310-08-27 00:00:00,79861.01,80183.33,79808.72,80170.66,425.73287,1777942799999999,34055867.2181309,74650,267.32348,21383055.7942122,0
58310-10-07 16:00:00,80170.66,80385.06,80080.76,80352.0,530.02962,1777946399999999,42532891.6588289,71006,247.68468,19875184.8963878,0
58310-11-18 08:00:00,80351.99,80900.0,80300.0,80554.68,768.44478,1777949999999999,61954964.5099248,110825,439.02963,35402380.7564524,0
58310-12-30 00:00:00,80554.69,81083.98,80457.93,80893.08,677.93372,1777953599999999,54818614.9724442,121587,423.91096,34281212.9795793,0
58311-02-09 16:00:00,80893.08,80982.59,80725.0,80902.44,528.94138,1777957199999999,42768128.2886916,82146,229.3144,18542714.8480015,0
58311-03-23 08:00:00,80902.44,81323.52,80830.06,80970.0,1011.38606,1777960799999999,81979177.4405009,127042,453.88921,36795753.6596412,0
58311-05-04 00:00:00,80969.99,81016.42,80800.0,80976.0,389.83367,1777964399999999,31533232.4141621,70768,178.59746,14445716.0887292,0
58311-06-14 16:00:00,80976.0,81136.59,80826.0,80855.59,1044.4323,1777967999999999,84592961.089661,96499,441.04582,35721522.9875478,0
58311-07-26 08:00:00,80855.59,80895.5,80723.2,80815.24,474.4579,1777971599999999,38350565.1119542,50838,240.10612,19409114.5937247,0
58311-09-06 00:00:00,80815.24,80815.24,80527.76,80586.02,865.34761,1777975199999999,69783298.7494042,72120,326.93327,26361863.3795952,0
58311-10-17 16:00:00,80586.02,80831.87,80530.82,80823.61,521.10422,1777978799999999,42067489.824925,57062,303.0149,24459329.4835163,0
58311-11-28 08:00:00,80823.61,81095.48,80780.0,81014.05,623.66253,1777982399999999,50474282.6085902,75313,325.24245,26320253.2065217,0
58312-01-09 00:00:00,81014.05,81329.61,80932.54,81279.41,607.82057,1777985999999999,49355303.1428741,100289,326.05034,26476068.1892793,0
58312-02-19 16:00:00,81279.4,81712.32,81196.0,81330.0,1771.4169,1777989599999999,144361352.9460554,229845,997.46093,81294998.9017622,0
58312-04-01 08:00:00,81330.0,81500.0,80939.87,81336.59,1282.91373,1777993199999999,104201089.2470967,225570,664.35075,53979488.168316,0
58312-05-13 00:00:00,81336.59,81689.2,81235.0,81525.19,899.04049,1777996799999999,73311097.6646412,147452,551.08742,44937787.3006831,0
58312-06-23 16:00:00,81525.19,81615.33,81050.04,81285.75,707.45267,1778000399999999,57489542.0042777,124974,236.27333,19206666.1322107,0
58312-08-04 08:00:00,81285.75,81458.26,81185.02,81270.6,280.80669,1778003999999999,22835946.0245999,75241,142.53889,11592764.4635631,0
58312-09-15 00:00:00,81270.61,81599.0,81270.61,81515.0,427.56223,1778007599999999,34840130.8145804,75961,240.75349,19619764.9473797,0
58312-10-26 16:00:00,81515.0,81680.0,81407.58,81606.35,364.63717,1778011199999999,29746413.0566376,71879,209.6166,17100913.8681178,0
58312-12-07 08:00:00,81606.35,81770.0,81510.13,81646.38,724.67261,1778014799999999,59174217.6786367,84797,426.32043,34812715.6831802,0
58313-01-18 00:00:00,81646.39,81791.48,81305.27,81407.11,618.58873,1778018399999999,50465353.7644697,99536,344.94421,28145892.2115545,0
58313-02-28 16:00:00,81407.11,81600.0,80817.72,81111.27,921.88572,1778021999999999,74829036.386462,156448,385.52562,31292476.537912,0
58313-04-11 08:00:00,81111.27,81222.03,80790.0,80905.52,479.07578,1778025599999999,38798072.6133867,89082,227.13538,18392149.8285863,0
58313-05-23 00:00:00,80905.53,81262.28,80731.14,81030.01,876.19915,1778029199999999,70968679.4386151,110959,636.67979,51567109.227159,0
58313-07-03 16:00:00,81030.0,81534.23,80996.0,81439.34,803.82574,1778032799999999,65366448.8333712,103569,580.57502,47213605.0731816,0
58313-08-14 08:00:00,81439.34,81449.04,81047.01,81363.54,621.19491,1778036399999999,50466176.1410706,78385,349.43243,28387965.2594198,0
58313-09-25 00:00:00,81363.54,81760.84,81358.17,81581.69,710.52364,1778039999999999,57939766.423936,109321,415.85632,33911043.2237935,0
58313-11-05 16:00:00,81581.7,81649.99,81270.0,81331.1,575.6413,1778043599999999,46902387.4113849,93124,259.61557,21155394.8062765,0
58313-12-17 08:00:00,81331.1,81360.3,81060.0,81333.0,592.1865,1778047199999999,48102689.9454803,84618,300.16925,24388687.5839213,0
58314-01-28 00:00:00,81333.0,81516.9,81211.34,81476.71,524.1354,1778050799999999,42655704.2149638,70575,248.97453,20261295.1368134,0
58314-03-10 16:00:00,81476.71,81611.0,81307.81,81359.82,608.74333,1778054399999999,49588869.0441816,87612,245.58602,20008180.208651,0
58314-04-21 08:00:00,81359.82,81986.0,81328.68,81945.66,1353.41416,1778057999999999,110643623.9795944,156787,691.64025,56552195.0814155,0
58314-06-02 00:00:00,81945.66,82060.0,81682.7,81997.0,1096.7335,1778061599999999,89833586.8547738,130505,606.07461,49650203.4210255,0
58314-07-13 16:00:00,81997.0,82390.0,81953.25,82290.04,1302.85091,1778065199999999,107072448.783714,140037,751.58567,61769355.1696268,0
58314-08-24 08:00:00,82290.03,82850.0,82261.6,82522.89,1435.93329,1778068799999999,118605240.5147293,156288,835.21483,68985039.5089301,0
58314-10-05 00:00:00,82522.88,82539.33,82164.61,82220.47,820.9281,1778072399999999,67597251.0879828,128547,379.28326,31231484.7655648,0
58314-11-15 16:00:00,82220.47,82220.47,81600.0,81670.89,1247.90169,1778075999999999,102215660.2698548,256327,545.86266,44720782.6564697,0
58314-12-27 08:00:00,81670.9,81980.72,81136.0,81526.73,1615.07708,1778079599999999,131688079.3175765,263483,730.71193,59583706.8722826,0
58315-02-07 00:00:00,81526.74,81823.0,81316.28,81704.25,824.75333,1778083199999999,67297615.6214672,144650,409.78243,33441480.078845,0
58315-03-20 16:00:00,81704.25,81907.51,81431.16,81630.94,983.55485,1778086799999999,80356406.8573912,121435,624.45329,51033688.3191611,0
58315-05-01 08:00:00,81630.94,81709.32,81394.0,81452.63,417.39237,1778090399999999,34026753.1315471,100728,203.79538,16615720.4720723,0
58315-06-12 00:00:00,81452.63,81559.17,81271.06,81353.14,451.84587,1778093999999999,36787845.6110014,92193,207.03293,16858874.579848,0
58315-07-23 16:00:00,81353.15,81522.41,81200.0,81464.87,517.12437,1778097599999999,42074504.4411322,79252,299.7371,24388619.6062953,0
58315-09-03 08:00:00,81464.86,81700.0,81302.35,81427.52,436.46876,1778101199999999,35571219.9242229,74219,233.7136,19051812.7988058,0
58315-10-15 00:00:00,81427.52,81618.77,81294.64,81539.16,310.38464,1778104799999999,25293460.6543093,62102,131.77151,10737321.0208363,0
58315-11-25 16:00:00,81539.16,81540.91,81240.0,81342.39,229.58883,1778108399999999,18678662.4936221,68585,88.99752,7240044.5354436,0
58316-01-06 08:00:00,81342.39,81447.3,81000.0,81447.01,442.37224,1778111999999999,35917543.7653258,81406,200.14215,16255464.824375,0
58316-02-17 00:00:00,81447.01,81490.03,80980.0,81016.96,407.52958,1778115599999999,33092870.0025378,109604,196.48418,15962940.8572432,0
58316-03-29 16:00:00,81016.96,81284.67,80830.23,81167.8,565.39571,1778119199999999,45845040.7095068,130591,262.81584,21317708.6991365,0
58316-05-10 08:00:00,81167.79,81180.74,80883.54,81113.34,749.95215,1778122799999999,60723443.0032292,93990,398.09243,32233788.2668163,0
58316-06-21 00:00:00,81113.35,81113.35,80834.61,80834.91,345.29566,1778126399999999,27957498.6675634,58782,100.25285,8117102.8483475,0
58316-08-01 16:00:00,80834.92,80989.59,80725.09,80979.19,387.82747,1778129999999999,31368135.83755,66132,205.0664,16588380.9476694,0
58316-09-12 08:00:00,80979.19,81172.27,80974.06,81088.0,355.34634,1778133599999999,28812521.9606502,55988,221.61904,17970634.7022638,0
58316-10-24 00:00:00,81088.0,81443.21,80874.41,81438.61,613.68575,1778137199999999,49811553.4820319,85859,353.70806,28723889.9601308,0
58316-12-04 16:00:00,81438.62,81708.32,81390.3,81518.58,681.98013,1778140799999999,55623212.0696069,102529,366.76453,29915879.696885,0
58317-01-15 08:00:00,81518.57,81590.0,81194.74,81231.24,647.38206,1778144399999999,52689795.1720421,93066,256.87282,20906340.1442596,0
58317-02-26 00:00:00,81231.25,81231.25,80852.33,80929.0,659.04219,1778147999999999,53392652.7046613,85501,329.2012,26664133.8043816,0
58317-04-08 16:00:00,80929.0,80997.0,80572.4,80850.75,690.56353,1778151599999999,55803373.3472854,83111,361.24476,29192443.592348,0
58317-05-20 08:00:00,80850.76,81041.15,80786.5,80866.65,367.10915,1778155199999999,29707434.741063,65573,174.23627,14099527.8563818,0
58317-07-01 00:00:00,80866.65,81180.0,80846.87,81162.01,429.19223,1778158799999999,34783045.59708,82974,271.44357,21997729.8660023,0
58317-08-11 16:00:00,81162.0,81162.01,80260.98,80503.68,1211.56578,1778162399999999,97696809.6661784,210688,547.4153,44138665.3588953,0
58317-09-22 08:00:00,80503.69,80685.7,80046.0,80171.38,1538.09475,1778165999999999,123596097.8996839,205689,637.46566,51219323.6328919,0
58317-11-03 00:00:00,80171.37,80271.42,79699.52,79890.63,1647.8103,1778169599999999,131759796.5705609,200568,678.00516,54213366.0541776,0
58317-12-14 16:00:00,79890.0,80020.0,79646.79,79801.08,1424.92395,1778173199999999,113717784.5930728,173107,627.24356,50066286.1412339,0
58318-01-25 08:00:00,79801.08,80135.17,79500.0,80094.52,919.74045,1778176799999999,73395449.1752707,150300,458.56001,36603117.5853785,0
58318-03-08 00:00:00,80094.52,80269.06,80004.4,80200.59,527.27769,1778180399999999,42268659.4042081,113138,226.38453,18146874.8449308,0
58318-04-18 16:00:00,80200.6,80224.0,79934.3,80146.11,443.20216,1778183999999999,35497789.7206518,92695,199.14259,15948166.1824165,0
58318-05-30 08:00:00,80146.77,80371.23,79859.51,79879.99,400.51449,1778187599999999,32088240.5800116,77187,188.88099,15135215.2654017,0
58318-07-11 00:00:00,79880.0,79934.92,79660.0,79735.01,401.75461,1778191199999999,32064986.4665729,69328,174.13049,13897860.3043666,0
58318-08-21 16:00:00,79735.0,79990.0,79582.95,79919.01,495.14556,1778194799999999,39517119.8338729,89161,259.2815,20695301.3258645,0
58318-10-02 08:00:00,79919.0,80068.03,79871.98,80006.0,244.47169,1778198399999999,19553070.8974419,44768,130.83705,10464080.8099077,0
58318-11-13 00:00:00,80006.0,80142.84,79729.72,79831.99,958.06006,1778201999999999,76636658.9620897,67626,559.85461,44801546.158025,0
58318-12-24 16:00:00,79831.98,79900.11,79612.63,79740.01,539.33838,1778205599999999,43021133.112408,60400,259.4241,20693153.5699906,0
58319-02-04 08:00:00,79740.01,79761.61,79316.99,79488.46,1066.54641,1778209199999999,84774005.1984473,121413,463.38946,36837243.5214824,0
58319-03-18 00:00:00,79488.47,79666.66,79181.48,79578.85,529.79179,1778212799999999,42089636.5091253,95701,276.42972,21964317.0483745,0
58319-04-28 16:00:00,79578.84,79748.0,79551.26,79655.23,317.73705,1778216399999999,25310842.8548898,54761,164.65991,13117687.5785956,0
58319-06-09 08:00:00,79655.22,79778.95,79600.0,79600.01,307.79364,1778219999999999,24523168.0379827,45878,141.41529,11266310.7441496,0
58319-07-21 00:00:00,79600.01,79654.0,79411.0,79525.76,792.09671,1778223599999999,62997807.803982,79916,350.63683,27884886.3899207,0
58319-08-31 16:00:00,79525.77,79727.0,79248.58,79682.4,992.93778,1778227199999999,78897553.2149294,117321,516.57722,41058553.8265433,0
58319-10-12 08:00:00,79682.4,79987.27,79666.05,79886.01,628.59636,1778230799999999,50159551.0699193,63160,409.15639,32648497.0586336,0
58319-11-23 00:00:00,79886.0,80061.17,79794.88,79872.72,481.81051,1778234399999999,38509342.927229,57976,214.43244,17138095.6458258,0
58320-01-03 16:00:00,79872.72,80278.92,79788.01,80212.56,650.80764,1778237999999999,52119317.9902974,85293,385.24547,30850750.8861072,0
58320-02-14 08:00:00,80212.55,80340.94,80127.54,80231.22,586.98252,1778241599999999,47098999.4585,83205,336.82887,27026911.9744738,0
58320-03-27 00:00:00,80231.22,80500.0,79966.14,80025.82,831.54339,1778245199999999,66716136.1402844,108134,432.66708,34721327.0135603,0
58320-05-07 16:00:00,80025.81,80095.99,79549.54,79647.8,1091.58342,1778248799999999,87038288.8312259,186990,516.21403,41158258.9163841,0
58320-06-18 08:00:00,79647.81,80441.79,79647.8,80150.97,1005.3745,1778252399999999,80539283.6726126,232352,559.65414,44825159.5302211,0
58320-07-30 00:00:00,80150.97,80200.0,79625.0,80142.14,812.90032,1778255999999999,64987977.3154914,169828,456.57279,36504363.7829757,0
58320-09-09 16:00:00,80142.13,80182.18,79741.3,79802.34,665.763,1778259599999999,53212392.2280763,116614,345.78588,27636505.3255624,0
58320-10-21 08:00:00,79802.35,80261.87,79738.75,80060.0,1502.98426,1778263199999999,120404466.3077734,146947,911.61759,73029401.5894698,0
58320-12-02 00:00:00,80060.0,80299.99,80059.99,80078.4,470.37331,1778266799999999,37726970.1842474,103432,219.33518,17592204.7625954,0
58321-01-12 16:00:00,80078.39,80181.66,79954.54,80179.94,408.77976,1778270399999999,32730381.9530209,73140,183.44725,14690626.6097537,0
58321-02-23 08:00:00,80180.0,80299.93,80089.76,80133.09,330.63666,1778273999999999,26520818.6044115,53789,183.03104,14681448.4229391,0
58321-04-06 00:00:00,80133.08,80264.0,80116.32,80263.99,269.62208,1778277599999999,21622750.5009975,46676,144.24155,11567808.2840185,0
58321-05-17 16:00:00,80264.0,80409.09,80238.42,80262.0,318.15524,1778281199999999,25555757.0163684,52351,170.58861,13703395.38703,0
58321-06-28 08:00:00,80262.0,80299.27,80111.02,80193.17,441.0953,1778284799999999,35372805.5229522,42469,127.18109,10201582.1658318,0
58321-08-09 00:00:00,80193.18,80240.87,80129.85,80238.76,206.53644,1778288399999999,16561246.0120294,38749,106.31422,8525158.4007721,0
58321-09-19 16:00:00,80238.75,80446.58,80217.46,80327.75,266.81337,1778291999999999,21435793.4595602,44427,175.29066,14083198.1637051,0
58321-10-31 08:00:00,80327.75,80477.47,80327.75,80417.87,231.63268,1778295599999999,18626864.2759484,46355,133.74844,10754998.8731872,0
58321-12-12 00:00:00,80417.88,80550.67,80307.76,80383.95,388.12699,1778299199999999,31214117.3835377,40049,202.59974,16294587.6987004,0
58322-01-22 16:00:00,80383.96,80666.66,80373.55,80379.9,404.43634,1778302799999999,32558245.0502436,58360,226.70164,18252200.7665329,0
58322-03-05 08:00:00,80379.9,80480.49,80343.0,80379.49,360.73513,1778306399999999,29001792.2405959,38150,177.5589,14275775.0921696,0
58322-04-16 00:00:00,80379.5,80428.01,80201.6,80263.92,270.37474,1778309999999999,21710521.8805569,43777,138.35767,11110357.7663115,0
58322-05-27 16:00:00,80263.93,80309.05,80135.0,80228.89,445.94164,1778313599999999,35772648.7510821,38220,210.23672,16866843.1966692,0
58322-07-08 08:00:00,80228.88,80452.44,80220.0,80407.12,297.06841,1778317199999999,23882258.0085007,32167,174.53861,14030278.427855,0
58322-08-19 00:00:00,80407.12,80415.83,80214.0,80242.53,211.41081,1778320799999999,16972602.0151138,31591,98.00903,7868270.8742899,0
58322-09-29 16:00:00,80242.54,80346.94,80166.26,80264.02,234.54075,1778324399999999,18818878.398538,30009,118.85537,9536414.0969256,0
58322-11-10 08:00:00,80264.01,80366.07,80256.95,80345.46,266.71827,1778327999999999,21423368.078652,23343,172.75278,13875178.8359695,0
58322-12-22 00:00:00,80345.47,80416.21,80274.03,80397.97,357.45715,1778331599999999,28722681.1226735,32144,245.65837,19738723.19284,0
58323-02-01 16:00:00,80397.97,80422.0,80318.7,80391.18,341.73909,1778335199999999,27466352.8819646,32401,220.35946,17710951.3665458,0
58323-03-15 08:00:00,80391.18,80426.9,80254.71,80332.22,322.24573,1778338799999999,25883852.0312398,43576,175.29005,14079640.5211177,0
58323-04-26 00:00:00,80332.23,80600.0,80234.0,80527.92,418.47876,1778342399999999,33656956.9251338,57952,261.99258,21072147.2644558,0
58323-06-06 16:00:00,80527.92,80777.0,80487.4,80625.01,546.55445,1778345999999999,44070919.9347547,74885,294.62718,23756489.3907672,0
58323-07-18 08:00:00,80625.0,80928.56,80625.0,80812.7,430.13867,1778349599999999,34753469.1654025,63613,214.07245,17294645.6243555,0
58323-08-29 00:00:00,80812.69,81080.0,80787.39,80907.65,339.35386,1778353199999999,27467377.3678934,50106,206.38485,16704650.5975292,0
58323-10-09 16:00:00,80907.66,80958.0,80776.99,80938.53,217.80867,1778356799999999,17614551.4714784,39052,103.01271,8331788.6054521,0
58323-11-20 08:00:00,80938.53,80938.53,80744.98,80805.5,144.14004,1778360399999999,11648951.7463869,30610,52.99293,4282457.4221949,0
58324-01-01 00:00:00,80805.51,80896.0,80744.98,80780.83,149.85415,1778363999999999,12108739.99185,33300,57.15052,4618159.030661,0
58324-02-11 16:00:00,80780.83,80823.24,80670.01,80782.38,199.54802,1778367599999999,16114672.3733025,41222,116.54019,9411548.4979391,0
58324-03-24 08:00:00,80782.38,80850.0,80621.88,80678.4,496.76761,1778371199999999,40109365.4199813,38315,149.68059,12080076.6185589,0
58324-05-05 00:00:00,80678.41,80770.51,80610.64,80680.04,346.27712,1778374799999999,27938364.7570953,45375,173.73053,14017391.478943,0
58324-06-15 16:00:00,80680.03,80690.73,80572.77,80685.56,410.62072,1778378399999999,33105508.2426113,43216,210.6557,16983738.9022497,0
58324-07-27 08:00:00,80685.55,80790.0,80611.0,80777.42,290.59888,1778381999999999,23451635.2167937,33816,156.10614,12599906.0893828,0
58324-09-07 00:00:00,80777.42,80887.15,80709.59,80775.0,284.77121,1778385599999999,23007404.0488843,32583,148.7599,12018844.7096753,0
58324-10-18 16:00:00,80774.99,80840.0,80722.78,80759.93,253.45188,1778389199999999,20473639.975586,33078,133.49396,10784627.2239845,0
58324-11-29 08:00:00,80759.93,80816.52,80682.0,80700.77,372.73913,1778392799999999,30101404.0920063,35968,170.23394,13747989.5624379,0
58325-01-10 00:00:00,80700.76,80753.04,80658.97,80733.75,211.5502,1778396399999999,17073438.6840972,35863,105.63749,8525620.491646,0
58325-02-20 16:00:00,80733.75,80827.14,80720.1,80736.03,400.67517,1778399999999999,32362774.35034,32285,230.74152,18637934.3297737,0
58325-04-03 08:00:00,80736.03,80909.65,80715.33,80830.33,252.36808,1778403599999999,20396915.0055845,35473,145.09957,11728683.4192189,0
58325-05-15 00:00:00,80830.34,80913.8,80756.53,80807.96,237.31778,1778407199999999,19181961.0173351,33556,113.55076,9177620.3554491,0
58325-06-25 16:00:00,80807.95,80883.48,80691.0,80873.79,279.49023,1778410799999999,22578671.5416903,40473,135.90842,10979220.512713,0
58325-08-06 08:00:00,80873.8,80975.4,80750.0,80821.21,339.53296,1778414399999999,27455513.6288291,42009,187.17359,15137653.0061353,0
58325-09-17 00:00:00,80821.21,80950.0,80784.2,80927.72,235.68491,1778417999999999,19065459.4387559,39859,115.06068,9307463.0175561,0
58325-10-28 16:00:00,80927.71,81000.01,80865.44,80971.67,254.25083,1778421599999999,20582051.9712769,45884,126.30231,10224740.0564178,0
58325-12-09 08:00:00,80971.66,80999.36,80816.22,80990.11,372.4586,1778425199999999,30145354.8445561,50898,184.80407,14958018.8042838,0
58326-01-20 00:00:00,80990.11,81442.81,80936.0,81418.01,780.28503,1778428799999999,63335108.1105378,112364,461.56052,37469591.8014999,0
58326-03-02 16:00:00,81418.01,81500.0,81200.0,81378.25,595.22707,1778432399999999,48432813.6804772,86414,302.54564,24617555.7546173,0
58326-04-13 08:00:00,81378.25,81583.11,81220.0,81476.18,599.74468,1778435999999999,48816561.8739407,90133,362.0081,29467086.8248334,0
58326-05-25 00:00:00,81476.18,81493.11,81231.14,81271.96,268.90805,1778439599999999,21879421.4964417,52194,113.41922,9228321.3995593,0
58326-07-05 16:00:00,81271.96,81481.92,81148.0,81437.83,334.34752,1778443199999999,27205027.8264855,55929,187.712,15277948.881631,0
58326-08-16 08:00:00,81437.83,81459.66,80279.77,80734.88,1021.73969,1778446799999999,82566209.4407914,188726,406.44396,32849770.6540403,0
58326-09-27 00:00:00,80734.88,80944.44,80571.97,80720.47,691.73163,1778450399999999,55893676.4791432,119158,378.92038,30619793.1012552,0
58326-11-07 16:00:00,80720.47,82171.96,80666.66,82044.49,1804.86462,1778453999999999,147314931.1519242,310109,1125.50849,91851743.3277902,0
58326-12-19 08:00:00,82044.49,82479.32,82044.49,82210.07,1395.68283,1778457599999999,114859867.3882908,206245,720.51971,59293927.810043,0
58327-01-30 00:00:00,82210.07,82380.0,81280.0,81471.13,1294.00066,1778461199999999,105810972.444801,209298,609.1402,49827487.7977234,0
58327-03-12 16:00:00,81471.13,81744.85,81291.23,81501.72,495.92379,1778464799999999,40425195.0910495,141118,301.07378,24541297.3364058,0
58327-04-23 08:00:00,81501.73,81572.4,81117.64,81169.08,491.97068,1778468399999999,39984280.4842264,120235,225.53058,18327664.7109514,0
58327-06-04 00:00:00,81169.09,81188.97,80525.0,80736.01,857.95581,1778471999999999,69259137.0321585,144136,323.77803,26131221.0646432,0
58327-07-15 16:00:00,80736.0,80879.12,80639.99,80824.61,378.47076,1778475599999999,30553280.4974916,65543,182.23515,14715193.630477,0
58327-08-26 08:00:00,80824.61,80981.8,80761.73,80832.33,423.68877,1778479199999999,34257094.7538248,57249,175.76638,14212578.9900141,0
58327-10-07 00:00:00,80832.34,81049.51,80762.0,80822.86,296.00491,1778482799999999,23941029.9513342,59178,96.09492,7773687.3388569,0
58327-11-17 16:00:00,80822.86,80840.3,80663.11,80740.4,496.93812,1778486399999999,40129617.3839453,62219,187.50471,15142292.7170789,0
58327-12-29 08:00:00,80740.4,80863.42,80621.87,80767.97,463.92135,1778489999999999,37470322.1342501,67535,245.17124,19804181.6973093,0
58328-02-09 00:00:00,80767.97,80997.63,80758.3,80966.57,330.83757,1778493599999999,26767184.0894726,52736,155.42614,12575272.1810767,0
58328-03-21 16:00:00,80966.58,81200.0,80940.0,80940.0,488.26383,1778497199999999,39586282.883327,84856,214.47815,17389290.4494899,0
58328-05-02 08:00:00,80940.0,81196.95,80900.0,81196.94,356.37085,1778500799999999,28896558.0877311,66506,203.93318,16535728.562859,0
58328-06-13 00:00:00,81196.95,81356.46,81029.77,81054.65,485.8963,1778504399999999,39445901.8788231,106655,229.99217,18673959.119587,0
58328-07-24 16:00:00,81054.65,81332.29,80739.63,81072.0,767.39683,1778507999999999,62199096.1890349,180484,368.45322,29872968.7784561,0
58328-09-04 08:00:00,81072.01,81252.72,80462.97,80953.38,767.64104,1778511599999999,62029026.9408749,207388,351.54572,28414899.3843417,0
58328-10-16 00:00:00,80953.39,81458.0,80826.02,81445.9,647.30001,1778515199999999,52569627.7202375,155632,333.73943,27108281.2647853,0
58328-11-26 16:00:00,81445.89,81910.35,81344.72,81575.85,1113.46844,1778518799999999,90990645.9999455,177209,542.31597,44316450.6036537,0
58329-01-07 08:00:00,81575.84,82071.77,81369.42,81941.09,565.28919,1778522399999999,46241223.333616,130148,305.81772,25019883.9325703,0
58329-02-18 00:00:00,81941.09,82137.26,81836.15,81858.96,536.09834,1778525999999999,43957377.7758287,122807,272.30038,22328838.2317311,0
58329-03-31 16:00:00,81858.97,82091.11,81739.09,81961.99,458.6097,1778529599999999,37583434.9264652,99644,269.40848,22079528.3067489,0
58329-05-12 08:00:00,81961.99,82078.91,81758.5,81821.02,322.40099,1778533199999999,26415221.3273486,80962,149.79591,12273711.2577993,0
58329-06-23 00:00:00,81821.03,81906.35,81600.0,81821.18,268.82965,1778536799999999,21974056.1595074,71491,110.48953,9031062.5626213,0
58329-08-03 16:00:00,81821.18,81969.99,81729.99,81833.92,366.43361,1778540399999999,29984455.3474919,65303,159.00347,13010273.7167149,0
58329-09-14 08:00:00,81833.92,81833.92,81596.31,81745.65,278.04936,1778543999999999,22722648.4429698,48064,119.37903,9755165.8605085,0
58329-10-26 00:00:00,81745.66,81788.0,81478.75,81545.2,419.66559,1778547599999999,34237174.1454403,80560,186.9045,15247191.2323274,0
58329-12-06 16:00:00,81545.2,81615.67,80714.28,81199.18,866.00547,1778551199999999,70232184.6697516,171646,353.47113,28669785.8095748,0
58330-01-17 08:00:00,81199.18,81332.29,81087.63,81249.93,386.77691,1778554799999999,31406837.7854111,75315,197.65791,16052703.5354808,0
58330-02-28 00:00:00,81249.93,81294.42,81024.41,81058.8,187.87319,1778558399999999,15248041.3497108,60524,83.9267,6811571.3952978,0
58330-04-10 16:00:00,81058.79,81303.99,81000.0,81240.01,398.28206,1778561999999999,32329942.9890934,57096,216.44555,17572554.3526147,0
58330-05-22 08:00:00,81240.01,81305.24,81181.56,81224.03,329.93857,1778565599999999,26808069.4674166,54329,122.72438,9972184.7467503,0
58330-07-03 00:00:00,81224.04,81300.0,81010.01,81022.44,448.36294,1778569199999999,36392772.1674836,63088,177.76663,14431197.3528589,0
58330-08-13 16:00:00,81022.44,81137.27,80800.77,80865.4,603.31882,1778572799999999,48850496.9499929,94155,311.65295,25235476.2021838,0
58330-09-24 08:00:00,80865.4,80964.13,80760.53,80843.31,478.61372,1778576399999999,38709434.5877854,71518,284.26296,22991421.7256,0
58330-11-05 00:00:00,80843.3,80963.35,80720.0,80837.15,506.71585,1778579999999999,40964908.7516419,75137,296.60545,23981460.010573,0
58330-12-16 16:00:00,80837.15,80848.27,80601.27,80666.37,487.71377,1778583599999999,39370519.0344323,71502,232.10931,18738023.6749545,0
58331-01-27 08:00:00,80666.38,80785.38,80496.57,80784.87,500.02112,1778587199999999,40317804.1344314,76762,270.91562,21848346.2947369,0
58331-03-10 00:00:00,80784.86,80999.0,80619.19,80881.26,585.87948,1778590799999999,47353845.2866338,130158,316.47156,25579664.3354719,0
58331-04-20 16:00:00,80881.25,80928.26,80397.07,80466.91,795.94705,1778594399999999,64237911.8122357,174593,356.30691,28760568.6376434,0
58331-06-01 08:00:00,80466.91,80888.01,80397.88,80540.0,865.59094,1778597999999999,69783490.2307086,215218,450.10736,36291308.7295879,0
58331-07-13 00:00:00,80540.0,80676.78,80188.65,80336.01,958.32005,1778601599999999,77034621.1365757,190809,340.77844,27399924.6577859,0
58331-08-23 16:00:00,80336.01,80435.99,79843.59,80000.01,1473.4545,1778605199999999,118151504.7711914,170555,450.73529,36142564.3611915,0
58331-10-04 08:00:00,80000.01,80593.06,79951.05,80527.69,486.64257,1778608799999999,39093638.2185861,122455,292.17523,23466930.4643274,0
58331-11-15 00:00:00,80527.69,80763.81,80430.0,80679.12,367.3581,1778612399999999,29601094.3825639,89346,183.69261,14802531.5755863,0
58331-12-26 16:00:00,80679.11,80874.42,80679.11,80834.64,346.22158,1778615999999999,27967842.0292384,71477,167.84197,13558721.9307813,0
58332-02-06 08:00:00,80835.3,80896.25,80642.85,80696.87,292.49967,1778619599999999,23632767.922002,60010,161.48753,13050279.1291826,0
58332-03-19 00:00:00,80696.87,80738.0,80497.0,80587.44,202.53849,1778623199999999,16328208.4181601,56092,103.97119,8381793.9924019,0
58332-04-29 16:00:00,80587.45,80791.94,80587.45,80656.43,151.10909,1778626799999999,12191877.7538317,58382,68.03065,5488485.0410069,0
58332-06-10 08:00:00,80656.44,80714.0,80439.91,80504.47,247.40723,1778630399999999,19935179.4463583,54410,90.16202,7265150.8988809,0
58332-07-22 00:00:00,80504.47,80768.95,80412.15,80718.0,230.81443,1778633999999999,18606486.0787889,91105,117.30563,9457393.6330895,0
58332-09-01 16:00:00,80718.0,81195.69,80683.12,81006.0,633.76198,1778637599999999,51363104.9215102,121813,366.14063,29668968.4948346,0
58332-10-13 08:00:00,81005.99,81281.66,80934.69,81050.0,333.93602,1778641199999999,27073363.9935471,69413,152.40773,12357481.5179,0
58332-11-24 00:00:00,81050.0,81299.99,80976.27,81249.99,377.40594,1778644799999999,30613275.6789892,51901,230.85099,18724373.9876267,0
58333-01-04 16:00:00,81249.99,81281.07,81124.87,81231.96,253.70329,1778648399999999,20602047.1102783,48875,141.02626,11452737.2162562,0
58333-02-15 08:00:00,81231.96,81247.22,80999.99,81019.99,266.87053,1778651999999999,21644839.4734514,42837,90.22959,7318863.5401967,0
58333-03-29 00:00:00,81020.0,81160.36,80972.94,80980.05,499.1653,1778655599999999,40461583.0991523,54498,175.15169,14199285.1063131,0
58333-05-09 16:00:00,80980.06,81049.01,80889.12,81026.92,476.02435,1778659199999999,38536754.0801906,52484,226.17505,18312551.6699827,0
58333-06-20 08:00:00,81026.92,81200.0,80943.63,81196.57,372.92514,1778662799999999,30238042.9781081,68614,212.84302,17258055.4857973,0
58333-08-01 00:00:00,81196.57,81324.64,81137.77,81291.38,435.50222,1778666399999999,35384048.8549718,64102,216.45964,17587852.9843169,0
58333-09-11 16:00:00,81291.37,81298.5,80809.01,80809.01,364.76288,1778669999999999,29553001.6048504,71918,152.29299,12335280.9775136,0
58333-10-23 08:00:00,80809.01,80843.87,80494.98,80501.22,668.09274,1778673599999999,53867443.4956381,101546,301.40355,24302140.7539968,0
58333-12-04 00:00:00,80501.22,80592.65,79852.0,80202.78,1194.36751,1778677199999999,95781621.7030989,196730,556.80148,44656397.1586366,0
58334-01-14 16:00:00,80202.78,80345.45,79576.47,79656.01,1205.27854,1778680799999999,96298956.6206803,214865,570.37969,45578644.5151687,0
58334-02-25 08:00:00,79656.01,79898.0,79481.56,79756.01,942.38578,1778684399999999,75108253.8739865,172164,449.47225,35832881.6362745,0
58334-04-08 00:00:00,79756.02,79856.08,78807.22,78827.21,1731.43058,1778687999999999,137204913.078348,220114,658.77297,52221171.4474261,0
58334-05-19 16:00:00,78827.21,79222.22,78754.65,79108.39,1522.11383,1778691599999999,120176827.8177289,181918,681.84664,53844554.0947387,0
58334-06-30 08:00:00,79108.39,79556.36,79100.0,79514.97,611.40519,1778695199999999,48490117.927458,92102,326.2825,25875651.610649,0
58334-08-11 00:00:00,79514.97,79800.0,79514.97,79598.15,747.58594,1778698799999999,59574410.7972167,103014,453.40822,36134070.4981778,0
58334-09-21 16:00:00,79598.15,79646.29,79400.0,79642.41,463.49581,1778702399999999,36860911.5275944,78120,261.75375,20818894.8056501,0
58334-11-02 08:00:00,79642.41,79760.0,79622.7,79698.95,225.22286,1778705999999999,17946408.1773808,49988,147.33768,11740073.1966629,0
58334-12-14 00:00:00,79698.95,79705.73,79340.39,79398.54,418.00056,1778709599999999,33219202.3430505,67406,222.81955,17707559.5910195,0
58335-01-24 16:00:00,79398.54,79470.0,79228.0,79428.46,338.28664,1778713199999999,26845331.788562,71621,183.22455,14540676.2228762,0
58335-03-07 08:00:00,79428.46,79499.01,79233.83,79313.61,497.51837,1778716799999999,39478895.8442422,63422,267.25577,21204436.6890908,0
58335-04-18 00:00:00,79313.61,79681.73,79308.0,79580.0,443.66772,1778720399999999,35278540.1395545,80912,308.86743,24558123.8638328,0
58335-05-29 16:00:00,79580.0,79681.73,79409.42,79604.6,369.48629,1778723999999999,29403676.3458954,78900,205.05917,16318599.6295761,0
58335-07-10 08:00:00,79604.61,79676.11,79222.22,79370.24,684.03959,1778727599999999,54437936.6490468,84024,301.00902,23957064.5935722,0
58335-08-21 00:00:00,79370.24,79460.0,78922.0,79044.85,712.36112,1778731199999999,56419945.6467915,153490,310.16831,24574333.3456604,0
58335-10-01 16:00:00,79044.86,79474.41,78982.06,79451.63,437.35487,1778734799999999,34678525.5034308,74853,288.30964,22862608.2297688,0
58335-11-12 08:00:00,79451.62,79998.0,79359.49,79809.16,850.16622,1778738399999999,67714774.1526329,103063,458.09043,36496834.4944338,0
58335-12-24 00:00:00,79809.15,79953.35,79769.12,79804.71,301.13354,1778741999999999,24047929.7152209,63253,139.96864,11178614.2136617,0
58336-02-03 16:00:00,79804.72,79937.59,79702.05,79745.98,480.32483,1778745599999999,38349620.3578426,67783,221.98095,17726166.9486009,0
58336-03-16 08:00:00,79745.99,79936.98,79644.44,79821.56,652.77033,1778749199999999,52099204.8884906,84347,354.31996,28280644.3233393,0
58336-04-27 00:00:00,79821.55,79905.99,79569.81,79635.52,445.75367,1778752799999999,35535609.5007779,62776,197.11447,15715209.4251961,0
58336-06-07 16:00:00,79635.53,79756.98,79409.42,79570.01,384.95969,1778756399999999,30645095.9161374,73315,182.66127,14542942.3799984,0
58336-07-19 08:00:00,79570.01,79600.0,79234.0,79258.27,362.97846,1778759999999999,28814110.0706889,68466,162.93794,12933488.5766332,0
58336-08-30 00:00:00,79258.27,79775.02,79230.31,79767.11,526.41242,1778763599999999,41855480.8717399,89322,330.25699,26259805.6616382,0
58336-10-10 16:00:00,79767.1,80059.71,79670.88,79701.73,1000.54213,1778767199999999,79926514.0809476,205407,522.53807,41747296.4705554,0
58336-11-21 08:00:00,79701.73,81020.0,79561.52,80964.85,1882.78042,1778770799999999,151434781.95098,307144,1058.12283,85070029.1025316,0
58337-01-02 00:00:00,80964.84,81332.23,80816.08,81301.23,2292.36231,1778774399999999,185816971.1588832,266567,1356.32872,109973609.4546063,0
58337-02-12 16:00:00,81301.22,81904.44,81080.25,81888.4,2732.81932,1778777999999999,222638527.8465234,351316,1740.19287,141794163.6607944,0
58337-03-26 08:00:00,81888.4,82048.13,81271.0,81668.48,1967.47911,1778781599999999,160760567.5346829,295375,1097.22886,89701149.1441162,0
58337-05-07 00:00:00,81668.49,81949.15,81440.38,81581.99,1012.7972,1778785199999999,82758482.4253424,163151,568.52333,46465979.4433809,0
58337-06-17 16:00:00,81582.0,81718.73,81330.12,81419.74,566.84044,1778788799999999,46191505.049581,137675,286.00897,23307091.6837749,0
58337-07-29 08:00:00,81419.75,81590.19,81166.22,81412.04,471.62836,1778792399999999,38371322.5030413,104948,259.67907,21132304.6781167,0
58337-09-09 00:00:00,81412.05,81526.08,81268.38,81396.61,292.07185,1778795999999999,23777295.9205538,68678,150.92421,12286370.594984,0
58337-10-20 16:00:00,81396.61,81559.71,81335.48,81456.0,322.84736,1778799599999999,26301613.7747878,55802,114.97412,9365040.0628054,0
58337-12-01 08:00:00,81456.0,81456.0,81059.93,81089.99,534.29082,1778803199999999,43398443.0152235,60479,134.94248,10957989.8531166,0
58338-01-12 00:00:00,81090.0,81664.45,81068.52,81518.67,578.5498,1778806799999999,47115389.1311064,134018,307.53591,25041511.7421517,0
58338-02-22 16:00:00,81518.66,81612.73,81106.2,81131.01,538.82284,1778810399999999,43884485.1246693,149647,273.66942,22293404.7816851,0
58338-04-05 08:00:00,81131.0,81350.0,80750.0,81299.14,829.4016,1778813999999999,67209227.2763639,181523,470.67179,38152205.2614503,0
58338-05-17 00:00:00,81299.14,81340.81,80930.82,81059.15,506.95135,1778817599999999,41122151.7438253,108329,229.07498,18588088.8805844,0
58338-06-27 16:00:00,81059.15,81100.0,80709.09,80724.71,367.57246,1778821199999999,29752838.1892509,80398,109.34756,8850253.1172773,0
58338-08-08 08:00:00,80724.71,80882.45,80314.0,80360.01,1029.21412,1778824799999999,82885459.9880031,165592,434.4465,34985494.0830424,0
58338-09-19 00:00:00,80360.01,80644.5,80314.01,80580.0,815.53271,1778828399999999,65637509.1714884,112700,423.67993,34108052.7144483,0
58338-10-30 16:00:00,80580.0,81003.37,80559.88,80814.88,878.78211,1778831999999999,71005396.835097,107092,567.19828,45825645.5789247,0
58338-12-11 08:00:00,80814.88,80822.95,80415.84,80638.0,538.63644,1778835599999999,43432901.0063637,101514,279.25397,22521292.4130053,0
58339-01-22 00:00:00,80638.0,80670.51,80369.0,80489.8,471.66166,1778839199999999,37968205.0864108,85279,221.7574,17854190.8632189,0
58339-03-04 16:00:00,80489.81,80776.33,80407.6,80716.23,444.96934,1778842799999999,35855602.6139303,87809,256.37664,20655589.0176003,0
58339-04-15 08:00:00,80716.22,80750.56,80590.08,80628.53,250.99223,1778846399999999,20242200.1410531,58288,120.79326,9741449.033374,0
58339-05-27 00:00:00,80628.52,80635.44,80340.83,80385.11,535.00082,1778849999999999,43054726.5465231,93043,278.72922,22430282.7840125,0
58339-07-07 16:00:00,80385.1,80385.11,78698.69,78758.59,3101.88518,1778853599999999,246415084.7994464,455882,1467.66914,116635572.3372949,0
58339-08-18 08:00:00,78758.59,79353.32,78659.0,79150.37,1965.21031,1778857199999999,155356231.3724261,384645,866.88211,68547766.3042544,0
58339-09-29 00:00:00,79150.36,79369.36,79013.81,79150.27,606.4731,1778860799999999,48024718.948651,179829,275.78657,21840147.9151793,0
58339-11-09 16:00:00,79150.26,79382.3,79131.01,79294.31,514.78679,1778864399999999,40791705.4313792,135622,219.36441,17382763.7356445,0
58339-12-21 08:00:00,79294.31,79504.83,79224.0,79460.0,478.80422,1778867999999999,38002781.4793883,106352,204.16642,16205016.3384069,0
58340-02-01 00:00:00,79460.0,79561.94,79170.47,79284.0,544.01093,1778871599999999,43159787.2386719,126000,185.31158,14701059.8858126,0
58340-03-13 16:00:00,79284.01,79290.0,79051.0,79146.5,421.75884,1778875199999999,33377816.3129792,103925,165.11343,13067095.3282043,0
58340-04-24 08:00:00,79146.5,79217.07,79000.0,79123.12,224.44355,1778878799999999,17758327.6420603,66660,85.017,6726784.3791046,0
58340-06-05 00:00:00,79123.13,79200.0,78911.42,78973.5,682.32127,1778882399999999,53983152.8803235,71661,347.44044,27490866.6487091,0
58340-07-16 16:00:00,78973.5,79145.44,78973.49,79107.38,347.86808,1778885999999999,27507980.6407504,46035,178.7555,14134932.8900606,0
58340-08-27 08:00:00,79107.38,79161.86,79077.96,79113.21,677.62104,1778889599999999,53608994.7687066,42271,365.13699,28886567.8825495,0
58340-10-08 00:00:00,79113.2,79227.77,79075.09,79111.92,314.0124,1778893199999999,24859118.0651999,40385,161.21693,12762625.404272,0
58340-11-18 16:00:00,79111.92,79186.05,79010.0,79168.0,357.20294,1778896799999999,28255996.4500658,53095,176.51261,13963898.2508062,0
58340-12-30 08:00:00,79168.0,79211.77,79080.1,79155.54,208.30505,1778900399999999,16486370.5460379,45575,98.92205,7829455.8419762,0
58341-02-10 00:00:00,79155.55,79187.71,79059.77,79083.18,368.66241,1778903999999999,29180664.8168698,33837,172.6864,13668503.6621372,0
58341-03-23 16:00:00,79083.19,79129.71,78860.0,79035.26,321.76822,1778907599999999,25426625.1386811,54989,131.83967,10420369.0275136,0
58341-05-04 08:00:00,79035.25,79039.49,78933.63,79027.37,183.05543,1778911199999999,14462418.9512317,37192,96.68237,7638233.8458715,0
58341-06-15 00:00:00,79027.36,79047.94,78459.87,78648.0,632.26156,1778914799999999,49776098.8992497,96343,217.69857,17141832.8554081,0
58341-07-26 16:00:00,78648.0,78651.63,78066.0,78369.77,1267.74437,1778918399999999,99339534.9962254,179779,592.63271,46448788.8150093,0
58341-09-06 08:00:00,78369.78,78530.52,78334.21,78426.56,379.04319,1778921999999999,29727192.57455,59519,208.15603,16325325.7043067,0
58341-10-18 00:00:00,78426.55,78440.81,77906.1,78083.48,1104.4311,1778925599999999,86256129.2924353,166456,420.34905,32830404.0370506,0
58341-11-28 16:00:00,78083.47,78101.43,77640.0,77960.0,1759.70594,1778929199999999,137039456.3498661,178080,584.92361,45549245.497397,0
58342-01-09 08:00:00,77959.99,78193.88,77959.99,78081.71,602.9198,1778932799999999,47085567.6465381,61191,291.30287,22752187.4008867,0
58342-02-20 00:00:00,78080.46,78133.38,77918.62,78007.23,791.53177,1778936399999999,61774657.241827,62131,460.43254,35933759.8437719,0
58342-04-02 16:00:00,78007.24,78014.6,77833.4,78014.6,830.86287,1778939999999999,64749332.5101838,67260,509.26978,39687979.2058134,0
58342-05-14 08:00:00,78014.6,78346.0,77895.2,78130.55,729.04785,1778943599999999,56907723.6158008,88253,453.325,35382383.5248881,0
58342-06-25 00:00:00,78130.55,78285.0,78078.22,78238.67,332.91477,1778947199999999,26026836.2998008,59644,182.57287,14273685.4318706,0
58342-08-05 16:00:00,78238.68,78364.65,78119.72,78205.96,328.10255,1778950799999999,25669848.2305783,66610,164.75854,12891883.9981407,0
58342-09-16 08:00:00,78205.96,78320.41,78199.0,78201.5,350.20669,1778954399999999,27411424.1699479,43734,165.01435,12916677.511658,0
58342-10-28 00:00:00,78201.5,78327.75,78142.99,78229.81,310.63405,1778957999999999,24296351.0766688,39812,124.66861,9752240.9022254,0
58342-12-08 16:00:00,78229.82,78314.69,78204.22,78259.66,271.10252,1778961599999999,21220623.1417996,32869,208.78715,16343315.769902,0
58343-01-19 08:00:00,78259.67,78318.94,78201.42,78261.0,194.3429,1778965199999999,15210842.1021951,30038,105.80844,8281563.1919868,0
58343-03-02 00:00:00,78261.0,78308.33,78206.85,78265.73,237.27188,1778968799999999,18570616.5924626,32471,146.28791,11449939.8194136,0
58343-04-12 16:00:00,78265.73,78279.28,78171.02,78186.25,128.79242,1778972399999999,10074259.8219831,33453,55.50916,4342067.331254,0
58343-05-24 08:00:00,78186.25,78267.46,78125.32,78148.05,128.93924,1778975999999999,10082968.1286524,34945,46.95416,3671822.5617885,0
58343-07-05 00:00:00,78148.05,78243.19,77812.0,77945.85,311.59646,1778979599999999,24321558.3152455,60228,86.68868,6769328.7898213,0
58343-08-15 16:00:00,77945.85,78114.0,77721.19,77725.71,516.53667,1778983199999999,40235542.0633642,104058,198.219,15441295.2751936,0
58343-09-26 08:00:00,77725.72,77938.0,77725.71,77895.51,256.64293,1778986799999999,19984815.5756637,56785,150.4138,11711736.4766628,0
58343-11-07 00:00:00,77895.5,78079.3,77888.0,78028.88,200.15322,1778990399999999,15611466.4268215,38416,103.0662,8038870.8078295,0
58343-12-18 16:00:00,78028.88,78203.93,78003.35,78158.09,375.99093,1778993999999999,29377929.4922603,40924,219.59695,17157906.2343383,0
58344-01-29 08:00:00,78158.08,78323.96,78102.42,78121.41,258.98839,1778997599999999,20250830.3015424,35295,126.91898,9925663.3231053,0
58344-03-11 00:00:00,78121.41,78204.01,78017.0,78104.8,136.86954,1779001199999999,10690320.4047192,30420,62.43902,4877140.5273237,0
58344-04-21 16:00:00,78104.79,78208.69,78053.79,78180.01,180.24659,1779004799999999,14083802.606048,33257,95.26164,7443690.747412,0
58344-06-02 08:00:00,78180.0,78200.91,78033.01,78089.8,117.37418,1779008399999999,9167507.3184355,30308,46.91302,3663982.2709239,0
58344-07-14 00:00:00,78089.8,78293.97,78073.52,78249.33,196.43485,1779011999999999,15350723.6525897,33341,109.98337,8595502.9087421,0
58344-08-24 16:00:00,78249.33,78599.99,78249.03,78465.99,564.92985,1779015599999999,44316620.9476285,89164,328.99301,25805948.0895642,0
58344-10-05 08:00:00,78465.99,78473.82,78289.0,78415.99,257.4445,1779019199999999,20181943.0113538,56126,109.91821,8616100.4530779,0
58344-11-16 00:00:00,78415.99,78550.0,78333.8,78364.83,254.43689,1779022799999999,19956514.212671,48851,124.40752,9758239.0132793,0
58344-12-27 16:00:00,78364.83,78364.83,78173.15,78202.91,260.27625,1779026399999999,20369850.8752517,52075,68.48755,5359817.627231,0
58345-02-07 08:00:00,78202.91,78217.33,77850.0,78051.51,397.56893,1779029999999999,31022076.6499171,87291,140.53134,10964774.4879091,0
58345-03-21 00:00:00,78051.51,78119.42,77920.76,78051.41,203.63392,1779033599999999,15890313.2377839,53234,94.65518,7386459.8364567,0
58345-05-01 16:00:00,78051.42,78193.66,78025.23,78034.36,142.87987,1779037199999999,11159950.6967552,43198,71.71267,5601363.2692153,0
58345-06-12 08:00:00,78034.37,78092.44,77856.69,78089.98,296.4389,1779040799999999,23114462.3220228,65457,164.77445,12849445.8368191,0
58345-07-24 00:00:00,78089.99,78271.59,78014.33,78268.05,172.43416,1779044399999999,13477316.9331785,53543,87.02962,6803676.6765022,0
58345-09-03 16:00:00,78268.04,78468.46,78209.96,78415.3,225.32283,1779047999999999,17646961.5876119,50245,127.98812,10024592.4151587,0
58345-10-15 08:00:00,78415.29,78435.32,78248.8,78277.36,205.39109,1779051599999999,16083638.9996239,39153,94.80878,7423967.0359181,0
58345-11-26 00:00:00,78277.36,78485.36,78243.5,78405.72,293.90051,1779055199999999,23036658.9477714,42847,163.17311,12790426.6611887,0
58346-01-06 16:00:00,78405.72,78414.16,77830.0,77997.24,585.78673,1779058799999999,45721027.0233793,137547,209.96609,16389074.9883909,0
58346-02-17 08:00:00,77997.24,78008.18,76735.16,77457.67,2031.42401,1779062399999999,157009650.043213,288670,911.92139,70459883.1566573,0
58346-03-31 00:00:00,77457.67,77477.99,76916.6,77209.95,1062.83033,1779065999999999,81984258.9321795,265358,475.20276,36657424.4183217,0
58346-05-11 16:00:00,77209.95,77291.54,76744.95,77109.22,771.47833,1779069599999999,59378288.4337542,213677,412.04721,31717082.0991443,0
58346-06-22 08:00:00,77109.21,77222.03,76707.61,76835.41,544.67309,1779073199999999,41930139.7189693,110571,293.61678,22602236.1052859,0
58346-08-03 00:00:00,76835.41,77030.42,76817.14,76924.65,509.0298,1779076799999999,39158676.1676958,92865,278.52922,21426402.395899,0
58346-09-13 16:00:00,76924.66,77069.77,76772.01,77038.49,354.48166,1779080399999999,27275549.4044702,72035,191.37122,14727070.2167128,0
58346-10-25 08:00:00,77038.49,77080.93,76884.33,76931.4,586.83852,1779083999999999,45173542.2494691,79600,324.11647,24948432.5401869,0
58346-12-06 00:00:00,76931.4,76967.8,76583.33,76912.52,621.71728,1779087599999999,47743453.9173338,113678,282.75453,21715237.7124123,0
58347-01-16 16:00:00,76912.53,77089.29,76771.53,77073.69,1139.6298,1779091199999999,87747781.7559723,112705,536.01526,41263992.057779,0
58347-02-27 08:00:00,77073.69,77181.88,76890.34,77040.42,562.21651,1779094799999999,43300512.8710953,92598,303.83254,23402755.8258499,0
58347-04-10 00:00:00,77040.43,77048.14,76877.17,76933.16,365.74952,1779098399999999,28143295.4420434,64042,151.30073,11643492.6038899,0
58347-05-21 16:00:00,76933.17,76957.35,76716.99,76764.74,432.20236,1779101999999999,33204222.8893796,67906,186.53046,14328839.6263133,0
58347-07-02 08:00:00,76764.75,77403.48,76668.58,77285.83,692.38548,1779105599999999,53361231.2373958,122789,360.56299,27792879.8938598,0
58347-08-13 00:00:00,77285.83,77800.0,77275.96,77639.98,980.76582,1779109199999999,76026432.2933448,185228,533.49887,41359867.665964,0
58347-09-23 16:00:00,77639.99,77639.99,76695.31,76937.7,1116.5633,1779112799999999,86075888.8482891,265756,437.40687,33710901.5611116,0
58347-11-04 08:00:00,76937.7,76954.25,76230.02,76393.65,2158.59337,1779116399999999,165251866.2292101,343255,857.43415,65654698.1673099,0
58347-12-16 00:00:00,76393.66,76485.29,76051.0,76409.46,1960.17489,1779119999999999,149428008.1143902,299046,874.54442,66663995.7942353,0
58348-01-26 16:00:00,76409.46,76665.68,76218.0,76410.01,1252.9383,1779123599999999,95789833.0367202,217847,505.9762,38680168.7085754,0
58348-03-08 08:00:00,76410.0,76757.21,76366.13,76706.39,450.87486,1779127199999999,34549035.3046208,129138,196.38421,15047528.9510583,0
58348-04-19 00:00:00,76706.38,76706.38,76144.24,76252.5,779.57136,1779130799999999,59534820.0526275,148893,454.16077,34686248.1053749,0
58348-05-30 16:00:00,76252.01,76995.0,76235.0,76928.0,812.47229,1779134399999999,62305567.620232,223272,486.27553,37276451.5321715,0
58348-07-11 08:00:00,76928.0,77182.14,76874.73,76909.92,463.85785,1779137999999999,35724366.4839592,102387,202.50412,15596516.4924365,0
58348-08-22 00:00:00,76909.92,77174.23,76800.0,77103.05,491.7356,1779141599999999,37855530.1464339,84645,227.91808,17546774.6602643,0
58348-10-02 16:00:00,77103.04,77222.79,76937.19,77078.22,359.68174,1779145199999999,27725957.9576624,73858,185.35804,14289648.9155073,0
58348-11-13 08:00:00,77078.22,77160.79,76948.8,77001.87,275.05472,1779148799999999,21193772.7847227,48179,159.11648,12260342.2756524,0
58348-12-25 00:00:00,77001.88,77414.62,76955.99,77140.87,556.43712,1779152399999999,42925866.0935382,102605,344.95546,26604210.7282015,0
58349-02-04 16:00:00,77140.86,77156.2,76667.0,76667.01,769.46148,1779155999999999,59127312.0286029,128318,303.92085,23353831.6811438,0
58349-03-18 08:00:00,76667.01,76997.33,76487.83,76617.47,469.02583,1779159599999999,35997292.231605,116810,210.08414,16130185.1585675,0
58349-04-29 00:00:00,76617.46,76867.23,76586.11,76787.11,211.83571,1779163199999999,16261601.3668782,62060,99.34792,7627097.2384372,0
58349-06-09 16:00:00,76787.1,76943.75,76700.0,76927.25,239.72033,1779166799999999,18419385.4745937,67084,132.46103,10178332.2634448,0
58349-07-21 08:00:00,76927.25,77000.0,76644.98,76911.24,392.43215,1779170399999999,30153671.8826531,83908,157.29162,12087887.0344759,0
58349-09-01 00:00:00,76911.25,77108.68,76886.13,77029.4,386.11356,1779173999999999,29731962.8024673,74613,171.96171,13241494.9054535,0
58349-10-12 16:00:00,77029.41,77278.57,76974.72,77233.69,490.1935,1779177599999999,37830146.4388953,86744,259.20278,20004907.8571547,0
58349-11-23 08:00:00,77233.68,77317.02,76972.96,77048.71,465.92336,1779181199999999,35946317.5427735,89801,251.20695,19382481.8913368,0
58350-01-04 00:00:00,77048.72,77074.05,76709.29,76818.8,385.08727,1779184799999999,29596553.2709664,95544,172.47266,13256763.7300048,0
58350-02-14 16:00:00,76818.8,77103.97,76704.0,77041.87,464.38738,1779188399999999,35701773.2835163,98724,227.15575,17464820.4810006,0
58350-03-28 08:00:00,77041.87,77076.53,76633.83,76714.62,430.29111,1779191999999999,33085384.4505504,69612,231.57556,17806085.7885598,0
58350-05-09 00:00:00,76714.61,76982.89,76650.06,76940.21,257.11004,1779195599999999,19759037.985532,64711,115.83114,8903056.6513032,0
58350-06-19 16:00:00,76940.2,77048.72,76596.0,76872.75,906.63403,1779199199999999,69648421.1272935,212900,494.46075,37989841.953834,0
58350-07-31 08:00:00,76872.74,77023.75,76144.71,76392.43,1426.24149,1779202799999999,109089303.9610486,268808,634.01335,48494785.1593236,0
58350-09-11 00:00:00,76392.43,76675.76,76337.97,76521.23,773.78391,1779206399999999,59211709.069674,140521,476.91492,36494378.4806469,0
58350-10-22 16:00:00,76521.24,76911.0,76407.72,76894.59,568.91388,1779209999999999,43609768.2532168,105964,360.63289,27652896.2659933,0
58350-12-03 08:00:00,76894.59,77015.41,76759.39,76856.76,442.15826,1779213599999999,34008306.1243081,98700,259.05764,19928962.0489797,0
58351-01-14 00:00:00,76856.76,76947.2,76744.8,76803.28,282.19478,1779217199999999,21685275.9136433,71312,150.44356,11560636.8940506,0
58351-02-24 16:00:00,76803.28,77065.8,76765.14,76818.74,341.73224,1779220799999999,26278650.7162641,84920,188.60457,14505183.4735602,0
58351-04-07 08:00:00,76818.73,77040.24,76818.73,77022.23,147.68289,1779224399999999,11363387.7918735,37733,89.77739,6907421.3890252,0
58351-05-19 00:00:00,77022.22,77040.83,76973.76,76982.34,185.29058,1779227999999999,14269813.8483126,35717,93.43414,7195573.2231498,0
58351-06-29 16:00:00,76982.34,76982.34,76642.95,76712.21,233.07768,1779231599999999,17893953.400091,69659,118.88713,9125005.8979294,0
58351-08-10 08:00:00,76712.22,76980.07,76670.52,76834.36,199.1312,1779235199999999,15309483.2495057,48353,137.08057,10539265.8664908,0
58351-09-21 00:00:00,76834.36,76896.5,76516.74,76788.83,236.25061,1779238799999999,18118602.8161591,103108,102.54502,7864555.6524044,0
58351-11-01 16:00:00,76788.83,76922.46,76536.59,76820.98,358.53384,1779242399999999,27514665.9339074,121947,171.19192,13140203.0408965,0
58351-12-13 08:00:00,76820.98,76909.62,76600.0,76690.42,293.25018,1779245999999999,22511689.900693,83504,128.20272,9842565.9842493,0
58352-01-24 00:00:00,76690.42,76829.61,76604.99,76723.54,673.76637,1779249599999999,51659442.7751386,67489,253.77988,19455639.783372,0
58352-03-05 16:00:00,76723.55,76836.82,76692.0,76780.37,365.31048,1779253199999999,28048299.0734874,50216,155.62498,11948982.3834402,0
58352-04-16 08:00:00,76780.37,77320.0,76780.37,77196.99,973.23466,1779256799999999,75087108.9103383,114814,555.77315,42874885.8454901,0
58352-05-28 00:00:00,77196.99,77422.0,77179.93,77414.11,528.12463,1779260399999999,40817906.1144523,76182,314.55706,24315879.3310327,0
58352-07-08 16:00:00,77414.1,77472.21,77241.13,77282.64,351.42212,1779263999999999,27184942.7928222,63384,161.95813,12529208.9571368,0
58352-08-19 08:00:00,77282.65,77635.52,77210.33,77458.04,548.89961,1779267599999999,42504194.9141934,71184,307.89743,23845512.5330387,0
58352-09-30 00:00:00,77458.05,77543.59,77365.94,77485.13,360.90275,1779271199999999,27957195.3032465,54458,181.69976,14074319.1986707,0
58352-11-10 16:00:00,77485.14,77663.0,77485.14,77517.45,409.79863,1779274799999999,31795958.8506129,52231,259.88715,20163945.0578711,0
58352-12-22 08:00:00,77517.46,77569.1,77328.2,77382.49,362.81092,1779278399999999,28105656.8607325,45332,110.14628,8532314.5964788,0
58353-02-02 00:00:00,77382.5,77748.05,77365.52,77617.26,377.41047,1779281999999999,29273615.6116588,53326,211.16976,16383647.2087341,0
58353-03-15 16:00:00,77617.26,77650.62,76968.05,77204.61,682.21238,1779285599999999,52686387.519486,206393,309.93025,23937851.1965126,0
58353-04-26 08:00:00,77204.61,77574.29,76891.61,77446.08,1202.39421,1779289199999999,92958070.6846497,309680,601.84619,46520194.1601713,0
58353-06-07 00:00:00,77446.01,77853.04,77300.0,77455.46,777.75101,1779292799999999,60346333.2502221,202374,393.98232,30574353.5859955,0
58353-07-18 16:00:00,77455.45,77557.0,77018.38,77338.6,407.4641,1779296399999999,31482383.307917,161576,210.70082,16280207.8416265,0
58353-08-29 08:00:00,77338.6,77713.66,77230.86,77568.95,501.34929,1779299999999999,38869474.8528956,121665,280.77779,21767867.0580539,0
58353-10-10 00:00:00,77568.95,77634.52,77398.63,77415.09,414.50917,1779303599999999,32135060.877229,89589,242.15059,18773976.2936159,0
58353-11-20 16:00:00,77415.09,77709.68,77350.71,77667.49,388.96569,1779307199999999,30152795.8372189,92314,248.08915,19229652.4744861,0
58354-01-01 08:00:00,77667.49,77760.0,77476.19,77720.01,357.7103,1779310799999999,27778637.6500113,98182,146.73444,11395584.5343385,0
58354-02-12 00:00:00,77720.01,77766.6,77500.0,77500.01,158.00627,1779314399999999,12268334.7202966,55549,55.98954,4347547.7439812,0
58354-03-25 16:00:00,77500.01,77504.69,77226.61,77504.69,367.95652,1779317999999999,28478431.3561151,92956,118.89914,9202716.6300526,0
58354-05-06 08:00:00,77504.69,77559.34,77386.93,77552.23,198.22886,1779321599999999,15356081.5581514,50301,82.62895,6400389.1396601,0
58354-06-17 00:00:00,77552.24,78071.42,77525.0,77967.09,547.83434,1779325199999999,42610920.5323608,102859,353.13807,27466718.4648115,0
58354-07-28 16:00:00,77967.09,78173.15,77800.0,77863.85,453.71737,1779328799999999,35367923.4379255,108406,222.92078,17379782.7171647,0
58354-09-08 08:00:00,77863.85,78100.0,77820.1,77955.78,820.7986,1779332399999999,64030303.2546567,66846,436.54366,34056391.9366927,0
58354-10-20 00:00:00,77955.78,78098.85,77908.0,78078.72,441.60659,1779335999999999,34440855.6146364,45148,230.83355,18003281.4081018,0
58354-11-30 16:00:00,78078.72,78180.01,77965.36,78035.8,365.79347,1779339599999999,28546313.5368702,51539,148.32572,11576606.4606636,0
58355-01-11 08:00:00,78035.8,78147.07,77714.94,77828.0,390.37362,1779343199999999,30415346.7884126,65341,149.29679,11634058.9760913,0
58355-02-22 00:00:00,77828.0,77873.15,77533.45,77622.14,317.41875,1779346799999999,24665483.2671031,71236,132.31551,10284101.3340127,0
58355-04-04 16:00:00,77622.14,77901.06,77521.0,77889.01,380.5065,1779350399999999,29547564.5987294,85483,206.65668,16054306.6051171,0
58355-05-16 08:00:00,77889.01,78200.0,77885.53,77924.63,493.4737,1779353999999999,38501104.8556647,111254,201.21688,15702701.4014316,0
58355-06-27 00:00:00,77924.63,77977.53,77633.02,77633.02,277.92731,1779357599999999,21617293.9640802,57878,116.12849,9030023.4574276,0
58355-08-07 16:00:00,77633.03,77678.01,77190.09,77198.08,783.43483,1779361199999999,60627925.5177328,149767,446.38045,34547274.0627597,0
58355-09-18 08:00:00,77198.09,77372.0,77147.15,77189.1,380.03818,1779364799999999,29363239.5948107,79292,212.2675,16401307.1827871,0
58355-10-30 00:00:00,77189.1,77363.32,77080.72,77278.53,382.67307,1779368399999999,29551697.5436456,94328,222.37985,17174548.3382764,0
58355-12-10 16:00:00,77278.52,77358.05,76719.47,77122.68,862.17497,1779371999999999,66431826.9897685,216089,374.2719,28844093.2305555,0
58356-01-21 08:00:00,77122.67,77240.82,76788.8,76984.61,697.95187,1779375599999999,53761580.7014296,192835,357.59674,27548149.9578449,0
58356-03-03 00:00:00,76984.61,77402.12,76900.0,77259.46,411.10449,1779379199999999,31718178.6183363,132970,215.58394,16633610.5477244,0
58356-04-13 16:00:00,77259.45,77344.01,77008.75,77207.93,404.33559,1779382799999999,31204124.7301088,113607,203.9926,15742771.4164364,0
58356-05-25 08:00:00,77207.92,78098.16,77181.83,77869.38,1291.96294,1779386399999999,100383117.7411416,235690,771.09049,59889469.7820838,0
58356-07-06 00:00:00,77869.38,77922.01,77230.0,77387.74,559.91554,1779389999999999,43441777.9497551,168985,196.94101,15280707.4981939,0
58356-08-16 16:00:00,77387.74,77802.51,77365.97,77690.56,437.10444,1779393599999999,33913185.5764784,110132,272.91991,21177896.1853071,0
58356-09-27 08:00:00,77690.56,77804.75,77647.75,77705.81,144.76199,1779397199999999,11250921.1472564,53651,73.74742,5732153.8770185,0
58356-11-08 00:00:00,77705.8,77813.35,77645.4,77672.29,182.97007,1779400799999999,14226389.079458,51377,91.1619,7088810.7745737,0
58356-12-19 16:00:00,77672.3,77750.61,77555.33,77628.0,130.38276,1779404399999999,10125328.8271598,55511,47.30992,3673801.6020059,0
58357-01-30 08:00:00,77628.01,77745.39,77534.43,77615.52,159.99742,1779407999999999,12426293.360228,52922,81.98878,6368177.9241713,0
58357-03-13 00:00:00,77615.52,77628.38,77369.49,77373.57,228.62269,1779411599999999,17715270.987881,88734,85.19027,6601669.365149,0
58357-04-23 16:00:00,77373.57,77673.5,77327.28,77616.0,252.86608,1779415199999999,19592030.9285808,69421,139.81763,10833044.4966265,0
58357-06-04 08:00:00,77616.0,77728.01,77593.16,77673.36,244.81122,1779418799999999,19013172.1605043,55697,117.7062,9141658.8480475,0
58357-07-16 00:00:00,77673.37,77817.8,77673.36,77779.98,158.00162,1779422399999999,12286557.4817551,48184,84.45662,6567383.8674568,0
58357-08-26 16:00:00,77779.98,77900.0,77637.99,77655.42,475.76681,1779425999999999,37001731.3014086,58370,281.35576,21887070.8125224,0
58357-10-07 08:00:00,77655.43,77726.0,77454.56,77489.0,344.3172,1779429599999999,26722034.0064139,61432,119.7089,9291546.6841959,0
58357-11-18 00:00:00,77489.0,77525.85,77370.4,77423.41,542.83384,1779433199999999,42047633.6655938,84906,292.27219,22639179.042648,0
58357-12-29 16:00:00,77423.41,77543.38,77288.77,77408.06,393.92568,1779436799999999,30502166.9040777,78796,213.25639,16517906.103847,0
58358-02-09 08:00:00,77408.07,77535.0,77216.0,77267.38,509.65577,1779440399999999,39442035.7042907,105792,239.6905,18554944.6297459,0
58358-03-23 00:00:00,77267.39,77360.0,77200.0,77307.11,276.32946,1779443999999999,21353007.1653226,56476,173.94273,13440924.5016538,0
58358-05-03 16:00:00,77307.12,77363.01,77261.73,77312.0,275.0182,1779447599999999,21262180.4596452,42585,136.61938,10561799.2367635,0
58358-06-14 08:00:00,77311.99,77430.55,77184.45,77428.84,375.5311,1779451199999999,29032400.2372827,62992,251.40755,19435807.2376637,0
58358-07-26 00:00:00,77428.83,77584.94,77395.45,77533.9,317.41573,1779454799999999,24594567.7096872,73499,151.79825,11761754.1515973,0
58358-09-05 16:00:00,77533.91,77547.56,77130.99,77290.01,419.18989,1779458399999999,32406247.8470876,133811,194.88458,15066413.4295456,0
58358-10-17 08:00:00,77290.0,77290.0,76751.0,76774.23,1004.6619,1779461999999999,77286080.3714562,171924,447.42729,34407230.695155,0
58358-11-28 00:00:00,76774.23,77030.64,76570.0,76790.59,872.56913,1779465599999999,66990590.7476256,158966,420.224,32273429.6787152,0
58359-01-08 16:00:00,76790.6,77006.69,76767.0,76950.68,481.05047,1779469199999999,37001034.5027344,105741,287.68155,22131057.9969556,0
58359-02-19 08:00:00,76950.67,77093.72,76750.0,76750.0,322.37426,1779472799999999,24801355.7907331,107245,143.47121,11040318.2861537,0
58359-04-02 00:00:00,76750.01,76898.0,76101.0,76537.47,809.74159,1779476399999999,61954775.1589657,160785,249.29479,19077099.0640138,0
58359-05-13 16:00:00,76537.47,76590.68,75668.76,75860.44,1201.88912,1779479999999999,91305184.2679573,268583,475.37691,36108006.6508598,0
58359-06-24 08:00:00,75860.44,76080.95,75826.0,75984.47,415.32736,1779483599999999,31539812.8325506,112130,186.72555,14179343.2384235,0
58359-08-05 00:00:00,75984.47,76087.85,75926.2,75978.83,349.85112,1779487199999999,26598067.1644651,68264,136.26912,10360040.258712,0
58359-09-15 16:00:00,75978.83,75978.84,75558.28,75737.52,473.52886,1779490799999999,35872946.9734645,91382,150.72194,11417292.350253,0
58359-10-27 08:00:00,75737.53,75881.18,75359.18,75539.5,527.08224,1779494399999999,39879576.5409758,105068,225.69145,17079733.9827444,0
58359-12-08 00:00:00,75539.5,75635.59,75220.0,75352.64,828.38332,1779497999999999,62464463.486472,177801,357.56037,26967898.7062192,0
58360-01-18 16:00:00,75352.64,75500.0,75350.0,75489.84,466.00374,1779501599999999,35157142.9495821,116362,252.42038,19042624.4430334,0
58360-02-29 08:00:00,75489.83,75581.27,75417.56,75572.07,334.42834,1779505199999999,25248800.7379006,48698,157.56808,11895365.1877227,0
58360-04-11 00:00:00,75572.07,75664.62,75563.33,75635.22,267.29386,1779508799999999,20211456.2074187,36530,105.93994,8010518.6175951,0
58360-05-22 16:00:00,75635.22,75650.63,75507.01,75539.77,198.6031,1779512399999999,15007666.2688025,34869,98.47847,7441386.5086693,0
58360-07-03 08:00:00,75539.77,75562.4,75469.89,75482.68,267.20559,1779515999999999,20175629.7247509,40164,128.90536,9733776.0480977,0
58360-08-14 00:00:00,75482.68,75501.09,75394.54,75398.33,189.47214,1779519599999999,14297067.3073173,36351,79.07915,5967330.8068532,0
58360-09-24 16:00:00,75398.33,75443.44,74289.6,74609.36,2035.70931,1779523199999999,152363030.689069,180109,803.6735,60103060.0591015,0
58360-11-05 08:00:00,74609.37,74746.67,74303.56,74684.3,963.9472,1779526799999999,71870536.652866,116134,485.45985,36209746.7826041,0
58360-12-17 00:00:00,74684.29,74752.45,74624.5,74656.91,431.5071,1779530399999999,32228434.6659344,44794,207.13071,15471009.4998601,0
58361-01-27 16:00:00,74656.91,74797.01,74656.91,74705.0,625.72233,1779533999999999,46774169.9057983,37440,279.92771,20925234.3019136,0
58361-03-10 08:00:00,74705.0,74873.55,74704.99,74789.99,487.9196,1779537599999999,36495428.1155355,30312,302.73681,22643759.8169992,0
58361-04-21 00:00:00,74789.99,74798.41,74660.05,74753.93,570.81814,1779541199999999,42660461.5087335,35012,350.32289,26181741.2440739,0
58361-06-01 16:00:00,74753.94,75262.86,74753.93,75213.9,815.89889,1779544799999999,61224194.7614783,98426,481.78924,36152593.5232738,0
58361-07-13 08:00:00,75213.9,75726.3,75108.15,75537.72,922.06012,1779548399999999,69513902.4231735,90365,566.48891,42722140.2019217,0
58361-08-24 00:00:00,75537.73,75676.0,75405.4,75520.0,634.72295,1779551999999999,47950918.2032751,72255,335.03305,25309259.3822771,0
58361-10-04 16:00:00,75519.99,75638.62,75415.17,75444.7,411.95204,1779555599999999,31104643.3032783,62849,192.31059,14521193.3724141,0
58361-11-15 08:00:00,75444.71,75522.0,75371.72,75488.18,566.20129,1779559199999999,42728055.0962179,55939,344.69323,26011909.5710086,0
58361-12-27 00:00:00,75488.17,75986.24,75472.04,75845.82,429.21806,1779562799999999,32535525.1740278,107879,229.50191,17392755.7418185,0
58362-02-06 16:00:00,75845.82,76012.22,75780.9,75983.45,364.9012,1779566399999999,27696028.1960317,68801,211.90402,16086596.0487694,0
58362-03-20 08:00:00,75983.45,77300.0,75953.94,77287.58,1242.58285,1779569999999999,95193275.4570245,239289,747.38264,57256364.4608194,0
58362-05-01 00:00:00,77286.08,77404.18,76538.04,76804.99,1147.59506,1779573599999999,88281100.9427488,197120,534.3833,41113562.9015477,0
58362-06-11 16:00:00,76805.0,76885.0,76396.06,76584.45,464.30329,1779577199999999,35571274.6424704,93641,243.19468,18635971.9864071,0
58362-07-23 08:00:00,76584.45,76822.0,76538.36,76752.01,420.43862,1779580799999999,32243399.3539089,82396,242.7024,18611072.4772979,0
58362-09-03 00:00:00,76752.0,76930.65,76629.02,76835.16,392.54327,1779584399999999,30137977.126974,73690,252.45866,19385289.8845764,0
58362-10-14 16:00:00,76835.16,76921.45,76754.53,76890.04,225.24128,1779587999999999,17310673.964813,46201,129.04034,9917398.6665257,0
58362-11-25 08:00:00,76890.04,76968.04,76704.32,76830.0,185.87406,1779591599999999,14283020.4342934,43212,83.13555,6389419.3228725,0
58363-01-06 00:00:00,76830.01,77011.62,76738.5,76750.0,248.04543,1779595199999999,19061261.5534541,49639,73.99829,5689146.8050735,0
58363-02-16 16:00:00,76750.01,76858.26,76730.0,76786.5,163.64327,1779598799999999,12566833.9033632,33663,88.1558,6770017.4736445,0
58363-03-30 08:00:00,76786.5,76861.78,76651.59,76822.23,202.16815,1779602399999999,15512314.4019523,33881,56.74557,4354867.0591299,0
58363-05-11 00:00:00,76822.23,77065.94,76716.02,76987.58,257.8917,1779605999999999,19821680.9037071,47296,132.81732,10210305.0971671,0
58363-06-21 16:00:00,76987.58,77014.24,76786.2,76799.99,193.96514,1779609599999999,14913431.1889159,41262,107.51384,8267250.8255589,0
58363-08-02 08:00:00,76799.99,76861.77,76734.42,76830.69,226.94949,1779613199999999,17430374.9393504,30043,109.9325,8443294.2401311,0
58363-09-13 00:00:00,76830.69,77046.67,76821.86,77020.53,369.92973,1779616799999999,28466383.4785398,36666,243.16538,18712299.6089285,0
58363-10-24 16:00:00,77020.54,77543.15,76927.04,77190.74,863.69953,1779620399999999,66715841.0561683,93970,504.83569,38991988.6954236,0
58363-12-05 08:00:00,77190.73,77356.62,77190.73,77320.06,285.66801,1779623999999999,22077847.4706477,59458,150.41707,11625159.7201228,0
58364-01-16 00:00:00,77320.06,77325.72,77044.73,77118.73,271.94108,1779627599999999,20972213.2031494,50132,113.08417,8719829.3821677,0
58364-02-26 16:00:00,77118.72,77127.54,76688.89,76802.23,474.39799,1779631199999999,36495191.5485099,81337,206.07599,15852821.3584418,0
58364-04-08 08:00:00,76802.23,76840.01,76195.36,76465.16,837.87651,1779634799999999,64078526.4907359,150450,424.15382,32442947.0250153,0
58364-05-20 00:00:00,76465.15,76539.38,76362.78,76371.59,398.04105,1779638399999999,30429160.2399224,47070,248.767,19018794.7699398,0
58364-06-30 16:00:00,76371.59,76734.3,76371.59,76671.7,359.46109,1779641999999999,27528411.8873859,72220,233.90843,17912704.6334372,0
58364-08-11 08:00:00,76671.69,76799.99,76566.15,76693.34,249.31214,1779645599999999,19115928.060988,57462,125.09102,9592240.0421822,0
58364-09-22 00:00:00,76693.34,76788.01,76596.0,76665.73,148.14196,1779649199999999,11359895.5480424,45813,81.54077,6252786.0115131,0
58364-11-02 16:00:00,76665.72,76783.51,76611.17,76773.34,125.12918,1779652799999999,9597582.4982579,46271,82.33516,6315257.7771183,0
58364-12-14 08:00:00,76773.33,76796.18,76596.37,76668.4,560.38206,1779656399999999,42973785.7902034,71190,389.32292,29855610.0946678,0
58365-01-25 00:00:00,76668.41,76748.12,76108.0,76151.14,497.80071,1779659999999999,38002280.073718,117979,174.19927,13301410.1255791,0
58365-03-07 16:00:00,76151.14,77012.01,76132.0,76803.99,543.11534,1779663599999999,41677622.9993699,175332,302.9066,23239288.3779991,0
58365-04-18 08:00:00,76803.99,77225.97,76803.99,77064.96,316.78339,1779667199999999,24397278.8488537,108732,199.5316,15367955.2909782,0
58365-05-30 00:00:00,77064.96,77288.0,77064.95,77153.01,281.30951,1779670799999999,21709300.7681727,103947,149.16674,11511615.2826212,0
58365-07-10 16:00:00,77153.01,77245.67,76914.25,76945.27,574.42489,1779674399999999,44304603.6239198,131420,262.50093,20250929.3228731,0
58365-08-21 08:00:00,76945.28,77485.0,76945.28,77108.77,313.96478,1779677999999999,24248128.7640566,101687,158.20371,12220173.4083697,0
58365-10-02 00:00:00,77108.77,77169.88,77002.3,77026.67,198.70522,1779681599999999,15316604.5750667,62424,76.34912,5885207.1491711,0
58365-11-12 16:00:00,77026.68,77450.0,76990.78,77391.07,251.77406,1779685199999999,19441205.8997829,45353,151.39646,11693346.4335521,0
58365-12-24 08:00:00,77391.07,77498.0,77324.0,77407.0,306.77798,1779688799999999,23748457.5465358,48800,163.78295,12679257.9582706,0
58366-02-04 00:00:00,77406.99,77650.0,77222.22,77419.87,413.85927,1779692399999999,32046227.0546234,93661,228.55048,17700787.0033275,0
58366-03-17 16:00:00,77419.87,77520.0,77184.62,77401.12,376.11814,1779695999999999,29086230.1746575,84141,182.98098,14152043.0597122,0
58366-04-28 08:00:00,77401.11,77469.64,77280.32,77456.94,352.6298,1779699599999999,27276317.6381701,49698,209.2152,16183107.8516909,0
58366-06-09 00:00:00,77456.94,77699.97,77425.17,77604.56,369.10396,1779703199999999,28628495.6611514,79075,168.90236,13100476.2949493,0
58366-07-20 16:00:00,77604.56,77681.37,77490.37,77545.65,283.53522,1779706799999999,21994955.3496333,49843,141.80039,10998992.9417207,0
58366-08-31 08:00:00,77545.65,77545.65,77333.33,77357.5,209.17805,1779710399999999,16200216.2984966,46631,69.89493,5413099.8525968,0
58366-10-12 00:00:00,77357.5,77440.46,77286.5,77367.98,261.28583,1779713999999999,20213346.7937977,69269,135.34729,10470792.4445235,0
58366-11-22 16:00:00,77367.98,77450.0,77286.5,77341.05,199.52985,1779717599999999,15432746.394343,57006,102.56399,7932842.8839071,0
58367-01-03 08:00:00,77341.05,77773.69,77304.84,77714.0,603.07815,1779721199999999,46790940.5434147,107006,282.13864,21886358.7707557,0
58367-02-14 00:00:00,77713.99,77905.52,77557.0,77628.82,499.50313,1779724799999999,38814819.1155828,103031,237.96754,18496697.4259075,0
58367-03-27 16:00:00,77628.82,77807.29,77508.88,77735.69,342.64397,1779728399999999,26600598.5211752,69324,166.06781,12893118.5076192,0
58367-05-08 08:00:00,77735.69,77804.48,77550.39,77564.01,278.21782,1779731999999999,21607914.9983802,63509,102.79255,7982283.6798104,0
58367-06-19 00:00:00,77564.0,77658.01,77543.38,77543.39,204.7646,1779735599999999,15890748.6144169,51100,131.15853,10178737.0633032,0
58367-07-30 16:00:00,77543.39,77543.39,77343.61,77441.86,295.53937,1779739199999999,22886763.5154385,78449,146.82811,11369065.9957018,0
58367-09-10 08:00:00,77441.85,77500.0,77220.0,77273.06,314.11527,1779742799999999,24297770.6976909,75971,111.32208,8612982.5656442,0
58367-10-22 00:00:00,77273.06,77396.08,77273.05,77367.03,183.92616,1779746399999999,14222410.0199912,60991,94.20682,7284223.0243469,0
58367-12-02 16:00:00,77367.03,77449.94,77019.82,77116.21,395.72227,1779749999999999,30543975.9881967,94070,98.2494,7589794.1491961,0
58368-01-13 08:00:00,77116.21,77367.44,77072.36,77322.01,162.61467,1779753599999999,12565226.4409027,52103,72.99453,5640362.6378387,0
58368-02-24 00:00:00,77322.01,77345.0,76575.49,76792.71,686.17714,1779757199999999,52818594.7045704,132488,251.77349,19377305.2765504,0
58368-04-05 16:00:00,76792.24,76888.01,76590.9,76756.98,342.05131,1779760799999999,26245737.1758253,112352,179.40563,13766014.7924277,0
58368-05-17 08:00:00,76756.98,76810.0,76512.98,76660.0,721.43857,1779764399999999,55335740.0235469,84127,341.55828,26197545.9084061,0
58368-06-28 00:00:00,76660.0,76705.71,76475.59,76664.01,396.14567,1779767999999999,30337932.9430253,66530,186.97798,14322990.0331127,0
58368-08-08 16:00:00,76664.0,76817.28,76606.79,76749.5,392.59093,1779771599999999,30107455.6665059,48961,252.41996,19355980.4638872,0
58368-09-19 08:00:00,76749.51,76989.23,76704.8,76930.01,556.0432,1779775199999999,42739801.1988736,65633,287.34679,22087552.1711901,0
58368-10-31 00:00:00,76930.0,77059.74,76775.0,76908.01,658.30833,1779778799999999,50621372.92483,127846,337.37823,25945607.3221722,0
58368-12-11 16:00:00,76908.0,76924.55,76603.73,76730.84,436.26184,1779782399999999,33456074.5634389,80765,224.59818,17221190.8865115,0
58369-01-22 08:00:00,76730.84,76852.01,76693.21,76726.37,246.06951,1779785999999999,18892457.0750362,70967,132.87218,10201213.1446945,0
58369-03-05 00:00:00,76726.37,76804.0,76649.79,76672.19,350.5237,1779789599999999,26885747.6993271,71994,220.00391,16874396.9360093,0
58369-04-15 16:00:00,76672.2,77621.75,76586.94,77430.0,897.13516,1779793199999999,69289194.7642136,208510,556.20351,42947587.5273031,0
58369-05-27 08:00:00,77430.0,77516.93,77174.94,77183.55,403.26795,1779796799999999,31179316.7926931,85873,184.15582,14241086.4988385,0
58369-07-08 00:00:00,77183.56,77232.52,76877.94,77132.5,402.68245,1779800399999999,31024159.2702411,102481,178.84284,13778909.3136327,0
58369-08-18 16:00:00,77132.51,77464.01,76691.88,77231.56,659.9668,1779803999999999,50841357.0211185,197068,326.98416,25194691.5033859,0
58369-09-29 08:00:00,77231.56,78080.0,76724.63,76908.01,2020.17697,1779807599999999,156378447.3725092,397733,1018.4418,78859214.2752441,0
58369-11-10 00:00:00,76908.01,77012.0,76272.63,76518.1,1751.25838,1779811199999999,134005578.2495919,316708,769.03231,58870665.6027688,0
58369-12-21 16:00:00,76518.1,76710.01,76209.58,76558.0,2070.02098,1779814799999999,158222896.8298957,239275,642.89775,49156519.6560849,0
58370-02-01 08:00:00,76558.0,76649.91,75850.0,75935.08,1190.65802,1779818399999999,90615285.3357908,288068,533.17945,40569292.7862183,0
58370-03-15 00:00:00,75935.09,76273.66,75779.3,75840.55,846.30902,1779821999999999,64334857.9793701,180058,327.20152,24872544.4497276,0
58370-04-25 16:00:00,75840.55,76104.49,75805.23,76052.0,581.71052,1779825599999999,44176285.1011807,153381,252.37467,19165794.4564068,0
58370-06-06 08:00:00,76052.0,76180.0,75982.64,76106.86,324.41575,1779829199999999,24683796.1540386,82812,161.05617,12255089.0179063,0
58370-07-18 00:00:00,76106.86,76117.31,75850.0,75890.0,275.58323,1779832799999999,20936982.3891198,68700,97.47107,7406199.6523454,0
58370-08-28 16:00:00,75890.0,75998.94,75677.97,75749.02,428.12169,1779836399999999,32450839.0257924,107093,209.51102,15880463.6297594,0
58370-10-09 08:00:00,75749.02,75986.45,75749.02,75930.01,316.55917,1779839999999999,24029407.4370566,71322,195.35378,14828289.5721316,0
58370-11-20 00:00:00,75930.01,76089.7,75872.71,76085.01,780.41682,1779843599999999,59286107.3030609,87492,432.78749,32882691.3167433,0
58370-12-31 16:00:00,76085.0,76104.02,75824.0,75877.44,573.72878,1779847199999999,43553582.9470007,82231,327.26657,24841016.7644992,0
58371-02-11 08:00:00,75877.44,75890.59,75682.99,75879.0,437.25803,1779850799999999,33143292.3014832,91572,207.21495,15706558.0743448,0
58371-03-25 00:00:00,75879.01,75966.91,75607.62,75683.0,612.84746,1779854399999999,46454498.0283423,89511,284.19376,21548108.7944102,0
58371-05-05 16:00:00,75683.0,75706.77,75310.9,75579.01,817.05359,1779857999999999,61705737.463268,132676,317.46151,23975048.1263047,0
58371-06-16 08:00:00,75579.01,75739.36,75579.0,75697.99,490.56114,1779861599999999,37117585.1396877,89802,225.07919,17028423.9027829,0
58371-07-28 00:00:00,75697.99,75900.0,75690.01,75838.65,482.86494,1779865199999999,36588629.3008478,86170,281.36767,21320591.4577269,0
58371-09-07 16:00:00,75838.65,75980.0,75764.0,75977.17,433.92885,1779868799999999,32931018.0101299,81501,275.71002,20926389.8466903,0
58371-10-19 08:00:00,75977.16,76071.41,75843.02,75873.24,308.77238,1779872399999999,23454360.4641797,81839,130.78947,9935125.4577796,0
58371-11-30 00:00:00,75873.25,75978.01,75710.76,75912.6,294.26595,1779875999999999,22321356.4851951,75837,192.33657,14591254.1910898,0
58372-01-10 16:00:00,75912.61,76043.94,75880.0,75909.82,372.61961,1779879599999999,28294614.2627101,91806,264.72864,20101662.6713774,0
58372-02-21 08:00:00,75909.82,76029.24,75754.1,75769.18,316.01081,1779883199999999,23985666.651694,81269,128.07442,9722516.9761217,0
58372-04-03 00:00:00,75769.18,76174.15,75575.75,75688.0,621.24106,1779886799999999,47106698.3780667,176734,293.69501,22275989.4314943,0
58372-05-14 16:00:00,75688.01,75760.0,74866.18,75073.4,2200.23684,1779890399999999,165248012.5126386,384667,790.71442,59388569.7290761,0
58372-06-25 08:00:00,75073.4,75274.11,74758.33,75031.92,1567.20208,1779893999999999,117556878.2089295,283717,620.68417,46567274.5882743,0
58372-08-06 00:00:00,75031.92,75502.29,74983.77,75326.01,797.5234,1779897599999999,60013079.9723912,196665,450.28994,33886924.8348553,0
58372-09-16 16:00:00,75326.02,75408.01,75000.0,75304.01,632.49097,1779901199999999,47539855.0723998,169946,319.82269,24034574.8558105,0
58372-10-28 08:00:00,75304.01,75344.01,74685.58,74860.42,1103.99219,1779904799999999,82780559.0675129,213261,376.21527,28212120.4939399,0
58372-12-09 00:00:00,74860.42,75032.01,74663.45,75026.67,549.25309,1779908399999999,41133341.3315058,158217,316.36577,23695755.0911713,0
58373-01-19 16:00:00,75026.67,75105.17,74952.36,75066.08,879.80197,1779911999999999,66015341.9002593,119564,446.3192,33492419.6387026,0
58373-03-02 08:00:00,75066.09,75415.81,75056.25,75274.58,389.41476,1779915599999999,29311153.5256039,85203,229.07597,17243485.6526121,0
58373-04-13 00:00:00,75274.58,75274.58,74341.76,74473.01,653.21971,1779919199999999,48792566.237369,196168,252.09266,18835135.5033507,0
58373-05-24 16:00:00,74473.01,74775.5,74260.91,74418.13,624.64107,1779922799999999,46542669.0858059,179560,305.65186,22776664.7554699,0
58373-07-05 08:00:00,74418.12,74572.0,74243.99,74449.3,938.42933,1779926399999999,69803659.2587423,131660,522.8807,38892553.1974713,0
58373-08-16 00:00:00,74449.31,74580.0,74366.89,74570.66,476.29695,1779929999999999,35482620.0670633,149905,276.28362,20583406.3673641,0
58373-09-26 16:00:00,74570.67,74590.77,74156.0,74344.08,653.98384,1779933599999999,48627823.5448795,240503,363.13131,27007337.8853863,0
58373-11-07 08:00:00,74344.07,74400.0,74127.57,74287.42,717.91596,1779937199999999,53334871.2750028,160530,456.67229,33929897.720787,0
58373-12-19 00:00:00,74287.43,74380.39,73060.59,73258.01,3879.74728,1779940799999999,285009337.8886923,407020,1948.44809,143045208.4245805,0
58374-01-29 16:00:00,73258.0,73260.01,72728.85,73181.95,1588.42564,1779944399999999,116008172.8539737,239372,749.68505,54767453.1126734,0
58374-03-12 08:00:00,73181.95,73181.95,72908.67,72990.87,850.50171,1779947999999999,62093990.0223576,132474,459.33964,33534790.7345458,0
58374-04-23 00:00:00,72990.87,73213.11,72761.11,73202.7,1248.76931,1779951599999999,91163266.9213739,123405,577.62613,42166617.6042495,0
58374-06-03 16:00:00,73202.71,73512.14,73158.0,73498.0,1111.91354,1779955199999999,81523469.1743515,118348,611.57119,44843659.4247439,0
58374-07-15 08:00:00,73498.0,73500.0,73193.13,73325.88,567.79073,1779958799999999,41635830.4146594,94211,285.5088,20936158.4425619,0
58374-08-26 00:00:00,73325.88,73560.0,73261.6,73541.24,547.18862,1779962399999999,40188554.9736259,77791,348.52497,25600067.243048,0
58374-10-06 16:00:00,73541.25,73616.0,73349.91,73400.01,495.53335,1779965999999999,36408821.4688915,95978,302.39908,22215504.0655885,0
58374-11-17 08:00:00,73400.01,73532.01,73319.36,73505.66,383.87102,1779969599999999,28181444.0003467,111564,166.74883,12242593.0379703,0
58374-12-29 00:00:00,73505.65,73580.75,73245.56,73518.01,454.53291,1779973199999999,33382866.4896055,124740,256.35299,18829481.906311,0
58375-02-08 16:00:00,73518.01,73574.6,72771.64,73022.02,1277.58759,1779976799999999,93312474.4223492,249841,666.37698,48673449.1946055,0
58375-03-22 08:00:00,73022.01,73573.21,72582.82,73033.06,2189.6201,1779980399999999,159826203.3286671,443474,1217.89392,88919496.3423863,0
58375-05-03 00:00:00,73033.06,73180.01,72700.0,72928.73,710.64433,1779983999999999,51829355.4800955,206962,392.47452,28626636.572808,0
58375-06-13 16:00:00,72928.73,73440.67,72741.4,73440.67,821.59668,1779987599999999,60120839.3906448,191923,471.31148,34481333.4423857,0
58375-07-25 08:00:00,73440.66,73734.72,73316.31,73554.82,737.45631,1779991199999999,54198343.5673595,134207,397.80979,29239861.8477388,0
58375-09-05 00:00:00,73554.81,73749.69,73514.57,73652.88,517.48323,1779994799999999,38105533.50111,107540,291.20784,21443781.1727298,0
58375-10-16 16:00:00,73652.87,73652.88,73381.81,73419.32,447.75042,1779998399999999,32902357.4899002,86751,189.56336,13929372.1149847,0
58375-11-27 08:00:00,73419.31,73721.45,73241.48,73579.99,441.85746,1780001999999999,32486156.3250877,88448,250.4802,18414355.6532949,0
58376-01-08 00:00:00,73580.0,73926.22,73560.45,73817.31,386.07817,1780005599999999,28475897.9151701,83825,216.55194,15971314.1199144,0
58376-02-18 16:00:00,73817.31,73949.22,73448.55,73464.8,445.66881,1780009199999999,32828057.885272,77340,194.04566,14292126.3884455,0
58376-03-31 08:00:00,73464.8,73714.9,73464.79,73617.51,321.8063,1780012799999999,23682237.1067949,53561,195.37039,14376639.2321294,0
58376-05-12 00:00:00,73617.52,73854.77,73617.51,73716.37,592.13944,1780016399999999,43670133.4063563,94346,342.85715,25286046.9408674,0
58376-06-22 16:00:00,73716.37,73868.33,73463.52,73586.83,543.44041,1780019999999999,40021646.4852056,95772,259.14046,19088114.8779819,0
58376-08-03 08:00:00,73586.83,73646.68,73189.11,73225.06,716.13416,1780023599999999,52637237.8755471,100736,309.48022,22754032.2726774,0
58376-09-14 00:00:00,73225.07,73456.63,73225.07,73301.52,271.59006,1780027199999999,19922074.6920832,71567,168.56226,12363724.7680496,0
58376-10-25 16:00:00,73301.53,73508.97,73210.21,73507.69,462.74907,1780030799999999,33960538.6684418,75976,327.12773,24010197.7254917,0
58376-12-06 08:00:00,73507.68,73719.39,73500.0,73706.0,814.3098,1780034399999999,59921822.5600343,82360,488.00304,35911049.3353713,0
58377-01-17 00:00:00,73706.0,73939.19,73641.05,73786.32,283.07172,1780037999999999,20878403.016619,74046,162.40898,11978492.6381722,0
58377-02-27 16:00:00,73786.32,73830.01,73373.37,73528.56,1081.6764,1780041599999999,79586103.4330146,105107,548.81986,40376275.5054826,0
58377-04-10 08:00:00,73528.55,73835.58,73524.0,73653.4,690.03943,1780045199999999,50891009.4304849,82509,480.05835,35404310.3316636,0
58377-05-22 00:00:00,73653.4,73902.85,73649.58,73744.96,506.90617,1780048799999999,37409568.3787349,63415,313.17133,23114097.0127453,0
58377-07-02 16:00:00,73744.96,73749.53,73588.13,73634.64,583.75086,1780052399999999,43004831.00566,62750,396.25097,29192124.5310027,0
58377-08-13 08:00:00,73634.64,73700.41,73341.85,73487.98,417.09649,1780055999999999,30669946.608587,79696,234.83801,17267968.4142757,0
58377-09-24 00:00:00,73487.98,73487.98,73202.0,73295.73,419.42757,1780059599999999,30756042.0948637,94880,215.7606,15821060.9320137,0
58377-11-04 16:00:00,73295.73,73346.04,72900.46,73135.7,883.40251,1780063199999999,64597124.4558618,189672,418.29268,30588015.5379756,0
58377-12-16 08:00:00,73135.7,73198.17,72512.49,73096.85,1512.76179,1780066799999999,110198605.660595,335446,753.35583,54894524.6242873,0
58378-01-27 00:00:00,73096.84,74200.0,73008.98,73808.26,1809.3402,1780070399999999,133394128.6490968,335006,1098.08922,80944624.9883682,0
58378-03-09 16:00:00,73808.25,74124.73,73565.73,74056.5,1160.72957,1780073999999999,85794031.939016,185207,741.02452,54776664.7288462,0
58378-04-20 08:00:00,74056.49,74514.1,73925.33,73980.94,2917.46541,1780077599999999,216626235.39561287,196435,2042.31248,151671490.0203083,0
58378-06-01 00:00:00,73980.94,74065.29,73187.25,73374.52,1065.50146,1780081199999999,78456616.4217045,172683,404.63273,29808042.6521862,0
58378-07-12 16:00:00,73374.51,73727.95,73239.36,73520.28,453.16949,1780084799999999,33296942.8418112,122626,269.96523,19835876.9678726,0
58378-08-23 08:00:00,73520.29,73760.0,73514.0,73673.61,155.12213,1780088399999999,11427106.1002887,76134,83.54454,6154361.0939146,0
58378-10-04 00:00:00,73673.62,73844.0,73408.8,73409.27,412.83689,1780091999999999,30393613.2407376,92336,195.73494,14413114.3155012,0
58378-11-14 16:00:00,73409.27,73571.81,73379.79,73483.52,662.8477,1780095599999999,48682037.6862403,56671,286.21434,21018546.0578786,0
58378-12-26 08:00:00,73483.51,73510.0,73320.0,73460.78,271.23268,1780099199999999,19910692.8598298,51942,128.72665,9449133.6171031,0
58379-02-06 00:00:00,73460.78,73579.82,73408.62,73498.8,545.20652,1780102799999999,40080939.1584904,53939,277.09721,20371276.7912689,0
58379-03-19 16:00:00,73498.8,73663.08,73472.8,73657.9,386.87772,1780106399999999,28472784.191261,54707,227.37877,16731551.2235985,0
58379-04-30 08:00:00,73657.9,73786.7,73613.85,73786.69,268.52358,1780109999999999,19791058.2418678,39971,153.73767,11331309.7064366,0
58379-06-11 00:00:00,73786.7,73796.43,73524.01,73524.01,339.03494,1780113599999999,24978981.3574808,45929,137.51694,10134583.2468816,0
58379-07-22 16:00:00,73524.01,73575.0,73216.0,73402.84,466.81865,1780117199999999,34238688.76238,94475,157.5819,11560760.0128044,0
58379-09-02 08:00:00,73402.85,73635.0,73346.85,73604.99,464.14797,1780120799999999,34135520.4252591,63465,341.92876,25148052.6431088,0
58379-10-14 00:00:00,73604.99,73709.91,73530.0,73584.99,331.33867,1780124399999999,24388814.0199394,52807,218.06365,16051706.5104441,0
58379-11-24 16:00:00,73584.99,73588.2,73486.0,73548.6,225.56478,1780127999999999,16589074.918608,34343,113.96609,8381756.29147,0
58380-01-05 08:00:00,73548.6,73567.59,73500.02,73530.07,274.14087,1780131599999999,20157080.8871908,24108,148.05247,10885896.3243223,0
58380-02-16 00:00:00,73530.07,73615.47,73503.07,73615.46,201.26346,1780135199999999,14803606.2286803,27005,118.26441,8698338.4784554,0
58380-03-28 16:00:00,73615.46,73680.75,73592.57,73655.85,283.9706,1780138799999999,20911314.9676112,40401,144.07687,10609564.8522573,0
58380-05-09 08:00:00,73655.85,73655.86,73564.62,73602.02,317.1037,1780142399999999,23340005.417412,30422,170.48162,12547656.3086819,0
58380-06-20 00:00:00,73602.01,73717.07,73594.4,73698.18,369.235,1780145999999999,27198613.892359,34417,223.10501,16433837.0512056,0
58380-07-31 16:00:00,73698.17,73837.06,73676.1,73829.31,249.39427,1780149599999999,18395240.4420653,45263,155.9035,11499318.7638202,0
58380-09-11 08:00:00,73829.31,74100.0,73820.91,73929.11,565.07041,1780153199999999,41803345.9629781,98831,346.46085,25628235.4444807,0
58380-10-23 00:00:00,73929.11,74042.88,73836.7,73930.14,301.39896,1780156799999999,22279013.7884901,59078,156.16439,11543657.6046914,0
58380-12-03 16:00:00,73930.13,73985.84,73880.1,73934.99,193.46997,1780160399999999,14304758.7294627,48001,116.08057,8582965.3001658,0
58381-01-14 08:00:00,73935.0,74047.26,73811.3,74020.07,308.74992,1780163999999999,22834704.4590412,53446,195.35323,14450900.3042932,0
58381-02-25 00:00:00,74020.06,74143.76,73945.0,74043.38,188.56655,1780167599999999,13961944.371532,44503,109.18539,8085186.2856125,0
58381-04-07 16:00:00,74043.39,74072.0,73971.3,74016.65,145.42131,1780171199999999,10765230.8988695,36656,71.73648,5310440.0393975,0
58381-05-19 08:00:00,74016.64,74016.65,73926.68,73979.84,104.9948,1780174799999999,7765434.5306313,24779,52.24251,3863923.6722148,0
58381-06-30 00:00:00,73979.85,74054.0,73929.07,73981.99,224.4707,1780178399999999,16607182.0263693,33777,99.42236,7355452.0477725,0
58381-08-10 16:00:00,73981.99,73982.0,73796.01,73883.3,391.66756,1780181999999999,28938229.9455815,45614,192.63787,14230731.0175558,0
58381-09-21 08:00:00,73883.3,73995.98,73781.3,73884.38,368.97818,1780185599999999,27247818.4879599,38469,191.67235,14154973.3463665,0
58381-11-02 00:00:00,73884.38,74041.72,73858.56,74038.2,241.35407,1780189199999999,17845467.7732237,45440,127.12431,9400414.2806428,0
58381-12-13 16:00:00,74038.2,74275.66,74028.64,74058.01,363.47802,1780192799999999,26952225.6676368,65240,203.90516,15119636.7217922,0
58382-01-24 08:00:00,74058.01,74243.94,73890.49,74090.84,304.8567,1780196399999999,22571739.0501762,84535,170.7651,12644171.1564911,0
58382-03-07 00:00:00,74090.84,74226.78,74074.05,74150.64,189.87382,1780199999999999,14081126.1015463,49318,92.66718,6872456.2200877,0
58382-04-17 16:00:00,74150.64,74221.33,74109.0,74178.4,194.38913,1780203599999999,14417125.6885244,39128,93.82362,6958922.6948259,0
58382-05-29 08:00:00,74178.41,74207.2,74055.16,74055.98,231.70947,1780207199999999,17177475.8322982,34708,110.27204,8174545.2440022,0
58382-07-10 00:00:00,74055.99,74109.39,73985.34,74054.87,141.21825,1780210799999999,10455281.4072723,29223,54.68498,4049096.2951565,0
58382-08-20 16:00:00,74054.86,74054.87,73836.0,73871.24,302.07421,1780214399999999,22325378.5731105,46646,121.37874,8970926.0733848,0
58382-10-01 08:00:00,73871.25,73980.0,73850.05,73937.61,348.32905,1780217999999999,25745592.8538453,47904,147.50107,10902119.7278496,0
58382-11-12 00:00:00,73937.62,74024.0,73813.44,73841.79,323.04158,1780221599999999,23881941.2340125,47207,112.03225,8284574.1747161,0
58382-12-23 16:00:00,73841.79,73900.0,73699.2,73900.0,400.29833,1780225199999999,29542952.104201,48223,171.11557,12632172.9707305,0
58383-02-03 08:00:00,73900.0,73972.0,73899.99,73937.79,178.9239,1780228799999999,13228478.1988527,30621,87.30586,6454869.1079139,0
58383-03-17 00:00:00,73937.63,73995.88,73874.0,73920.0,222.22652,1780232399999999,16429107.8031339,39129,99.2514,7338244.6789983,0
58383-04-27 16:00:00,73920.0,74023.99,73807.43,73872.8,178.44734,1780235999999999,13190095.9302655,38610,68.32553,5050748.7012608,0
58383-06-08 08:00:00,73872.8,73872.8,73483.05,73602.17,681.72491,1780239599999999,50218468.7709845,127619,302.52344,22284681.9629452,0
58383-07-20 00:00:00,73602.18,73775.79,73588.8,73655.21,266.93299,1780243199999999,19665463.3312455,48254,115.64171,8521096.1466062,0
58383-08-30 16:00:00,73655.2,73730.0,73400.0,73526.14,319.75425,1780246799999999,23516463.1296031,77953,120.37092,8854197.3776636,0
58383-10-11 08:00:00,73526.15,73734.0,73466.67,73709.44,195.46974,1780250399999999,14391326.2883369,38175,121.06938,8915331.1980079,0
58383-11-22 00:00:00,73709.43,73713.34,73585.49,73603.69,214.37074,1780253999999999,15787385.3202977,39736,110.48708,8137137.5571714,0
58384-01-02 16:00:00,73603.68,73649.93,73456.48,73563.42,255.80848,1780257599999999,18814203.658083,44699,152.82907,11241365.1607297,0
58384-02-13 08:00:00,73563.41,73760.0,73563.41,73739.66,381.5641,1780261199999999,28106017.2594046,46998,247.9309,18261167.0548642,0
58384-03-26 00:00:00,73739.67,73924.0,73626.67,73892.52,391.01047,1780264799999999,28838999.4147379,82920,232.88775,17174763.8702457,0
58384-05-06 16:00:00,73892.52,73997.56,73686.0,73944.62,284.29172,1780268399999999,21010656.5972994,100294,164.47721,12156684.5405893,0
58384-06-17 08:00:00,73944.62,74198.0,73500.0,73674.39,375.30928,1780271999999999,27714560.6011053,110857,179.10216,13230429.1698338,0
58384-07-29 00:00:00,73674.39,74092.0,73654.06,73885.0,366.4897,1780275599999999,27071405.3522759,136828,214.40608,15836590.1829704,0
58384-09-08 16:00:00,73885.01,73916.01,73278.02,73292.92,464.54265,1780279199999999,34171272.174842,141536,157.38626,11578398.446602,0
58384-10-20 08:00:00,73292.92,73892.52,73222.0,73790.0,506.50025,1780282799999999,37247035.06121,128800,288.42765,21202943.4948974,0
58384-12-01 00:00:00,73789.99,74019.58,73735.47,73769.06,460.44243,1780286399999999,34013358.4161211,110103,197.9343,14621368.6553896,0
58385-01-11 16:00:00,73769.06,73841.37,73348.74,73536.01,335.64727,1780289999999999,24690326.8670507,97271,183.06877,13468323.4591125,0
58385-02-22 08:00:00,73536.01,73541.48,73328.32,73350.0,404.19791,1780293599999999,29687644.7043746,70898,203.39291,14939459.0363964,0
58385-04-05 00:00:00,73349.99,73368.0,72950.01,73135.74,740.28999,1780297199999999,54162702.5191477,165991,256.74292,18784373.0090935,0
58385-05-16 16:00:00,73135.75,73203.85,72704.0,72818.0,833.64063,1780300799999999,60811124.2885491,185784,357.33604,26064699.4974473,0
58385-06-27 08:00:00,72818.0,72921.38,72610.03,72902.65,751.49608,1780304399999999,54688632.5865995,130363,344.44381,25070606.1837882,0
58385-08-08 00:00:00,72902.64,73095.64,72600.0,72880.0,2061.2162,1780307999999999,150219144.87784,131001,568.33871,41445474.9367961,0
58385-09-18 16:00:00,72880.0,72900.73,72592.27,72748.88,482.4874,1780311599999999,35096971.4249071,105176,242.21395,17619537.2516389,0
58385-10-30 08:00:00,72748.88,72768.11,72290.0,72479.99,769.61036,1780315199999999,55818087.2292777,128431,319.91563,23210200.8472277,0
58385-12-11 00:00:00,72480.0,72610.0,71902.98,72221.73,1854.73885,1780318799999999,133847701.4413609,294052,934.63593,67449689.1208417,0
58386-01-21 16:00:00,72221.74,72243.52,71389.88,71711.89,3036.53496,1780322399999999,217980751.3690481,500251,1396.24723,100246993.4237258,0
58386-03-04 08:00:00,71711.89,71887.6,71363.43,71567.91,2060.71568,1780325999999999,147531675.0794909,391587,963.2508,68967181.1704792,0
58386-04-15 00:00:00,71567.91,71677.55,71066.33,71129.62,1656.46415,1780329599999999,118107380.7205908,322554,881.77925,62873475.6466429,0
58386-05-26 16:00:00,71129.62,71599.95,70686.68,71564.01,2820.57409,1780333199999999,200594260.0116499,291004,1635.38276,116328622.9457894,0
58386-07-07 08:00:00,71564.01,71800.73,71469.64,71646.01,999.45739,1780336799999999,71588619.3002768,177311,659.28045,47224256.8008786,0
58386-08-18 00:00:00,71646.0,71687.28,71382.0,71498.64,667.35668,1780340399999999,47725748.6008127,128380,390.78262,27945680.1836369,0
58386-09-28 16:00:00,71498.64,71666.0,71386.0,71595.24,432.84579,1780343999999999,30960422.96155,118336,244.31077,17476085.8781747,0
58386-11-09 08:00:00,71595.24,71690.0,71419.64,71446.0,273.2723,1780347599999999,19561039.0480628,76533,127.60007,9135318.3076089,0
58386-12-21 00:00:00,71445.99,71449.98,70941.95,71038.01,573.85796,1780351199999999,40832830.0447817,135860,211.62443,15058629.522408,0
58387-01-31 16:00:00,71038.01,71460.0,70840.9,71408.0,770.63523,1780354799999999,54832683.6237353,146370,505.42707,35963361.3380297,0
58387-03-14 08:00:00,71407.99,71583.29,71225.29,71408.9,598.07789,1780358399999999,42717520.9793223,123353,316.37555,22597902.7772316,0
58387-04-25 00:00:00,71408.9,71408.9,71100.0,71289.23,677.70318,1780361999999999,48290521.5882908,138047,312.27163,22250693.4839966,0
58387-06-05 16:00:00,71289.24,71372.0,70607.57,70652.47,1034.85247,1780365599999999,73544439.1092331,181337,372.05887,26455583.425335,0
58387-07-17 08:00:00,70652.47,70880.63,70111.0,70846.49,1320.1444,1780369199999999,93038742.0040209,293161,607.81142,42854153.3428559,0
58387-08-28 00:00:00,70846.48,71041.04,70806.0,70953.69,492.94753,1780372799999999,34976376.5479678,128447,267.17387,18957336.4444073,0
58387-10-08 16:00:00,70953.7,71048.0,70713.54,70810.0,489.36754,1780376399999999,34699502.5425013,128104,225.20556,15971193.8974894,0
58387-11-19 08:00:00,70810.0,70847.66,70267.79,70268.96,832.11781,1780379999999999,58700936.7062979,190479,337.3312,23804830.0450553,0
58387-12-31 00:00:00,70268.97,70442.0,69958.49,70106.31,1507.14949,1780383599999999,105777563.2729369,207385,716.09584,50286020.7107432,0
58388-02-10 16:00:00,70106.31,70275.86,69733.0,70118.42,1388.79813,1780387199999999,97246150.716711,228069,720.27097,50456307.2373401,0
58388-03-23 08:00:00,70118.42,70172.0,69705.3,69821.99,944.6499,1780390799999999,66060436.699481,183520,358.8602,25103470.9242217,0
58388-05-04 00:00:00,69822.0,69849.0,69324.65,69426.01,1499.21853,1780394399999999,104249429.9132371,238137,652.61985,45377344.9985223,0
58388-06-14 16:00:00,69426.01,69756.0,69336.98,69652.19,904.86792,1780397999999999,62935960.0019436,171383,529.40233,36822998.4062333,0
58388-07-26 08:00:00,69652.18,69659.47,69397.83,69461.72,417.59402,1780401599999999,29029398.1144773,117474,209.83734,14586545.9990994,0
58388-09-06 00:00:00,69461.73,69548.13,68989.61,69010.42,1382.26152,1780405199999999,95697775.6294573,228331,567.21275,39270606.0616555,0
58388-10-17 16:00:00,69010.41,69180.0,68757.03,68811.91,1762.82906,1780408799999999,121564899.0384991,335259,892.24812,61537536.7107947,0
58388-11-28 08:00:00,68809.93,68836.0,67617.85,68019.3,3845.79627,1780412399999999,262216636.17359632,566846,1780.21368,121397635.9182484,0
58389-01-09 00:00:00,68019.3,68094.6,67076.0,67304.28,2543.79469,1780415999999999,171706105.6375662,466661,1130.70487,76313147.8910598,0
58389-02-19 16:00:00,67304.29,68146.3,67228.45,67413.44,1789.92962,1780419599999999,121267557.3208552,349789,905.81839,61388383.6692649,0
58389-04-02 08:00:00,67413.44,67837.53,67378.0,67492.34,905.8915,1780423199999999,61194529.8382817,241358,543.9102,36739790.3175573,0
58389-05-14 00:00:00,67492.34,67661.7,67124.2,67341.99,926.14597,1780426799999999,62413180.6634392,217090,466.20243,31422201.1840035,0
58389-06-24 16:00:00,67341.99,67498.0,66432.0,67315.14,2333.17121,1780430399999999,156173990.0889056,336468,1008.48076,67585495.0242502,0
58389-08-05 08:00:00,67315.14,67689.65,66911.2,67587.77,1637.61606,1780433999999999,110197139.9406786,300495,1024.84275,68972793.9636202,0
58389-09-16 00:00:00,67587.78,67923.24,67412.0,67566.01,765.53933,1780437599999999,51820125.8619651,206967,351.19712,23775320.0766321,0
58389-10-27 16:00:00,67566.01,67566.01,66244.02,66385.2,1856.41667,1780441199999999,124178434.0058242,413780,846.48509,56620163.6064368,0
58389-12-08 08:00:00,66385.2,66868.62,66193.0,66760.83,1599.39304,1780444799999999,106368746.5669608,382090,849.23626,56492928.5069096,0
58390-01-19 00:00:00,66760.84,67204.15,66654.0,66938.01,1238.50805,1780448399999999,82902530.9714382,290155,647.17649,43326980.4005454,0
58390-03-01 16:00:00,66938.01,67050.0,66472.65,66920.0,973.29949,1780451999999999,64973245.6121001,217198,545.84661,36423347.782144,0
58390-04-12 08:00:00,66920.0,66920.01,66586.17,66620.01,773.38787,1780455599999999,51659618.7782372,173133,409.77353,27380976.7866916,0
58390-05-24 00:00:00,66620.0,66653.67,65426.34,65849.9,2891.72624,1780459199999999,190738588.55879712,395531,1062.50301,70110405.5829815,0
58390-07-04 16:00:00,65849.9,66623.44,65834.0,66465.98,1263.85794,1780462799999999,83884380.6826057,267896,754.42951,50065381.251362,0
58390-08-15 08:00:00,66465.99,67398.28,66465.99,67330.01,1773.95829,1780466399999999,118941770.992731,323804,1035.96972,69446637.3283303,0
58390-09-26 00:00:00,67330.0,67516.0,66962.95,66983.27,1658.04956,1780469999999999,111530428.2884141,237693,796.47083,53582770.0178817,0
58390-11-06 16:00:00,66983.27,67334.4,66872.01,67220.03,1003.46306,1780473599999999,67424615.6409038,165029,677.82512,45546833.432396,0
58390-12-18 08:00:00,67220.03,67264.34,66974.0,67028.0,1273.47385,1780477199999999,85463961.1803512,199455,743.3121,49888405.7732679,0
58391-01-29 00:00:00,67028.01,67322.0,66656.48,67075.17,1438.06157,1780480799999999,96299912.3715419,225394,735.93365,49279710.5781861,0
58391-03-11 16:00:00,67075.18,67476.69,67068.51,67294.52,639.46259,1780484399999999,43025500.9862962,192758,339.92138,22872036.6792682,0
58391-04-22 08:00:00,67294.51,67366.82,67056.58,67067.37,489.69833,1780487999999999,32917335.4534764,119472,239.77905,16119224.3656474,0
58391-06-03 00:00:00,67067.37,67163.82,66782.65,67078.72,856.74966,1780491599999999,57392812.7912255,221072,457.41773,30643752.2049725,0
58391-07-14 16:00:00,67078.72,67244.62,66635.0,66906.01,1223.17247,1780495199999999,81864754.8104316,405468,561.8141,37613016.3955707,0
58391-08-25 08:00:00,66906.0,66990.66,66643.96,66864.95,936.44379,1780498799999999,62556173.7199279,369189,442.26451,29547629.4696509,0
58391-10-06 00:00:00,66864.95,66898.0,66076.0,66076.01,1521.34921,1780502399999999,101047974.7527895,394917,723.10751,48030833.5462596,0
58391-11-16 16:00:00,66076.01,66373.18,65555.0,66061.83,1633.14277,1780505999999999,107644105.4082609,414723,776.94128,51220543.0214703,0
58391-12-28 08:00:00,66061.83,66189.8,65704.8,65964.08,810.29365,1780509599999999,53425313.1257178,262687,363.06006,23936764.2912472,0
58392-02-08 00:00:00,65964.08,66161.24,65744.01,66036.57,600.59221,1780513199999999,39617185.2437214,194078,289.17756,19079352.0599191,0
58392-03-20 16:00:00,66036.56,66054.0,65251.0,65462.0,1198.70968,1780516799999999,78715853.5602946,238378,494.7626,32514786.7123133,0
58392-05-01 08:00:00,65461.99,65614.74,64766.0,65007.27,1892.05101,1780520399999999,123226597.7311617,321737,578.18396,37679326.4432333,0
58392-06-12 00:00:00,65007.27,65860.0,64960.87,65768.88,1254.10382,1780523999999999,82204737.1910111,290913,727.18782,47676161.2471749,0
58392-07-23 16:00:00,65768.89,65841.23,64778.15,64912.98,974.52056,1780527599999999,63543702.2703344,383759,418.19109,27266581.4096641,0
58392-09-03 08:00:00,64912.97,64979.99,64092.49,64142.75,1820.23083,1780531199999999,117348881.7711745,371919,746.2465,48116140.7671882,0
58392-10-15 00:00:00,64142.75,64428.0,63000.0,63344.97,3512.79677,1780534799999999,223539486.9079594,657007,1365.37559,86900502.7837274,0
58392-11-25 16:00:00,63344.98,63500.0,62100.01,62178.1,4759.0413,1780538399999999,298672788.99917394,774415,1912.70203,120109494.6553111,0
58393-01-06 08:00:00,62178.1,63622.7,61383.56,63231.99,6283.29826,1780541999999999,393116900.0991397,644675,2506.317,156881008.5477269,0
58393-02-17 00:00:00,63232.0,64540.3,63218.48,64363.49,2402.09774,1780545599999999,153935920.3531126,334828,1332.30721,85360342.1249968,0
58393-03-30 16:00:00,64363.49,64764.32,64265.73,64399.99,1421.62502,1780549199999999,91700026.1779737,245338,650.4872,41963718.1099364,0
58393-05-11 08:00:00,64399.99,64400.0,63648.01,63955.47,1272.84935,1780552799999999,81463803.943986,308518,536.90938,34365486.1008052,0
58393-06-22 00:00:00,63955.48,64481.22,63892.0,64027.99,802.33437,1780556399999999,51526089.2121948,220866,392.49172,25212099.7748448,0
58393-08-02 16:00:00,64027.99,64062.81,63492.89,63603.15,1503.87893,1780559999999999,95901942.4114931,261823,811.60247,51773337.7085224,0
58393-09-13 08:00:00,63603.15,63904.63,63245.9,63629.99,1570.23316,1780563599999999,99743799.4585865,389108,784.43787,49839756.2087379,0
58393-10-25 00:00:00,63629.99,63644.0,62703.33,63266.0,2329.3282,1780567199999999,146798441.3288654,483870,998.51119,62919094.5535641,0
58393-12-05 16:00:00,63266.01,63276.0,62301.21,62420.0,3046.35677,1780570799999999,190882975.3808069,469476,1437.67041,90040552.6621161,0
58394-01-16 08:00:00,62420.01,62833.82,62205.0,62545.99,1649.57305,1780574399999999,103042591.4838542,356501,961.46961,60073207.5864847,0
58394-02-27 00:00:00,62546.0,63966.48,62392.0,63766.82,1740.31399,1780577999999999,110086882.337967,474573,957.63903,60592586.5473012,0
58394-04-09 16:00:00,63766.82,64244.0,63068.41,64230.0,2087.69891,1780581599999999,133110222.1278441,579230,1100.83131,70222061.3761522,0
58394-05-21 08:00:00,64230.0,64494.92,63785.33,63958.97,1314.7717,1780585199999999,84348964.0149179,452636,575.20709,36908972.9311191,0
58394-07-02 00:00:00,63958.97,64404.0,63691.7,63896.17,1043.20477,1780588799999999,66779419.7153706,325242,551.46761,35304580.4001805,0
58394-08-12 16:00:00,63896.16,63920.0,63456.0,63563.51,778.5809,1780592399999999,49600682.1675266,273524,404.54113,25773740.147833,0
58394-09-23 08:00:00,63563.51,63722.0,62944.91,63540.97,1048.08269,1780595999999999,66347416.377614,309779,554.19647,35099478.3314352,0
58394-11-04 00:00:00,63540.96,64110.28,63149.76,63819.62,1198.01807,1780599599999999,76376267.5309366,316109,652.31916,41592490.0881391,0
58394-12-15 16:00:00,63819.62,64163.93,63544.0,63629.38,699.04403,1780603199999999,44618234.6594989,255891,326.24893,20832140.2913196,0
58395-01-26 08:00:00,63629.38,63653.2,63182.84,63638.4,753.64631,1780606799999999,47801676.6891136,219302,287.96904,18268440.9077929,0
58395-03-09 00:00:00,63638.4,63876.0,63106.04,63286.21,982.36997,1780610399999999,62443470.6112118,220331,352.61124,22403307.2846956,0
58395-04-19 16:00:00,63286.21,63772.0,63194.0,63735.43,816.54763,1780613999999999,51772911.3560455,310645,404.79047,25676178.4857314,0
58395-05-31 08:00:00,63735.42,63918.0,63376.0,63885.99,561.48382,1780617599999999,35738820.1441904,174289,314.72188,20029287.418356,0
58395-07-12 00:00:00,63885.99,63978.0,63396.57,63426.72,799.55012,1780621199999999,50959950.8159022,262504,409.45563,26099362.5624332,0
58395-08-22 16:00:00,63426.73,63566.0,63052.0,63374.67,974.10885,1780624799999999,61665732.6505729,309168,429.66515,27202821.2472641,0
58395-10-03 08:00:00,63374.67,63436.0,62588.77,62617.72,1167.70132,1780628399999999,73459108.1592093,339982,476.47886,29966616.6809293,0
58395-11-14 00:00:00,62617.72,62888.0,62339.0,62730.0,1221.6378,1780631999999999,76451218.5152758,314333,552.24813,34578953.2442043,0
58395-12-25 16:00:00,62730.0,63646.0,62487.24,63615.23,1133.49083,1780635599999999,71447182.0620554,311672,631.18575,39817058.2343516,0
58396-02-05 08:00:00,63615.22,63688.0,62278.0,62329.35,1503.31179,1780639199999999,94791318.9184154,371814,639.65113,40394726.257761,0
58396-03-18 00:00:00,62329.36,62634.53,61126.01,61946.57,5277.47749,1780642799999999,326445236.0733746,937737,2221.9879,137493358.3770984,0
58396-04-28 16:00:00,61946.57,63116.0,61378.38,63115.99,2819.14343,1780646399999999,175692660.0113954,649312,1544.35945,96319558.990541,0
58396-06-09 08:00:00,63115.99,63120.98,62288.88,62454.64,1381.33567,1780649999999999,86630721.7365742,301884,722.36505,45305172.4479476,0
58396-07-21 00:00:00,62454.64,63259.9,62442.0,62860.09,970.2531,1780653599999999,61037380.261062,314276,525.68255,33077257.8900323,0
58396-08-31 16:00:00,62860.09,62931.81,62375.0,62536.87,753.84533,1780657199999999,47205164.1111901,226776,353.6208,22145942.3701683,0
58396-10-12 08:00:00,62536.87,62644.48,61964.98,61964.99,1191.72996,1780660799999999,74237726.0478541,299452,498.60284,31058367.1284756,0
58396-11-23 00:00:00,61964.99,62457.86,61620.47,61959.73,1931.26312,1780664399999999,119791043.1920203,479356,843.12463,52310825.1989758,0
58397-01-03 16:00:00,61959.72,62326.0,60732.35,60732.36,3644.72891,1780667999999999,224509227.6424909,643094,1472.08818,90864574.4726807,0
58397-02-14 08:00:00,60732.36,61227.98,60334.97,60868.97,4753.25938,1780671599999999,288847723.2492867,888916,1978.64111,120277796.3663835,0
58397-03-28 00:00:00,60868.98,61126.0,60000.0,60438.01,4471.76201,1780675199999999,270181441.8664824,668473,1614.73604,97714520.1604621,0
58397-05-08 16:00:00,60438.0,61547.24,59786.0,61394.39,5595.70288,1780678799999999,339070326.4246316,860286,2629.03788,159518899.5938834,0
58397-06-19 08:00:00,61394.38,61508.85,60660.0,60813.99,1735.74281,1780682399999999,105839280.6139877,449980,808.77401,49308739.7124929,0
58397-07-31 00:00:00,60814.0,60950.0,59141.0,59395.99,3853.37743,1780685999999999,230774891.758648,650178,1610.93877,96562253.8638491,0
58397-09-10 16:00:00,59396.0,60459.41,59130.91,60300.24,2562.76919,1780689599999999,152963862.6800727,720293,1233.61478,73644126.6813605,0
58397-10-22 08:00:00,60300.24,61787.01,59940.01,61620.01,2519.32621,1780693199999999,153695098.6882511,535708,1375.41885,83922486.2129489,0
58397-12-03 00:00:00,61620.01,62000.0,61444.2,61670.38,1754.60125,1780696799999999,108375209.9955407,345414,890.47586,55008994.8339474,0
58398-01-13 16:00:00,61670.38,61966.0,61207.82,61584.49,1799.61028,1780700399999999,110905267.4311594,446398,894.50739,55137421.4735361,0
58398-02-24 08:00:00,61584.49,61776.0,60518.0,61056.47,1211.55891,1780703999999999,74044977.5978751,331850,522.85701,31952237.4682731,0
58398-04-07 00:00:00,61056.47,61530.05,61045.01,61273.29,769.28059,1780707599999999,47157764.6074138,262884,413.1617,25328561.3660612,0
58398-05-18 16:00:00,61273.29,61380.0,60954.36,61058.95,701.07746,1780711199999999,42876204.4023413,201383,333.57056,20398792.2785805,0
58398-06-29 08:00:00,61058.95,61176.0,60678.0,60951.64,778.33004,1780714799999999,47425204.5874868,249099,360.22038,21952129.720641,0
58398-08-10 00:00:00,60951.63,60966.86,60520.0,60687.04,696.39105,1780718399999999,42303050.0731768,259886,344.21253,20912028.0825808,0
58398-09-20 16:00:00,60687.05,60866.0,59500.0,60101.27,2161.93035,1780721999999999,129778892.4712642,559699,941.84277,56525579.3224573,0
58398-11-01 08:00:00,60101.28,61062.0,59621.22,60942.38,2141.23088,1780725599999999,129571417.7938775,489862,1272.48955,77021257.7747692,0
58398-12-13 00:00:00,60942.37,61276.95,60681.0,60786.96,2095.10137,1780729199999999,127888304.3045568,355492,675.36328,41229186.8456763,0
58399-01-23 16:00:00,60786.96,61229.17,60733.14,61004.95,664.31126,1780732799999999,40517501.2628979,162044,349.88929,21342144.1830202,0
58399-03-06 08:00:00,61004.95,61500.0,60884.0,61264.0,724.69988,1780736399999999,44393604.9627166,195050,426.9484,26157292.1288732,0
58399-04-17 00:00:00,61264.0,61322.0,60875.55,60981.24,580.05282,1780739999999999,35469763.8874455,186268,249.2777,15244758.8358091,0
58399-05-28 16:00:00,60981.24,60981.24,60198.0,60593.0,1404.76206,1780743599999999,85037480.6370263,282578,538.03433,32554485.3776899,0
58399-07-09 08:00:00,60593.0,60968.0,60552.95,60802.91,764.0429,1780747199999999,46432391.541549,153771,433.42074,26342079.7604384,0
58399-08-20 00:00:00,60802.9,61185.26,60641.2,61030.63,669.86406,1780750799999999,40816040.7061799,182548,344.99195,21025251.6245446,0
58399-09-30 16:00:00,61030.63,61100.0,60701.41,60801.2,565.41708,1780754399999999,34418355.0550383,164634,282.92573,17224058.582198,0
58399-11-11 08:00:00,60801.2,61016.0,60768.0,60791.05,409.85585,1780757999999999,24967186.0539172,161753,228.29059,13908073.4629248,0
58399-12-23 00:00:00,60791.06,60929.2,60396.0,60784.0,646.3582,1780761599999999,39215430.4573135,208625,318.63928,19336486.3787953,0
58400-02-02 16:00:00,60784.01,60971.24,60466.56,60774.0,524.00441,1780765199999999,31822003.0924498,156734,260.51031,15823347.9025519,0
58400-03-15 08:00:00,60774.0,60844.0,60501.0,60576.2,599.85374,1780768799999999,36390952.705869,131616,293.30339,17800883.0632946,0
58400-04-26 00:00:00,60576.19,60754.74,60393.96,60637.21,975.00187,1780772399999999,59028921.948745,152989,334.49018,20259397.1798999,0
58400-06-06 16:00:00,60637.2,60786.0,60536.0,60600.01,348.13504,1780775999999999,21117755.8294792,93283,191.1509,11595650.0016902,0
58400-07-18 08:00:00,60600.0,60756.0,60522.0,60711.69,328.01265,1780779599999999,19892131.6102574,93344,174.10774,10558323.9550231,0
58400-08-29 00:00:00,60711.69,61000.0,60707.93,60751.21,311.33205,1780783199999999,18946663.7301966,81069,170.23082,10359467.1732341,0
58400-10-09 16:00:00,60751.22,60818.0,60429.09,60543.53,374.15284,1780786799999999,22678856.7410832,129075,161.66544,9800128.8160309,0
58400-11-20 08:00:00,60543.52,60942.75,60543.52,60884.62,562.39032,1780790399999999,34180080.0059519,87188,374.82165,22781822.0743114,0
58401-01-01 00:00:00,60884.62,60987.99,60746.0,60782.01,680.4546,1780793999999999,41398475.6894941,116879,291.52737,17733843.8676235,0
58401-02-11 16:00:00,60782.0,61664.13,60758.0,61479.75,1285.5692,1780797599999999,78921951.655953,273041,759.4838,46612346.4173177,0
58401-03-25 08:00:00,61479.75,61568.0,61184.0,61506.74,523.36778,1780801199999999,32126534.2375831,166180,270.66217,16619103.528362,0
58401-05-06 00:00:00,61506.73,61778.33,61416.1,61701.07,469.79753,1780804799999999,28938754.6200176,153448,252.9663,15583272.379653,0
58401-06-16 16:00:00,61701.06,61907.07,61482.46,61890.92,486.27163,1780808399999999,30005048.559557,139984,262.21454,16182343.2318591,0
58401-07-28 08:00:00,61890.92,62159.0,61647.0,61748.1,1139.66042,1780811999999999,70486387.6568081,212941,553.83096,34256500.7553224,0
58401-09-08 00:00:00,61748.11,62272.0,61619.4,62101.0,1749.1221,1780815599999999,108477634.8072226,241732,760.26211,47131570.4580061,0
58401-10-19 16:00:00,62101.01,62416.26,61983.46,62404.73,1528.1498,1780819199999999,95053999.1458006,145369,876.45284,54515463.3220913,0
58401-11-30 08:00:00,62404.72,62960.0,62259.37,62855.01,2005.84536,1780822799999999,125515982.740815,239847,1362.85685,85258401.1706149,0
58402-01-11 00:00:00,62855.0,62900.0,62374.63,62530.0,1248.753,1780826399999999,78244437.2522411,183125,629.18438,39440216.643426,0
58402-02-21 16:00:00,62530.0,62570.31,62298.39,62370.52,674.16526,1780829999999999,42079981.7560912,161858,329.82054,20586642.537603,0
58402-04-04 08:00:00,62370.53,62754.45,62359.44,62621.96,794.29873,1780833599999999,49719903.3295436,140528,350.54439,21931503.0499294,0
58402-05-16 00:00:00,62621.97,62643.97,61577.12,61900.67,1957.0674,1780837199999999,121327041.8496293,369382,714.2522,44267042.9713228,0
58402-06-26 16:00:00,61900.66,61907.64,61649.12,61700.13,1146.18923,1780840799999999,70781943.0863106,191481,427.15167,26378886.4460966,0
58402-08-07 08:00:00,61700.14,62312.67,61696.98,61905.49,923.54392,1780844399999999,57242663.2376573,209392,416.47785,25815601.5886315,0
58402-09-18 00:00:00,61905.49,62219.92,61674.51,62093.99,527.33835,1780847999999999,32663590.9865087,177488,296.69553,18380722.6743303,0
58402-10-29 16:00:00,62093.99,62332.0,61966.0,62083.64,482.9603,1780851599999999,30014811.5516567,165862,242.30617,15064238.8447939,0
58402-12-10 08:00:00,62083.64,62330.0,62046.62,62160.01,573.97699,1780855199999999,35729596.44383,138264,249.37115,15522068.9677058,0
58403-01-21 00:00:00,62160.01,62296.0,62022.0,62030.14,373.61361,1780858799999999,23232241.9188926,84383,105.73879,6574940.2576415,0
58403-03-03 16:00:00,62030.15,62036.78,61184.0,61328.0,1046.65633,1780862399999999,64344720.4281912,239211,441.33055,27124097.1231859,0
58403-04-14 08:00:00,61327.99,61962.47,61217.17,61878.01,569.10903,1780865999999999,35058253.4045612,145351,257.05025,15851227.5981553,0
58403-05-26 00:00:00,61878.0,62017.71,61652.01,61778.41,374.19369,1780869599999999,23121476.2877054,116992,188.98632,11678292.8143229,0
58403-07-06 16:00:00,61778.42,64234.68,61728.11,62865.87,4892.75492,1780873199999999,308953779.249916,514549,3375.27829,213110973.785607,0
58403-08-17 08:00:00,62865.87,63444.11,62803.42,63332.01,1159.24525,1780876799999999,73211562.917722,225174,741.86565,46871417.1428735,0
58403-09-28 00:00:00,63332.01,63863.06,63138.37,63631.42,1255.61981,1780880399999999,79789265.4682441,290444,759.00472,48262465.0137034,0
58403-11-08 16:00:00,63631.43,63643.99,62720.86,63211.41,1129.10442,1780883999999999,71231509.0440687,337355,499.69636,31530783.4682167,0
58403-12-20 08:00:00,63211.41,63260.0,62918.0,63129.93,502.88284,1780887599999999,31716610.8673722,178720,244.58529,15426923.3597434,0
58404-01-31 00:00:00,63129.94,63458.0,62978.36,63130.12,427.85473,1780891199999999,27038633.759634,144708,206.98744,13082434.7374112,0
58404-03-12 16:00:00,63130.12,63171.1,62657.07,62684.61,553.63898,1780894799999999,34807091.3206533,168596,215.72755,13564721.0020872,0
58404-04-23 08:00:00,62684.61,62825.27,62408.0,62764.0,674.10723,1780898399999999,42212859.3266401,205058,329.96929,20666660.2745252,0
58404-06-04 00:00:00,62763.99,63144.0,62734.0,62988.03,629.53051,1780901999999999,39651240.877561,179806,314.70554,19819743.9756629,0
58404-07-15 16:00:00,62988.58,63350.0,62812.0,63283.99,976.9078,1780905599999999,61684537.6303322,193066,486.115,30710324.0845508,0
58404-08-26 08:00:00,63284.0,63284.0,62992.01,63132.83,490.75057,1780909199999999,30981265.2067274,161200,234.43168,14799971.3661973,0
58404-10-07 00:00:00,63132.84,63577.86,63128.47,63502.0,706.93226,1780912799999999,44805736.1364269,177936,340.83879,21607143.6324752,0
58404-11-17 16:00:00,63501.99,63568.19,63096.88,63172.3,982.6729,1780916399999999,62183375.7322961,155339,470.34676,29776624.4458787,0
58404-12-29 08:00:00,63172.3,63873.08,63058.0,63479.61,1572.11873,1780919999999999,99898294.1357859,235680,884.78118,56229038.605828,0
58405-02-09 00:00:00,63479.62,63933.18,62718.3,63872.0,2589.09295,1780923599999999,163972599.7626911,363466,1224.27536,77611857.2480199,0
58405-03-22 16:00:00,63872.0,63943.56,63362.1,63758.0,1304.57724,1780927199999999,83076885.8422598,350706,619.28824,39439122.6627912,0
58405-05-03 08:00:00,63758.0,64077.57,63560.68,63964.08,1937.84618,1780930799999999,123755240.6184823,310171,946.82105,60491759.7945753,0
58405-06-14 00:00:00,63964.07,64200.0,63711.0,63774.48,2295.29096,1780934399999999,146907022.1451796,292588,1157.15367,74099244.3836121,0
58405-07-25 16:00:00,63774.48,64046.86,63472.0,63532.01,873.93622,1780937999999999,55729307.9401365,175875,387.66477,24725834.0514909,0
58405-09-05 08:00:00,63532.01,63646.0,63268.01,63550.0,1044.76064,1780941599999999,66243142.6350613,185947,575.91353,36516082.5572392,0
58405-10-17 00:00:00,63549.99,63690.0,63339.98,63466.83,414.77155,1780945199999999,26350288.6893733,132101,204.74532,13009510.6818902,0
58405-11-27 16:00:00,63466.83,63596.0,63356.0,63372.01,379.67287,1780948799999999,24098909.0699879,129151,191.12184,12130837.890194,0
58406-01-08 08:00:00,63372.01,63485.49,63160.31,63485.49,793.95609,1780952399999999,50242774.0792968,108790,278.99432,17662938.3641852,0
58406-02-19 00:00:00,63485.49,63850.0,63483.41,63728.96,413.19539,1780955999999999,26325604.4774975,111960,206.17534,13132410.6209911,0
58406-04-01 16:00:00,63728.96,63728.96,63210.0,63440.01,571.04903,1780959599999999,36194432.8321143,141899,235.27762,14909599.2605465,0
58406-05-13 08:00:00,63440.0,63594.0,62978.66,63085.99,533.11634,1780963199999999,33666659.153398,157002,213.3754,13478470.5835668,0
58406-06-24 00:00:00,63086.0,63184.0,62423.07,62562.0,1868.43384,1780966799999999,117156447.4966534,276045,833.11767,52218801.4630374,0
58406-08-04 16:00:00,62562.0,62879.1,62546.62,62764.01,752.22836,1780970399999999,47191273.8054147,173486,438.85023,27528244.2337377,0
58406-09-15 08:00:00,62764.0,62874.0,62544.11,62868.0,357.79841,1780973999999999,22443215.2186721,138521,193.90029,12163637.5375414,0
58406-10-27 00:00:00,62867.99,62979.94,62702.0,62875.17,780.82683,1780977599999999,49074911.6321247,112714,542.04041,34065556.3582541,0
58406-12-07 16:00:00,62875.18,63424.0,62748.0,63242.36,1115.32376,1780981199999999,70366227.2438896,177848,647.60882,40860499.489859,0
58407-01-18 08:00:00,63242.36,63526.01,63120.24,63338.68,946.88593,1780984799999999,59996385.9861273,161525,328.67179,20822752.9139723,0
58407-03-01 00:00:00,63338.69,63506.0,63230.0,63300.0,975.96129,1780988399999999,61841472.6815,108048,515.97252,32693942.5141611,0
58407-04-11 16:00:00,63300.0,63443.6,63012.0,63198.44,669.83742,1780991999999999,42331579.1610676,104007,299.18423,18907388.5557429,0
58407-05-23 08:00:00,63198.44,63208.86,62769.52,62849.75,844.01531,1780995599999999,53102853.4144529,128341,289.5508,18215571.4780089,0
58407-07-04 00:00:00,62849.75,62944.43,62590.0,62715.37,709.2584,1780999199999999,44513971.4649449,116227,301.26548,18911573.8502842,0
58407-08-14 16:00:00,62715.37,62835.37,62596.0,62786.01,503.06926,1781002799999999,31552774.8157747,113049,275.81226,17299478.8905924,0
58407-09-25 08:00:00,62786.0,62818.0,62498.75,62711.12,472.29218,1781006399999999,29572623.3084617,107433,219.99848,13778171.0610917,0
58407-11-06 00:00:00,62711.12,62895.18,62421.24,62645.15,693.6037,1781009999999999,43439962.0843947,144435,333.54435,20900026.8938541,0
58407-12-17 16:00:00,62645.14,62738.0,62140.0,62273.61,1172.01624,1781013599999999,73117403.687786,280196,509.12594,31762085.6324819,0
58408-01-28 08:00:00,62273.62,62395.01,61148.07,61541.95,2741.42922,1781017199999999,169097432.0247995,524581,1159.85666,71498615.4712225,0
58408-03-10 00:00:00,61541.95,61706.86,61037.0,61131.84,1576.3984,1781020799999999,96762954.7683358,311324,791.57124,48602574.6880163,0
58408-04-20 16:00:00,61131.85,61484.67,60780.0,61390.51,2117.17514,1781024399999999,129319860.7457094,422755,971.22265,59365414.5960315,0
58408-06-01 08:00:00,61390.51,61889.0,61390.51,61692.01,925.52892,1781027999999999,57085314.9447514,231711,559.26568,34496587.9163342,0
58408-07-13 00:00:00,61692.01,61964.0,61602.0,61792.01,528.51144,1781031599999999,32643431.8758819,155907,242.69543,14990256.2838105,0
58408-08-23 16:00:00,61792.0,62103.39,61722.0,62098.09,436.3094,1781035199999999,27004993.9794459,152652,243.43318,15069383.4972946,0
58408-10-04 08:00:00,62098.09,62272.0,61954.39,62160.0,406.81988,1781038799999999,25259333.2909302,104463,199.41073,12382960.0217965,0
58408-11-15 00:00:00,62159.99,62176.86,61698.0,61761.2,425.20913,1781042399999999,26330479.8812483,98020,175.72806,10879600.9776113,0
58408-12-26 16:00:00,61761.21,61976.0,61666.66,61717.5,276.69194,1781045999999999,17102001.2062919,100574,136.62748,8444947.1531105,0
58409-02-06 08:00:00,61717.5,61878.0,61556.0,61730.0,340.59519,1781049599999999,21015144.4436818,103470,148.78206,9179268.0677798,0
58409-03-20 00:00:00,61730.0,61930.0,61440.0,61923.16,538.2675,1781053199999999,33215082.143719,149535,234.18032,14457750.8099338,0
58409-04-30 16:00:00,61923.16,61974.7,61590.0,61714.0,336.41204,1781056799999999,20788130.5120278,167866,149.90835,9263128.2010111,0
58409-06-11 08:00:00,61714.0,61837.67,61235.29,61302.36,512.06602,1781060399999999,31468001.7813057,160933,196.27605,12060617.7791649,0
58409-07-23 00:00:00,61302.37,61594.0,61286.0,61549.64,334.76343,1781063999999999,20574410.4002196,113873,165.37528,10163608.0364759,0
58409-09-02 16:00:00,61549.64,61560.0,61182.65,61295.99,306.03442,1781067599999999,18773363.3298502,109000,118.38706,7262803.126484,0
58409-10-14 08:00:00,61296.0,61400.01,61080.0,61361.17,464.90737,1781071199999999,28464020.3926906,129241,235.17319,14400400.69357,0
58409-11-25 00:00:00,61361.17,61521.99,61145.5,61472.89,511.66925,1781074799999999,31403231.0506515,113954,275.38462,16901614.0339132,0
58410-01-05 16:00:00,61472.89,61813.34,61440.0,61687.56,937.80783,1781078399999999,57843726.8581063,128325,461.00194,28434874.135137,0
58410-02-16 08:00:00,61687.56,61736.0,61168.0,61261.55,739.92297,1781081999999999,45489944.6960505,164382,297.24574,18271859.9125151,0
58410-03-30 00:00:00,61261.56,61421.46,60755.0,61334.94,906.84186,1781085599999999,55419840.1206566,205181,354.71783,21686363.5716299,0
58410-05-10 16:00:00,61334.95,61456.0,61151.4,61386.09,340.43647,1781089199999999,20868132.903462,133306,193.08992,11838266.6230431,0
58410-06-21 08:00:00,61386.09,61430.0,60867.19,61034.04,826.04256,1781092799999999,50445689.4370563,232732,325.85963,19901485.9371878,0
58410-08-02 00:00:00,61034.04,61950.0,60960.0,61564.01,1340.16125,1781096399999999,82412266.1051837,289641,812.24756,49950691.1618985,0
58410-09-12 16:00:00,61564.0,62446.0,61444.87,62146.42,1199.64944,1781099999999999,74339559.2393842,343786,626.08061,38805129.3349919,0
58410-10-24 08:00:00,62146.43,62258.01,61814.79,62195.99,902.47236,1781103599999999,55954641.416171,320240,418.97212,25978629.7951335,0
58410-12-05 00:00:00,62195.99,62857.99,61852.0,62639.23,1341.51604,1781107199999999,83645759.2489136,381602,653.0753,40728977.342057,0
58411-01-15 16:00:00,62639.23,62646.0,61930.0,62219.33,748.11357,1781110799999999,46596753.5954547,280990,353.61796,22022233.4510244,0
58411-02-26 08:00:00,62219.33,62360.0,61654.54,61969.99,885.28682,1781114399999999,54829915.7521847,264392,365.4079,22634550.7862985,0
58411-04-09 00:00:00,61969.99,62162.9,61588.8,61882.0,641.1773,1781117999999999,39656137.9477627,198788,402.72882,24903143.1675838,0
58411-05-20 16:00:00,61881.99,62062.98,61673.79,61942.44,400.79146,1781121599999999,24803678.8587654,155878,234.95488,14543812.0217742,0
58411-07-01 08:00:00,61942.45,61949.21,61688.0,61805.51,307.34434,1781125199999999,19004068.590218,122105,130.05567,8041473.9876345,0
58411-08-12 00:00:00,61805.5,61805.51,61179.19,61356.18,571.34637,1781128799999999,35143383.0121435,169289,243.09349,14952295.6738256,0
58411-09-22 16:00:00,61356.18,61574.0,61104.24,61381.46,578.03926,1781132399999999,35447831.3475945,192828,304.30725,18665248.5673724,0
58411-11-03 08:00:00,61381.46,61604.0,61166.0,61510.99,327.64659,1781135999999999,20123314.8498026,127819,163.45342,10039697.2926174,0
58411-12-15 00:00:00,61510.99,61974.7,61510.99,61812.0,597.44488,1781139599999999,36921271.5562759,162608,295.83726,18281800.2861702,0
58412-01-25 16:00:00,61812.0,62378.0,61812.0,62206.01,839.43174,1781143199999999,52129027.5805812,155164,560.73093,34798720.7432773,0
58412-03-07 08:00:00,62206.01,62304.0,61944.19,62148.0,429.18601,1781146799999999,26667696.3136717,123437,238.13812,14799266.6364163,0
58412-04-18 00:00:00,62148.01,62848.0,62012.0,62689.48,986.08995,1781150399999999,61599150.340482,168588,614.10526,38363233.4653105,0
58412-05-29 16:00:00,62689.47,62854.0,62546.34,62726.86,589.32674,1781153999999999,36935231.0845989,138831,295.65525,18528470.2150746,0
58412-07-10 08:00:00,62726.85,62726.86,62556.84,62610.0,295.46093,1781157599999999,18508352.9376934,96146,118.49387,7422840.8147724,0
58412-08-21 00:00:00,62610.0,62997.53,62544.89,62772.0,1198.75098,1781161199999999,75354270.1048025,135123,465.21382,29248040.8637471,0
58412-10-01 16:00:00,62772.01,62842.92,62612.01,62719.39,399.47563,1781164799999999,25049312.0887992,81303,151.64831,9509259.7545434,0
58412-11-12 08:00:00,62719.39,63050.0,62719.38,62957.99,546.92925,1781168399999999,34412021.5490892,82404,346.23669,21786637.4677538,0
58412-12-24 00:00:00,62958.0,62989.97,62790.0,62927.49,401.22464,1781171999999999,25231415.3981154,79248,222.39297,13988046.3084914,0
58413-02-03 16:00:00,62927.49,63214.97,62789.62,63148.0,666.36315,1781175599999999,41978178.5942818,110926,393.07636,24772208.6580228,0
58413-03-17 08:00:00,63148.0,63257.21,63040.01,63108.0,563.58106,1781179199999999,35591976.8870994,109845,316.34779,19979166.6169096,0
58413-04-28 00:00:00,63108.01,63190.0,62500.0,63010.01,1835.01045,1781182799999999,115322800.4651679,267581,803.45646,50501780.5066827,0
58413-06-08 16:00:00,63010.0,63239.43,62677.84,63077.57,1087.23984,1781186399999999,68446359.4352748,237108,539.23554,33948509.6816828,0
58413-07-20 08:00:00,63077.71,63100.0,62732.6,62734.02,782.87001,1781189999999999,49249103.4729404,223011,304.00682,19129876.2698838,0
58413-08-31 00:00:00,62734.02,62887.88,62518.1,62749.44,633.18968,1781193599999999,39708661.9675652,183221,298.41847,18720728.1663924,0
58413-10-11 16:00:00,62749.44,62842.0,62548.79,62582.45,564.46406,1781197199999999,35386530.0132641,125881,289.75171,18165942.4184113,0
58413-11-22 08:00:00,62582.45,63655.83,62348.0,63644.19,1821.97042,1781200799999999,114966411.4596682,304656,1049.64133,66260929.6255181,0
58414-01-03 00:00:00,63644.18,63788.0,63324.35,63461.12,793.20489,1781204399999999,50385378.7062664,187481,435.7956,27692671.7689329,0
58414-02-13 16:00:00,63461.12,63933.02,63390.0,63605.68,946.18552,1781207999999999,60241615.891506,174753,473.47118,30144785.9229099,0
58414-03-27 08:00:00,63605.69,63663.4,63270.0,63393.67,556.54606,1781211599999999,35315529.067295,85690,272.01755,17264539.8054529,0
58414-05-08 00:00:00,63393.67,63599.99,63393.66,63519.99,269.29173,1781215199999999,17101060.5300903,69296,146.46574,9301543.0520579,0
58414-06-18 16:00:00,63519.99,63670.0,63462.0,63500.01,226.24918,1781218799999999,14383836.8678097,72346,125.73844,7995061.2331562,0
58414-07-30 08:00:00,63500.0,63700.0,63362.0,63625.99,351.45962,1781222399999999,22326674.1215466,72156,219.61819,13954988.2770528,0
58414-09-10 00:00:00,63626.0,63810.01,63520.86,63648.8,1229.6005,1781225999999999,78296999.5850611,105139,897.43828,57148922.6315029,0
58414-10-21 16:00:00,63648.8,63648.8,63301.53,63426.2,745.50942,1781229599999999,47273243.9189904,97368,414.80921,26299419.9089674,0
58414-12-02 08:00:00,63426.21,63779.11,63426.2,63624.07,398.45121,1781233199999999,25343229.01211,82101,210.81098,13408821.9917077,0
58415-01-13 00:00:00,63624.07,63649.99,63357.7,63524.82,280.54894,1781236799999999,17813977.5785497,66411,120.05678,7619973.3347734,0
58415-02-23 16:00:00,63524.81,63863.98,63426.48,63700.0,742.01132,1781240399999999,47276455.9425535,83403,417.39617,26592439.6934449,0
58415-04-06 08:00:00,63700.0,63721.31,63310.0,63358.2,603.70673,1781243999999999,38294345.9957732,96962,285.49951,18105307.9724251,0
58415-05-18 00:00:00,63358.2,63411.5,62829.81,62980.45,1027.41759,1781247599999999,64764243.8888818,140431,383.64497,24178430.901688,0
58415-06-28 16:00:00,62980.46,63211.74,62956.0,63100.8,852.55681,1781251199999999,53757747.717813,117580,533.1122,33615883.9486384,0
58415-08-09 08:00:00,63100.8,63615.84,63100.8,63470.81,600.81984,1781254799999999,38093332.4669829,111909,319.73908,20270059.3929218,0
58415-09-20 00:00:00,63470.81,63953.84,63438.0,63752.93,524.52211,1781258399999999,33441384.1855803,125971,291.94562,18608542.6317488,0
58415-10-31 16:00:00,63752.93,63852.0,63588.34,63702.01,872.53513,1781261999999999,55601526.8327302,112577,324.2033,20658463.8551942,0
58415-12-12 08:00:00,63702.01,63884.49,63684.44,63766.01,380.80932,1781265599999999,24298889.7124694,101744,161.47598,10303942.4792533,0
58416-01-23 00:00:00,63766.01,63775.0,63378.0,63465.51,515.59574,1781269199999999,32757095.6710166,139597,175.87563,11173924.1858598,0
58416-03-04 16:00:00,63465.52,63532.59,63045.29,63229.1,851.49099,1781272799999999,53889572.570438,224729,403.45811,25532622.0425891,0
58416-04-15 08:00:00,63229.1,64000.0,63190.0,63999.99,1065.08825,1781276399999999,67753411.6474995,316830,628.52868,39992194.7776057,0
58416-05-27 00:00:00,63999.99,64394.44,63551.9,63593.02,1669.96199,1781279999999999,106975335.4036053,343557,839.54944,53787051.4916567,0
58416-07-07 16:00:00,63593.02,63996.0,63510.16,63982.48,776.01025,1781283599999999,49539246.3982593,226580,389.04712,24840649.2455296,0
58416-08-18 08:00:00,63982.48,64111.1,63745.99,63865.44,456.29271,1781287199999999,29154333.0315893,136089,198.14186,12661679.7469032,0
58416-09-29 00:00:00,63865.45,63934.34,63686.0,63694.0,561.84193,1781290799999999,35837353.5577718,129355,242.66014,15480056.8311844,0
58416-11-09 16:00:00,63694.01,63830.93,63589.27,63589.27,462.65176,1781294399999999,29469877.8917812,101591,209.90645,13371326.1391237,0
58416-12-21 08:00:00,63589.28,63696.41,63400.0,63449.0,328.72463,1781297999999999,20884642.3200166,95014,152.46349,9686806.547961,0
58417-02-01 00:00:00,63449.01,63624.62,63440.01,63472.0,330.50626,1781301599999999,20994527.1538324,64100,141.1818,8968930.7230594,0
58417-03-14 16:00:00,63471.99,63658.0,63471.99,63502.0,711.15075,1781305199999999,45172674.9323371,76081,398.42527,25307035.521263,0
58417-04-25 08:00:00,63502.0,63580.01,63426.83,63580.01,409.24822,1781308799999999,25978065.2639613,58933,234.50226,14885910.6321584,0
58417-06-06 00:00:00,63580.0,63652.11,63507.39,63600.01,578.94188,1781312399999999,36801720.469416,60854,276.58335,17582392.3305508,0
58417-07-17 16:00:00,63600.01,63840.0,63600.01,63837.89,509.63359,1781315999999999,32473805.4336982,65923,320.7921,20442883.6031957,0
58417-08-28 08:00:00,63837.88,63837.89,63558.0,63646.01,450.79285,1781319599999999,28705629.812031,56169,254.82699,16227708.6515158,0
58417-10-09 00:00:00,63646.01,63720.88,63418.66,63532.0,268.55023,1781323199999999,17069416.5392925,53464,88.42819,5621946.8820468,0
58417-11-19 16:00:00,63532.0,63663.91,63484.0,63512.01,144.15296,1781326799999999,9163425.3572997,42309,77.70102,4940072.1836419,0
58417-12-31 08:00:00,63512.01,63596.0,63493.16,63584.03,658.62782,1781330399999999,41861784.8868199,69594,325.03441,20659389.6307235,0
58418-02-11 00:00:00,63584.03,63740.0,63550.51,63735.74,299.54013,1781333999999999,19067836.7589338,42399,202.06889,12863569.3672973,0
58418-03-24 16:00:00,63736.0,63883.47,63674.98,63846.0,436.97737,1781337599999999,27877686.6958509,65554,251.48372,16043755.2498798,0
58418-05-05 08:00:00,63845.99,63910.0,63766.18,63806.0,227.43934,1781341199999999,14517575.9993179,50077,119.71916,7642268.3605077,0
58418-06-16 00:00:00,63806.0,63867.65,63742.57,63743.12,301.95833,1781344799999999,19263895.1070584,47455,153.15167,9770953.2046055,0
58418-07-27 16:00:00,63743.13,63908.48,63726.57,63843.01,188.76787,1781348399999999,12046390.1161171,50825,102.33816,6530376.9611739,0
58418-09-07 08:00:00,63843.01,63984.53,63843.01,63971.28,479.05156,1781351999999999,30624976.0800457,52612,271.7721,17375736.419403,0
58418-10-19 00:00:00,63971.28,64214.0,63921.33,64133.12,878.04841,1781355599999999,56219033.4310435,73333,541.40358,34665611.626652,0
58418-11-29 16:00:00,64133.12,64245.88,64060.0,64102.69,499.73169,1781359199999999,32064850.2537305,87468,292.17925,18748148.4326146,0
58419-01-10 08:00:00,64102.61,64233.73,64090.09,64220.97,206.46033,1781362799999999,13248784.9902797,54400,90.11797,5783422.2941997,0
58419-02-21 00:00:00,64220.96,64350.0,64186.97,64296.15,584.92205,1781366399999999,37596919.9238103,75246,303.86397,19529939.6653178,0
58419-04-03 16:00:00,64296.15,64307.52,63920.05,64029.17,720.7481,1781369999999999,46170392.3861442,115524,308.30544,19752618.1822074,0
58419-05-15 08:00:00,64029.17,64120.0,63944.0,63971.19,301.75645,1781373599999999,19324339.8187672,70427,131.4847,8421706.5485443,0
58419-06-26 00:00:00,63971.2,64282.19,63971.19,64161.46,278.72154,1781377199999999,17871283.3988854,56803,118.35997,7591100.7096759,0
58419-08-06 16:00:00,64161.46,64333.62,64152.0,64296.59,308.7181,1781380799999999,19827452.1537693,51650,185.39059,11907472.6702328,0
58419-09-17 08:00:00,64296.59,64296.6,64226.83,64278.31,179.3189,1781384399999999,11522212.6462792,38177,80.07045,5145092.6800127,0
58419-10-29 00:00:00,64278.31,64762.77,64226.38,64471.04,552.39519,1781387999999999,35610734.737562,90869,339.72404,21900179.6367573,0
58419-12-09 16:00:00,64471.04,64556.0,64383.61,64456.47,316.2712,1781391599999999,20391761.9535613,61500,174.83707,11272194.0375438,0
58420-01-20 08:00:00,64456.46,64596.99,64382.42,64458.01,589.21574,1781395199999999,37980141.5370796,56377,316.71239,20414862.8213999,0
58420-03-02 00:00:00,64458.01,64579.03,64380.7,64565.0,595.05205,1781398799999999,38360819.8281586,63329,374.90168,24170060.6975844,0
58420-04-12 16:00:00,64565.01,64710.0,64507.25,64563.0,821.19702,1781402399999999,53052668.572837,74962,395.19998,25530501.3828717,0
58420-05-24 08:00:00,64563.0,64636.0,64476.01,64490.01,260.23317,1781405999999999,16801813.1703128,40920,153.50155,9911289.524091,0
58420-07-05 00:00:00,64490.01,64545.4,64466.0,64545.3,155.67419,1781409599999999,10041878.7165137,35537,85.7371,5530294.7895357,0
58420-08-15 16:00:00,64545.3,64563.48,64325.61,64339.07,253.74802,1781413199999999,16344828.7656715,39870,98.02759,6313806.38974,0
58420-09-26 08:00:00,64339.07,64411.2,64293.41,64338.0,429.46847,1781416799999999,27638186.3056016,39743,223.03276,14353670.5072863,0
58420-11-07 00:00:00,64338.0,64487.8,64232.12,64286.1,839.75348,1781420399999999,54024331.0165145,77432,290.06916,18665463.0075433,0
58420-12-18 16:00:00,64286.1,64445.95,64214.0,64429.39,256.82492,1781423999999999,16517739.6561418,38351,121.42991,7811066.0035987,0
58421-01-29 08:00:00,64429.39,64513.82,64392.0,64456.33,192.66954,1781427599999999,12420567.9508623,34947,88.9063,5731493.5273922,0
58421-03-12 00:00:00,64456.33,64617.99,64321.18,64616.0,237.3813,1781431199999999,15298521.4871383,48596,107.4067,6925372.5467825,0
58421-04-22 16:00:00,64616.0,64664.0,64498.01,64521.13,184.13016,1781434799999999,11891057.7727489,41286,95.08219,6140321.3337391,0
58421-06-03 08:00:00,64521.13,64641.9,64460.0,64546.0,228.11339,1781438399999999,14730769.1181398,41163,137.74142,8895693.8400519,0
58421-07-15 00:00:00,64546.01,64560.66,64295.06,64327.53,334.09454,1781441999999999,21519597.6294215,51704,89.42846,5760921.6630142,0
58421-08-25 16:00:00,64327.54,64398.14,64244.0,64317.99,308.61157,1781445599999999,19849141.9385802,72148,183.20213,11782589.6806861,0
58421-10-06 08:00:00,64318.0,64341.43,63866.66,63983.55,781.47067,1781449199999999,50061740.3058094,122488,340.29581,21811083.9068815,0
58421-11-17 00:00:00,63983.56,64153.75,63980.35,64025.07,366.74561,1781452799999999,23501044.2526858,69486,219.6129,14074886.0731948,0
58421-12-28 16:00:00,64025.06,64208.92,63936.0,63942.63,256.58722,1781456399999999,16443305.8267027,65207,110.83426,7104072.0503897,0
58422-02-08 08:00:00,63942.63,64019.38,63694.11,63732.64,617.57994,1781459999999999,39443980.3827448,84100,157.09442,10033878.7838129,0
58422-03-22 00:00:00,63732.65,63813.3,63678.83,63813.3,258.88821,1781463599999999,16501211.6974664,58351,111.01499,7076922.6581245,0
58422-05-02 16:00:00,63813.3,63861.86,63734.71,63802.0,107.594,1781467199999999,6864829.7572355,41043,57.55426,3672315.1846512,0
58422-06-13 08:00:00,63801.99,64092.4,63794.09,64008.64,243.2036,1781470799999999,15558343.4033997,52955,110.07679,7039921.7070261,0
58422-07-25 00:00:00,64008.64,65666.0,64007.24,65311.59,2955.01268,1781474399999999,192087413.00333568,370664,2177.05529,141503921.6194488,0
58422-09-04 16:00:00,65311.59,65580.0,64946.12,65426.78,1554.15469,1781477999999999,101390712.6822947,302247,773.81098,50493257.0241153,0
58422-10-16 08:00:00,65426.78,65800.0,65256.21,65746.45,964.84531,1781481599999999,63310036.023513,194372,465.02939,30510876.4191808,0
58422-11-27 00:00:00,65746.45,65923.0,65480.69,65625.99,1043.52596,1781485199999999,68550488.3655945,175233,509.73192,33499508.8937923,0
58423-01-07 16:00:00,65626.0,65734.87,65354.0,65525.0,855.38843,1781488799999999,56077183.1731682,137154,337.66998,22135349.8863891,0
58423-02-18 08:00:00,65525.01,65775.15,65415.02,65472.01,587.73145,1781492399999999,38539321.1023491,96638,281.99495,18494388.8626965,0
58423-04-01 00:00:00,65472.01,65995.0,65422.83,65927.1,767.65798,1781495999999999,50472455.6522554,123001,386.01793,25391175.1530185,0
58423-05-12 16:00:00,65927.11,65927.11,65633.28,65644.01,564.25779,1781499599999999,37082692.541488,79503,241.66342,15879307.6635766,0
58423-06-23 08:00:00,65644.0,65872.0,65611.01,65858.01,477.26671,1781503199999999,31355279.199311,66485,311.1638,20440728.9757099,0
58423-08-04 00:00:00,65858.0,65967.27,65775.45,65812.01,365.24859,1781506799999999,24056668.5451008,71717,149.93234,9876685.9984085,0
58423-09-14 16:00:00,65812.01,66000.0,65628.45,65674.76,574.31747,1781510399999999,37789088.5582918,95605,263.1448,17320995.3436809,0
58423-10-26 08:00:00,65674.76,65800.0,65620.0,65662.01,363.0048,1781513999999999,23845600.688985,68659,185.51209,12185815.5489517,0
58423-12-07 00:00:00,65662.0,65779.5,65512.0,65596.86,344.30264,1781517599999999,22599468.0120089,69955,168.84239,11082419.6096564,0
58424-01-17 16:00:00,65596.86,65973.15,65584.37,65917.37,544.78922,1781521199999999,35847453.9065295,79895,274.76722,18082457.0152611,0
58424-02-28 08:00:00,65917.37,66385.12,65832.78,66233.9,1293.72734,1781524799999999,85604358.2900905,225903,600.3413,39713186.0584172,0
58424-04-10 00:00:00,66233.89,66600.91,66106.0,66563.49,987.26981,1781528399999999,65495575.3076945,144746,516.40415,34261634.5935262,0
58424-05-21 16:00:00,66563.48,66949.22,66412.0,66447.05,1919.26303,1781531999999999,127974451.3802045,253336,1025.72954,68395504.1264621,0
58424-07-02 08:00:00,66447.06,66675.83,66251.58,66591.55,940.8464,1781535599999999,62508954.4910549,154448,423.93249,28177293.3336443,0
58424-08-13 00:00:00,66591.54,67292.15,66580.42,67292.14,1466.9579,1781539199999999,98208951.2921767,199612,829.81277,55557772.2650085,0
58424-09-23 16:00:00,67292.15,67292.15,67088.83,67157.99,1096.95936,1781542799999999,73692256.8978754,179367,463.77003,31154887.4082915,0
58424-11-04 08:00:00,67158.0,67158.0,66585.26,66851.79,1340.24388,1781546399999999,89600781.3307497,167012,445.26166,29773688.9440564,0
58424-12-16 00:00:00,66851.8,66933.86,66715.61,66766.12,590.69175,1781549999999999,39476785.8369965,126652,305.62539,20424697.7211521,0
58425-01-26 16:00:00,66766.13,66889.85,66348.0,66614.35,780.39583,1781553599999999,52002002.9980801,169428,367.26213,24470107.3126431,0
58425-03-09 08:00:00,66615.98,66681.3,66489.86,66519.98,339.47285,1781557199999999,22597846.1750727,97772,190.45698,12678085.4564901,0
58425-04-20 00:00:00,66519.99,66567.38,66314.34,66368.15,347.81382,1781560799999999,23113606.0738044,92447,131.14621,8715295.7202627,0
58425-05-31 16:00:00,66368.15,66476.64,66076.56,66206.34,520.15584,1781564399999999,34466942.5859821,160615,258.69663,17148305.4406036,0
58425-07-12 08:00:00,66206.34,66368.0,66116.59,66328.74,448.51217,1781567999999999,29717028.1331099,105311,158.44391,10493530.6176276,0
58425-08-23 00:00:00,66328.74,66463.26,66242.0,66250.0,457.62239,1781571599999999,30368144.3279723,100700,189.00547,12539787.8573642,0
58425-10-03 16:00:00,66250.0,66418.01,66248.93,66346.52,456.63949,1781575199999999,30292274.6635634,82161,197.53136,13103109.8435607,0
58425-11-14 08:00:00,66346.51,66367.69,65678.14,65741.99,964.73227,1781578799999999,63645550.1481613,155977,396.59651,26171077.8270522,0
58425-12-26 00:00:00,65742.0,66166.61,65650.0,66165.21,802.10485,1781582399999999,52878277.7822753,94943,441.98391,29139772.0369421,0
58426-02-05 16:00:00,66165.21,66301.83,65802.0,65840.09,694.50218,1781585999999999,45830171.1991577,104123,324.02991,21393938.5147062,0
58426-03-19 08:00:00,65840.1,66150.22,65840.09,66045.0,739.41945,1781589599999999,48831353.4929189,81120,426.88754,28188432.1890883,0
58426-04-30 00:00:00,66044.99,66572.99,66044.99,66446.0,556.56171,1781593199999999,36941542.655127,89508,360.02682,23891162.1515635,0
58426-06-10 16:00:00,66446.01,66527.23,66300.1,66372.0,385.79165,1781596799999999,25609125.49548,83861,201.93741,13404291.6930174,0
58426-07-22 08:00:00,66372.0,66992.0,66345.06,66899.61,688.96018,1781600399999999,45900589.0557173,148871,391.38929,26078972.1938245,0
58426-09-02 00:00:00,66899.61,66923.99,66474.74,66510.0,600.75927,1781603999999999,40055348.3911887,129159,243.56464,16243277.2468201,0
58426-10-13 16:00:00,66510.01,66778.0,66486.38,66514.0,387.22813,1781607599999999,25793879.2500835,103524,228.06983,15192175.733705,0
58426-11-24 08:00:00,66514.01,66643.23,66368.36,66481.73,467.239,1781611199999999,31048324.6988644,96607,218.30851,14506871.718686,0
58427-01-05 00:00:00,66481.73,66818.0,66368.0,66429.83,562.31913,1781614799999999,37422119.9347635,182445,284.52457,18938530.2103171,0
58427-02-15 16:00:00,66429.84,66463.13,65928.16,66052.0,1347.85119,1781618399999999,89122781.6777411,244169,454.00939,30014581.9969501,0
58427-03-29 08:00:00,66052.01,66265.8,65360.92,65654.9,1491.76291,1781621999999999,98019160.9362389,314094,556.98215,36597776.1008794,0
58427-05-10 00:00:00,65654.9,65999.78,65614.3,65859.76,788.81576,1781625599999999,51903803.2084595,205643,367.46078,24177312.4791119,0
58427-06-20 16:00:00,65859.76,65953.97,65706.0,65758.07,338.72091,1781629199999999,22286813.6616696,122815,139.74708,9194815.50705,0
58427-08-01 08:00:00,65758.07,66011.47,65710.34,65978.79,383.38742,1781632799999999,25241707.3096304,105857,217.1831,14303510.5662429,0
58427-09-12 00:00:00,65978.78,66248.69,65802.0,65847.99,522.72648,1781636399999999,34499667.1652404,130649,300.64595,19841518.1702794,0
58427-10-23 16:00:00,65848.0,65848.0,65560.0,65675.88,617.37667,1781639999999999,40546401.4141704,128248,258.08382,16950966.0163717,0
58427-12-04 08:00:00,65675.89,65865.92,65592.0,65854.0,261.11445,1781643599999999,17167553.6812014,70933,128.34586,8439829.1870544,0
58428-01-15 00:00:00,65854.0,65938.0,65654.9,65776.97,351.42219,1781647199999999,23121806.2102023,64306,160.34932,10550823.6704757,0
58428-02-25 16:00:00,65776.97,65882.0,65680.0,65780.0,228.62751,1781650799999999,15035759.6246278,63107,136.71127,8990318.7362214,0
58428-04-07 08:00:00,65780.01,65834.19,65626.9,65675.01,206.37282,1781654399999999,13563028.2673855,61809,86.2267,5666402.8460764,0
58428-05-19 00:00:00,65675.02,65848.0,65675.02,65700.0,332.30374,1781657999999999,21852975.9181903,74923,146.3418,9625200.7691582,0
58428-06-29 16:00:00,65700.0,65956.56,65477.5,65940.0,549.42502,1781661599999999,36101553.1184378,119047,345.29732,22692076.9251585,0
58428-08-10 08:00:00,65940.0,66200.0,65788.0,65904.0,974.93815,1781665199999999,64292532.8559727,119631,555.69161,36651619.0168344,0
58428-09-21 00:00:00,65903.99,65904.0,65703.45,65851.99,563.57309,1781668799999999,37087365.3231197,70220,210.96364,13882427.7025271,0
58428-11-01 16:00:00,65852.0,66048.19,65788.31,65892.0,473.33682,1781672399999999,31190416.5323119,56980,237.24159,15633573.3833226,0
58428-12-13 08:00:00,65892.01,65978.0,65746.51,65836.3,536.04504,1781675999999999,35291320.9824483,61396,253.33313,16678273.9582937,0
58429-01-24 00:00:00,65836.3,65896.45,65582.63,65624.0,378.80773,1781679599999999,24893605.0037727,67028,155.93228,10248228.1763159,0
58429-03-06 16:00:00,65624.01,65710.0,65251.0,65539.5,697.28548,1781683199999999,45655904.4076531,118679,291.59187,19099850.2629216,0
58429-04-17 08:00:00,65539.51,65574.0,64833.07,64926.02,992.25057,1781686799999999,64620596.4063261,143396,318.32557,20735773.054082,0
58429-05-29 00:00:00,64926.02,65076.76,64842.01,64909.44,859.97592,1781690399999999,55856735.8459738,91669,549.5788,35697759.4158694,0
58429-07-09 16:00:00,64909.44,64993.97,64768.0,64798.0,597.7384,1781693999999999,38779654.588352,106385,282.78684,18347837.679838,0
58429-08-20 08:00:00,64798.0,64868.21,64565.0,64810.01,641.24645,1781697599999999,41489679.6894926,142704,309.39115,20019064.1335194,0
58429-10-01 00:00:00,64810.01,65108.0,64590.53,65040.88,557.73466,1781701199999999,36151085.8489638,141626,280.35871,18177976.1457249,0
58429-11-11 16:00:00,65040.88,65369.53,64850.0,65278.0,961.56723,1781704799999999,62634372.9480319,188583,560.93101,36541966.8952952,0
58429-12-23 08:00:00,65278.0,65461.38,64772.72,65101.45,799.61288,1781708399999999,52118607.3029843,241637,417.02998,27185915.8594067,0
58430-02-03 00:00:00,65101.45,65855.66,64987.74,65752.0,1172.17515,1781711999999999,76797923.0946018,214464,618.5247,40526220.1231476,0
58430-03-16 16:00:00,65751.99,66445.93,65722.0,65864.12,1421.90632,1781715599999999,93837172.4639217,248191,679.3246,44867950.2592142,0
58430-04-27 08:00:00,65864.13,66191.98,65800.0,66104.08,377.59846,1781719199999999,24907311.6087753,137823,187.03905,12340605.850481,0
58430-06-08 00:00:00,66107.99,66107.99,64800.0,65516.0,2242.57142,1781722799999999,146945357.0563741,526846,1090.52008,71442651.631373,0
58430-07-19 16:00:00,65516.0,65666.0,63998.35,64301.85,2173.5643,1781726399999999,140184616.6744506,514012,984.83734,63495639.5187331,0
58430-08-30 08:00:00,64301.85,64488.96,64181.33,64434.36,504.85432,1781729999999999,32483238.8547217,180344,259.60817,16706020.5155236,0
58430-10-11 00:00:00,64434.36,64452.0,64142.0,64257.77,458.08471,1781733599999999,29453765.5029272,119924,193.92494,12467645.3772207,0
58430-11-21 16:00:00,64257.77,64434.84,63915.77,64300.01,492.23769,1781737199999999,31601049.5481856,145409,246.73121,15842125.92551,0
58431-01-02 08:00:00,64300.01,64529.2,64248.0,64509.4,289.82054,1781740799999999,18671706.5062463,102206,169.00269,10889190.1570466,0
58431-02-13 00:00:00,64509.4,64702.0,64457.67,64468.01,396.7915,1781744399999999,25629422.3774707,108439,197.49273,12756094.0178876,0
58431-03-26 16:00:00,64468.01,64806.0,64466.3,64548.74,382.95414,1781747999999999,24762548.0604364,106630,222.31694,14377301.8518835,0
58431-05-07 08:00:00,64548.75,64776.66,64488.0,64689.5,323.93999,1781751599999999,20950236.0642002,82799,186.10622,12034406.8266727,0
58431-06-18 00:00:00,64689.5,64689.5,64267.86,64282.82,548.57792,1781755199999999,35330803.2803792,93807,267.69151,17234673.2400487,0
58431-07-29 16:00:00,64282.82,64347.09,63826.93,63883.41,831.20199,1781758799999999,53201655.97615,175593,338.16865,21643310.6840982,0
58431-09-09 08:00:00,63883.26,64020.0,63696.29,63994.0,597.91477,1781762399999999,38185018.6843103,143720,226.53487,14474338.1030784,0
58431-10-21 00:00:00,63994.0,64134.33,63850.0,64083.41,767.55142,1781765999999999,49132177.1892351,97665,458.61133,29359600.8738131,0
58431-12-01 16:00:00,64084.0,64510.5,64015.42,64510.44,524.85633,1781769599999999,33739505.299454,97302,261.80481,16829279.4170941,0
58432-01-12 08:00:00,64510.45,64646.75,64378.25,64399.92,714.20438,1781773199999999,46073567.0185496,106080,226.19462,14592635.3044026,0
58432-02-23 00:00:00,64399.93,64478.0,64196.14,64199.53,300.31875,1781776799999999,19317405.3666245,84227,132.34651,8514948.6785102,0
58432-04-04 16:00:00,64199.53,64223.79,63910.0,64078.61,445.57306,1781780399999999,28529224.1233591,105015,181.44155,11618954.1152409,0
58432-05-16 08:00:00,64078.61,64196.0,63878.14,63974.4,378.00473,1781783999999999,24184804.4031889,94902,165.85271,10612303.3509726,0
58432-06-27 00:00:00,63974.4,64402.01,63922.0,64378.07,417.60478,1781787599999999,26791351.2300684,121658,217.65583,13964079.2956598,0
58432-08-07 16:00:00,64378.06,64445.19,63800.0,63984.0,984.80789,1781791199999999,63192454.4433236,226901,519.64113,33357053.0760797,0
58432-09-18 08:00:00,63983.99,64203.66,63587.3,63816.61,998.41474,1781794799999999,63762248.3157262,297660,502.05098,32071572.965184,0
58432-10-30 00:00:00,63816.61,63825.99,62293.76,62369.44,2793.66043,1781798399999999,176099274.8599438,475039,1166.82239,73570746.816569,0
58432-12-10 16:00:00,62369.43,62814.0,62349.42,62688.0,1271.71361,1781801999999999,79655196.5726731,263533,692.76492,43387029.8248057,0
58433-01-21 08:00:00,62688.0,62750.0,62272.07,62606.0,1003.68212,1781805599999999,62761769.5582143,198226,496.04043,31022876.2536247,0
58433-03-04 00:00:00,62606.0,62959.75,62580.01,62708.92,727.06223,1781809199999999,45630435.9319168,179488,370.99795,23282653.071147,0
58433-04-14 16:00:00,62708.93,63008.33,62636.0,62950.79,577.63764,1781812799999999,36313040.8535752,139167,314.76772,19789201.3892342,0
58433-05-26 08:00:00,62950.79,63274.19,62950.79,63086.0,684.93429,1781816399999999,43236575.6431631,136414,362.93592,22910353.6268078,0
58433-07-07 00:00:00,63086.0,63121.81,62870.39,62971.32,466.34172,1781819999999999,29374643.2860056,90438,215.93748,13601825.7515466,0
58433-08-17 16:00:00,62971.32,62990.0,62742.0,62885.85,290.36064,1781823599999999,18250197.9989177,66089,157.26762,9886495.0653615,0
58433-09-28 08:00:00,62885.84,62985.12,62756.6,62958.01,507.48754,1781827199999999,31911824.6555231,83139,267.2177,16801847.4630882,0
58433-11-09 00:00:00,62958.01,63086.0,62840.0,63020.0,786.22825,1781830799999999,49519737.2916232,88062,360.75437,22720438.4347951,0
58433-12-20 16:00:00,63020.0,63100.0,62852.01,63021.86,542.43308,1781834399999999,34164445.1947568,94953,295.06201,18583559.0060892,0
58434-01-31 08:00:00,63021.86,63110.29,62893.71,63006.0,304.818,1781837999999999,19202686.351474,70828,155.16692,9775188.6617926,0
58434-03-14 00:00:00,63006.01,63029.64,62386.9,62773.51,835.4402,1781841599999999,52360713.9195857,142753,299.52384,18775257.2932939,0
58434-04-24 16:00:00,62773.52,62916.66,62409.55,62452.01,390.96231,1781845199999999,24492367.8390417,118665,185.26454,11608870.0404726,0
58434-06-05 08:00:00,62452.01,62744.92,62452.0,62739.2,361.83315,1781848799999999,22661555.4101311,92897,188.19809,11785622.7003959,0
58434-07-17 00:00:00,62739.2,62914.73,62728.0,62894.08,252.94439,1781852399999999,15886968.3551939,75455,154.32046,9692271.0268744,0
58434-08-27 16:00:00,62894.09,62917.32,62504.27,62629.99,636.21109,1781855999999999,39848657.9534572,116470,367.30516,23000655.5978588,0
58434-10-08 08:00:00,62630.0,62782.0,62533.33,62603.99,431.84041,1781859599999999,27052055.7528588,83540,251.00592,15724656.951473,0
58434-11-19 00:00:00,62604.0,62654.0,62316.44,62390.0,921.6732,1781863199999999,57538548.8681038,130175,454.25338,28355966.302637,0
58434-12-30 16:00:00,62390.01,62587.27,62383.76,62533.25,761.99981,1781866799999999,47613535.8317821,119390,311.74386,19478408.9950989,0
58435-02-10 08:00:00,62533.24,62684.0,62452.52,62626.0,1001.15104,1781870399999999,62664706.5626201,90447,377.83978,23646297.9339325,0
58435-03-24 00:00:00,62626.0,62872.99,62353.0,62830.01,630.52118,1781873999999999,39470878.6262892,131646,339.30624,21242265.8712672,0
58435-05-04 16:00:00,62830.01,63415.0,62666.0,63210.0,1078.35943,1781877599999999,68006863.1617662,192948,638.52047,40259263.3334873,0
58435-06-15 08:00:00,63210.0,63419.27,63010.0,63203.53,665.42698,1781881199999999,42063454.5341505,197338,251.87631,15925848.4398755,0
58435-07-27 00:00:00,63203.54,63283.86,63019.26,63214.01,527.206,1781884799999999,33303084.7671576,156194,214.00391,13518846.3385945,0
58435-09-06 16:00:00,63214.01,63387.8,62918.98,62971.99,1021.4111,1781888399999999,64580449.1537565,164858,381.22434,24119176.5290897,0
58435-10-18 08:00:00,62972.0,63263.49,62866.99,63198.01,840.75861,1781891999999999,53035002.0411869,155816,504.38824,31829524.7785325,0
58435-11-29 00:00:00,63198.0,63201.95,62991.37,63110.01,341.96414,1781895599999999,21580970.2678126,90956,141.8043,8949744.5070177,0
58436-01-09 16:00:00,63110.01,63140.0,62942.0,63021.6,283.46164,1781899199999999,17868914.8655193,73876,91.02112,5737579.7906625,0
58436-02-20 08:00:00,63021.6,63274.0,62958.59,63250.01,217.92541,1781902799999999,13751344.7903329,69458,91.96372,5803766.5192469,0
58436-04-02 00:00:00,63250.01,63275.64,63060.0,63075.98,181.69443,1781906399999999,11476268.3180156,63376,75.15176,4746615.0629914,0
58436-05-13 16:00:00,63075.99,63369.48,63048.0,63315.28,541.93138,1781909999999999,34264142.0373609,65858,234.68426,14836207.6462554,0
58436-06-24 08:00:00,63315.29,63666.0,63276.0,63543.91,689.22877,1781913599999999,43695600.8813408,85959,344.82664,21865496.5121622,0
58436-08-05 00:00:00,63543.9,63777.0,63470.0,63530.01,640.14667,1781917199999999,40707663.092262,121182,317.59835,20195737.2154266,0
58436-09-15 16:00:00,63530.01,63616.23,63404.0,63586.28,348.64849,1781920799999999,22138186.578976,71942,199.39951,12660588.8906366,0
58436-10-27 08:00:00,63586.27,63586.27,63336.01,63340.57,358.87789,1781924399999999,22758448.1130513,68463,110.26002,6991323.2800049,0
58436-12-08 00:00:00,63340.58,63510.0,63320.14,63476.79,268.88477,1781927999999999,17054693.951565,51020,151.48828,9610024.8429986,0
58437-01-18 16:00:00,63476.79,63613.59,63402.0,63583.53,228.62975,1781931599999999,14521572.9929572,49082,107.18415,6809908.7158767,0
58437-03-01 08:00:00,63583.53,63907.07,63543.46,63678.07,477.24749,1781935199999999,30413530.5134248,100201,282.38244,17996058.2742475,0
58437-04-12 00:00:00,63678.07,63761.99,63640.36,63744.61,191.88822,1781938799999999,12224549.876621,48178,103.16725,6572874.2898494,0
58437-05-23 16:00:00,63744.61,63800.0,63594.37,63655.21,448.4829,1781942399999999,28584017.4218422,70422,211.54052,13482310.7572432,0
58437-07-04 08:00:00,63655.21,63664.39,63392.41,63417.97,547.04803,1781945999999999,34736903.252175,70209,204.53999,12987933.1124351,0
58437-08-15 00:00:00,63417.98,63787.74,63417.98,63741.16,349.02093,1781949599999999,22194344.7363052,69048,211.91805,13475790.5153462,0
58437-09-25 16:00:00,63741.16,63777.5,63592.44,63674.7,270.1692,1781953199999999,17206848.8384543,47278,98.42687,6269133.2206019,0
58437-11-06 08:00:00,63674.71,63798.76,63620.74,63688.0,315.13807,1781956799999999,20069649.986746,43646,167.47349,10665382.06889,0
58437-12-18 00:00:00,63688.0,63785.76,63537.99,63655.09,292.10361,1781960399999999,18602225.5573676,54586,158.75926,10110181.3315975,0
58438-01-28 16:00:00,63655.1,63655.1,63278.0,63397.78,412.69589,1781963999999999,26175619.3135037,91173,187.36932,11883007.6440641,0
58438-03-11 08:00:00,63397.77,64150.0,63184.21,63949.9,1101.98952,1781967599999999,70157672.5216333,196432,587.86079,37470903.4563507,0
58438-04-22 00:00:00,63949.9,64388.0,63836.0,64160.04,916.57166,1781971199999999,58777200.8605939,198394,510.97972,32763542.0549272,0
58438-06-02 16:00:00,64160.04,64167.26,63902.58,64034.31,403.42996,1781974799999999,25825331.2458241,124149,192.94529,12351527.5236417,0
58438-07-14 08:00:00,64034.31,64041.07,63730.21,63834.7,482.18112,1781978399999999,30803826.4804345,127375,168.91037,10793139.4531151,0
58438-08-25 00:00:00,63834.7,63928.4,63788.0,63805.89,119.99479,1781981999999999,7661305.1342018,48309,66.93977,4274123.4521714,0
58438-10-05 16:00:00,63805.9,63968.0,63798.0,63936.0,173.41555,1781985599999999,11080948.5045358,54582,111.02592,7094222.4207325,0
58438-11-16 08:00:00,63935.99,63981.09,63853.31,63925.99,210.00109,1781989199999999,13424167.5769816,43754,56.89124,3636589.168473,0
58438-12-28 00:00:00,63926.0,64092.91,63918.29,64012.4,272.00511,1781992799999999,17405324.2744647,70462,117.31717,7507181.1452305,0
58439-02-07 16:00:00,64012.39,64350.0,63978.12,64272.01,446.43904,1781996399999999,28667859.221182,99128,200.56736,12879376.0375076,0
58439-03-21 08:00:00,64272.0,64336.91,64250.02,64298.01,247.09349,1781999999999999,15885321.7106393,51066,144.91366,9315840.7408649,0
58439-05-02 00:00:00,64298.01,64322.91,64237.31,64294.0,425.19081,1782003599999999,27328722.2837201,42158,215.71316,13864702.3292611,0
58439-06-12 16:00:00,64294.0,64323.68,64206.17,64248.0,486.06931,1782007199999999,31227606.550246,50456,117.93843,7577892.2986689,0
58439-07-24 08:00:00,64248.0,64275.12,64216.05,64241.25,230.0633,1782010799999999,14780488.8937736,40822,104.10731,6688837.6034058,0
58439-09-04 00:00:00,64241.26,64472.99,64234.0,64426.0,409.22163,1782014399999999,26345662.7588172,73844,282.54079,18189667.8798123,0
58439-10-15 16:00:00,64426.0,64588.0,64269.45,64276.12,379.39058,1782017999999999,24451616.5527365,76698,210.92645,13596194.4386088,0
58439-11-26 08:00:00,64276.12,64365.43,64225.6,64256.55,166.55047,1782021599999999,10705100.2252579,44167,79.38338,5102849.8760738,0
58440-01-07 00:00:00,64256.56,64323.99,64200.0,64303.46,142.55901,1782025199999999,9162049.2166808,33110,80.09574,5148029.9069608,0
58440-02-17 16:00:00,64303.47,64303.47,64173.08,64191.07,302.97907,1782028799999999,19458367.9345215,38924,102.70537,6595289.8033506,0
58440-03-30 08:00:00,64191.06,64228.0,63900.17,64014.0,328.07237,1782032399999999,21010754.7676072,62260,131.75639,8439736.7175756,0
58440-05-11 00:00:00,64014.0,64246.0,63961.28,64209.16,221.03822,1782035999999999,14166363.3261565,50891,109.10319,6995084.4937402,0
58440-06-21 16:00:00,64209.16,64408.0,64204.0,64365.99,286.23088,1782039599999999,18411262.7387376,56345,163.21432,10497574.1693624,0
58440-08-02 08:00:00,64366.0,64483.95,64112.01,64176.0,438.27788,1782043199999999,28177934.5780544,109353,222.30328,14296671.117469,0
58440-09-13 00:00:00,64176.0,64235.13,63952.0,64200.0,359.32606,1782046799999999,23020290.6317662,83105,186.63152,11956731.6495709,0
58440-10-24 16:00:00,64200.0,64200.0,64020.01,64146.0,161.65202,1782050399999999,10364927.2441836,53393,83.22186,5336766.3976867,0
58440-12-05 08:00:00,64146.0,64154.0,64004.0,64145.97,189.32902,1782053999999999,12129348.3390061,54464,81.81992,5242252.6383208,0
58441-01-16 00:00:00,64145.97,64355.88,64120.0,64224.0,390.79222,1782057599999999,25113334.3924454,70360,223.48845,14361402.3504454,0
58441-02-26 16:00:00,64224.0,64254.38,64046.0,64145.31,236.79134,1782061199999999,15191891.1517006,74742,111.33051,7142286.3681528,0
58441-04-09 08:00:00,64145.32,64221.44,64080.0,64151.46,205.04149,1782064799999999,13154792.192145,44315,102.8834,6599857.4329449,0
58441-05-21 00:00:00,64151.47,64240.0,63933.47,64213.81,270.92869,1782068399999999,17371302.8875856,83745,151.49493,9715930.9365133,0
58441-07-01 16:00:00,64213.82,64298.84,64168.73,64207.12,189.28721,1782071999999999,12155827.2057124,47493,99.034,6359693.0086726,0
58441-08-12 08:00:00,64207.13,64271.21,63700.0,63848.0,420.72845,1782075599999999,26883641.1021237,86417,153.09069,9783809.5519538,0
58441-09-23 00:00:00,63848.0,63969.59,63510.0,63808.01,752.88497,1782079199999999,47984945.3635261,157591,357.87894,22812015.2082204,0
58441-11-03 16:00:00,63808.0,63864.0,63575.04,63801.59,437.50041,1782082799999999,27867595.4175395,144112,204.15164,13003529.9304272,0
58441-12-15 08:00:00,63801.6,63801.6,63270.0,63311.99,604.75792,1782086399999999,38398349.9821688,189529,258.32015,16396103.3130375,0
58442-01-26 00:00:00,63312.0,64094.0,63312.0,63896.01,709.82748,1782089999999999,45235372.6987009,193115,458.9052,29244707.6616948,0
58442-03-08 16:00:00,63896.0,64823.52,63850.8,64606.0,1331.90666,1782093599999999,85861106.4943287,281614,759.23218,48941027.6666269,0
58442-04-19 08:00:00,64606.0,64663.99,64250.0,64257.99,370.38632,1782097199999999,23886311.4688397,118103,138.5947,8940186.3720715,0
58442-05-31 00:00:00,64258.0,64459.44,63894.98,63974.01,796.48727,1782100799999999,51102437.169555,177126,346.48362,22241729.4223894,0
58442-07-11 16:00:00,63974.01,64116.44,63868.41,64100.02,327.45142,1782104399999999,20950323.1070671,108093,151.85693,9717009.4936471,0
58442-08-22 08:00:00,64100.01,64344.17,64088.64,64247.74,1091.63692,1782107999999999,70134349.3761017,90148,624.88716,40140915.7898187,0
58442-10-03 00:00:00,64247.74,64326.0,63946.0,63989.95,416.9007,1782111599999999,26715790.2239846,83718,168.71524,10813070.599104,0
58442-11-13 16:00:00,63989.96,64397.57,63968.23,64211.19,352.4108,1782115199999999,22634570.098046,102279,180.83173,11614438.2516838,0
58442-12-25 08:00:00,64211.2,64350.58,64044.0,64165.99,368.11506,1782118799999999,23635362.3224733,98857,167.6319,10763786.3629026,0
58443-02-05 00:00:00,64166.0,64256.2,64052.17,64145.39,200.06309,1782122399999999,12832924.2432238,81031,105.20417,6748140.3348213,0
58443-03-18 16:00:00,64145.4,64272.0,64065.18,64139.21,240.0862,1782125999999999,15405322.4142975,68334,118.75899,7620846.7129482,0
58443-04-29 08:00:00,64139.21,64768.46,64097.08,64657.22,1063.60877,1782129599999999,68587022.4968654,197181,599.1666,38637128.8684391,0
58443-06-10 00:00:00,64657.22,65222.45,64579.08,65149.57,1156.05989,1782133199999999,75065076.6433621,216079,652.52071,42369987.7377307,0
58443-07-21 16:00:00,65149.58,65589.76,64945.53,65578.0,1368.64481,1782136799999999,89332310.3378239,291784,756.43973,49377344.1479739,0
58443-09-01 08:00:00,65577.99,65622.83,64835.0,64980.39,1096.28772,1782140399999999,71390228.4867296,264085,530.10706,34522172.1165783,0
58443-10-13 00:00:00,64980.39,65146.0,64757.11,64836.95,593.12998,1782143999999999,38550944.1907543,171125,292.31369,19001912.9143695,0
58443-11-23 16:00:00,64836.95,64862.0,64519.0,64719.77,680.43904,1782147599999999,44014493.6453255,172437,293.68195,18999411.7600243,0
58444-01-04 08:00:00,64719.77,64769.98,64388.16,64602.0,523.74444,1782151199999999,33804825.4637652,128027,190.52768,12299599.0435527,0
58444-02-15 00:00:00,64602.0,64730.15,64311.0,64334.01,548.78709,1782154799999999,35423274.2121622,119770,168.48441,10879859.4735998,0
58444-03-27 16:00:00,64334.01,64499.28,64276.0,64472.0,579.92511,1782158399999999,37335087.8042352,132093,201.84954,12996108.6081242,0
58444-05-08 08:00:00,64472.51,64659.43,64356.95,64433.8,399.51938,1782161999999999,25773074.6202785,76929,169.33483,10924722.1023614,0
58444-06-19 00:00:00,64433.8,64480.0,64134.39,64320.57,263.4342,1782165599999999,16935381.796253,74523,108.37076,6967646.8680194,0
58444-07-30 16:00:00,64320.57,64396.45,63804.59,63971.12,510.07647,1782169199999999,32658462.7655041,172831,252.99529,16198046.0599992,0
58444-09-10 08:00:00,63971.13,64053.33,63877.61,64020.01,434.17969,1782172799999999,27770505.0766686,102055,240.63878,15394896.3740592,0
58444-10-22 00:00:00,64020.01,64162.02,63828.93,64154.99,679.20038,1782176399999999,43474284.5725161,118491,431.17171,27600283.4923422,0
58444-12-02 16:00:00,64154.99,64273.09,63893.33,64156.0,540.18098,1782179999999999,34648395.563946,124343,256.11001,16428913.5853918,0
58445-01-13 08:00:00,64156.0,64275.38,64042.01,64204.01,319.7542,1782183599999999,20526056.6083264,87249,168.41038,10811988.696875,0
58445-02-24 00:00:00,64204.01,64204.01,63968.42,64065.35,236.76285,1782187199999999,15161726.5129435,81917,108.21329,6928484.770722,0
58445-04-06 16:00:00,64065.34,64095.55,63612.62,63623.02,408.1299,1782190799999999,26064118.4798181,96720,135.37325,8644640.1585217,0
58445-05-18 08:00:00,63623.03,63728.0,63342.34,63400.0,850.99416,1782194399999999,54017478.4332628,149121,257.70609,16364150.4004209,0
58445-06-29 00:00:00,63400.0,63400.0,62568.9,62936.01,1620.65692,1782197999999999,101990732.5381253,256650,707.73887,44524213.6393466,0
58445-08-09 16:00:00,62936.01,63095.0,62872.0,62886.03,1074.96381,1782201599999999,67697249.4650929,151861,555.93503,35010834.3815741,0
58445-09-20 08:00:00,62886.04,62945.08,61938.0,62385.99,4988.90507,1782205199999999,311004983.9310211,339405,1748.29413,108957632.6434623,0
58445-11-01 00:00:00,62386.0,62528.13,62350.44,62386.0,613.23414,1782208799999999,38292861.8341263,108836,276.77945,17281906.2832547,0
58445-12-12 16:00:00,62386.0,62586.0,62247.2,62328.01,387.47153,1782212399999999,24169554.7405214,102104,206.78886,12897738.8185742,0
58446-01-23 08:00:00,62328.01,62643.99,62328.0,62507.06,456.80185,1782215999999999,28550962.1037149,113839,210.46386,13152154.5424285,0
58446-03-06 00:00:00,62507.05,62558.0,62189.42,62256.6,873.94501,1782219599999999,54508795.4134239,154190,289.51607,18055454.039481,0
58446-04-16 16:00:00,62256.61,62538.72,61960.0,62475.99,1294.09387,1782223199999999,80567387.0039932,315624,643.48561,40076145.5219833,0
58446-05-28 08:00:00,62476.0,62855.98,62406.25,62493.63,1302.27666,1782226799999999,81529043.4292178,289302,620.23142,38833934.7602163,0
58446-07-09 00:00:00,62493.63,62507.99,62198.0,62487.79,630.16435,1782230399999999,39285509.8347362,187282,341.0667,21258993.4065084,0
58446-08-19 16:00:00,62487.79,62846.0,62428.01,62558.0,728.22737,1782233999999999,45625781.9244951,177635,435.16598,27270407.5564978,0
58446-09-30 08:00:00,62558.0,62693.48,62327.95,62358.02,533.28034,1782237599999999,33336320.300913,140095,284.55243,17790783.1434384,0
58446-11-11 00:00:00,62358.03,62445.21,62104.7,62241.99,492.79838,1782241199999999,30696538.5613879,123415,243.33767,15159624.6264832,0
58446-12-22 16:00:00,62242.0,62480.0,62230.0,62388.49,707.45732,1782244799999999,44110196.6212865,138899,251.77964,15699421.3103555,0
58447-02-02 08:00:00,62388.49,62531.27,62380.25,62470.7,373.02429,1782248399999999,23301565.3886433,86863,248.55508,15526171.8415157,0
58447-03-16 00:00:00,62470.7,62658.93,62470.7,62599.77,367.76027,1782251999999999,23008841.5745433,83258,239.90823,15009086.0683222,0
58447-04-26 16:00:00,62599.77,62779.82,62526.0,62590.0,430.92568,1782255599999999,26991513.5486152,107234,265.69318,16641983.8690518,0
58447-06-07 08:00:00,62590.0,62799.99,62480.39,62734.57,311.98359,1782259199999999,19533322.8655632,91857,186.99046,11708681.2021693,0
58447-07-19 00:00:00,62734.57,63024.4,62733.29,63014.0,799.18478,1782262799999999,50257377.1081087,126385,421.15799,26484334.6875475,0
58447-08-29 16:00:00,63014.0,63119.45,62772.15,62932.19,599.06927,1782266399999999,37717343.2644233,136982,327.55016,20625556.1784184,0
58447-10-10 08:00:00,62932.19,63013.12,62606.09,62630.0,593.50541,1782269999999999,37243072.4391913,124507,283.81592,17806767.3183897,0
58447-11-21 00:00:00,62630.01,62830.0,62461.87,62729.78,770.64134,1782273599999999,48285451.8056309,136887,352.43356,22082866.9719864,0
58448-01-01 16:00:00,62729.78,62799.62,62525.49,62744.42,650.06924,1782277199999999,40743892.4848036,100974,268.48756,16827856.9739464,0
58448-02-12 08:00:00,62744.41,63073.44,62706.0,62890.0,366.0273,1782280799999999,23016675.4625997,80735,213.42012,13419246.2602144,0
58448-03-25 00:00:00,62889.99,62909.98,62728.73,62780.0,219.5109,1782284399999999,13789231.8086225,61306,97.74234,6139909.3735534,0
58448-05-05 16:00:00,62780.01,62844.0,62610.11,62657.99,589.75592,1782287999999999,36988954.4224336,100614,289.45986,18152378.6780716,0
58448-06-16 08:00:00,62658.0,62807.46,62605.28,62800.0,475.30761,1782291599999999,29798205.1011108,78571,287.05733,17996090.5038455,0
58448-07-28 00:00:00,62800.0,62800.01,62637.08,62681.7,493.71643,1782295199999999,30970089.8411531,98629,167.08346,10478419.0314543,0
58448-09-07 16:00:00,62681.7,62681.7,62412.05,62445.99,530.71886,1782298799999999,33202742.4244735,107683,312.44922,19549597.4632892,0
58448-10-19 08:00:00,62445.99,63239.06,62318.88,62921.19,815.18681,1782302399999999,51105232.4222216,185767,510.66412,32021019.2494812,0
58448-11-30 00:00:00,62921.19,62973.2,62585.2,62618.31,517.25346,1782305999999999,32462007.7509896,138429,267.56981,16791790.6887366,0
58449-01-10 16:00:00,62618.31,62628.75,61255.74,61338.01,2775.24015,1782309599999999,171460989.1304488,555656,1139.53839,70383359.9411118,0
58449-02-21 08:00:00,61338.0,61456.0,60888.0,61113.1,2839.40106,1782313199999999,173673001.9962649,428336,1297.63861,79378015.0318365,0
58449-04-04 00:00:00,61113.1,61150.13,60249.82,60250.0,3237.99155,1782316799999999,196096750.8868212,385003,1538.79403,93131623.9602563,0
58449-05-15 16:00:00,60250.0,60678.1,59622.0,59850.0,4274.39737,1782320399999999,256961396.5296164,480937,1880.65761,113124198.2941476,0
58449-06-26 08:00:00,59850.0,60057.18,59102.7,59404.0,3790.1806,1782323999999999,225687231.7944502,583539,1616.8355,96314396.4142148,0
58449-08-07 00:00:00,59404.0,59930.0,59310.85,59599.99,1583.51728,1782327599999999,94396964.9844506,393229,835.69309,49820379.9110748,0
58449-09-17 16:00:00,59600.0,60000.0,59530.0,59958.3,1195.52715,1782331199999999,71419019.6731363,259015,541.44432,32350288.5948548,0
58449-10-29 08:00:00,59958.3,61208.48,59854.0,60956.0,1821.39287,1782334799999999,110554024.5450643,393703,981.85844,59554293.55378,0
58449-12-10 00:00:00,60956.0,61144.63,60665.75,61110.0,801.00882,1782338399999999,48752774.9189059,167542,341.88455,20816959.4357116,0
58450-01-20 16:00:00,61109.99,61276.0,60802.66,60873.99,523.65642,1782341999999999,31939802.770723,134255,256.14668,15627823.0722823,0
58450-03-03 08:00:00,60874.0,61112.0,60830.01,61077.99,416.02483,1782345599999999,25363580.742251,108847,222.07173,13536918.9741794,0
58450-04-14 00:00:00,61078.0,61163.16,60726.77,60832.0,766.62145,1782349199999999,46691482.8490103,159399,386.45642,23534668.2520461,0
58450-05-25 16:00:00,60832.0,60988.0,60720.23,60928.0,615.84376,1782352799999999,37488948.110786,123199,383.13373,23322846.3414374,0
58450-07-06 08:00:00,60928.0,60966.0,60700.01,60799.08,580.03112,1782356399999999,35286732.7843068,107838,304.86891,18552952.495411,0
58450-08-17 00:00:00,60799.08,60910.63,60684.94,60883.65,479.47033,1782359999999999,29149873.9735193,97929,212.43252,12914978.0489592,0
58450-09-27 16:00:00,60883.66,61410.0,60792.0,61357.63,536.03927,1782363599999999,32726085.5268393,112120,337.81661,20628193.3673824,0
58450-11-08 08:00:00,61357.63,61807.04,61280.0,61600.01,1223.4059,1782367199999999,75352163.7431918,211271,716.18376,44110890.8180097,0
58450-12-20 00:00:00,61600.02,61869.02,61600.01,61732.06,539.2877,1782370799999999,33287442.6698337,123079,278.67206,17201841.8544342,0
58451-01-30 16:00:00,61732.06,61962.4,61670.0,61911.04,937.71339,1782374399999999,57971056.7077148,139142,459.9051,28434566.2444952,0
58451-03-13 08:00:00,61911.03,61920.0,61684.87,61712.35,337.43778,1782377999999999,20843781.7786506,69156,171.53089,10594962.2549008,0
58451-04-24 00:00:00,61712.36,61792.0,61614.32,61739.29,327.48572,1782381599999999,20215186.9965867,85587,169.77317,10479556.2554133,0
58451-06-04 16:00:00,61739.29,61751.07,61257.79,61269.94,686.26895,1782385199999999,42197734.7664403,100210,275.20478,16926978.3449978,0
58451-07-16 08:00:00,61269.95,61422.52,61066.0,61282.01,605.95603,1782388799999999,37119324.375578,142115,310.83945,19041179.1506693,0
58451-08-27 00:00:00,61282.0,61761.35,61080.0,61244.01,1124.99959,1782392399999999,69045797.515176,203749,546.91155,33562751.3187926,0
58451-10-07 16:00:00,61244.01,61369.18,58115.01,58290.17,6396.00513,1782395999999999,380024167.9366999,711570,2298.25949,136663528.5851066,0
58451-11-18 08:00:00,58291.7,60485.51,58291.7,59471.5,6002.27451,1782399599999999,356352667.74290127,918698,2965.10827,176066515.6520778,0
58451-12-30 00:00:00,59471.49,59655.86,58874.85,59557.99,2456.01373,1782403199999999,145520577.581268,571282,1319.44978,78192715.5907105,0
58452-02-09 16:00:00,59557.99,60067.0,59157.63,59312.64,1765.10919,1782406799999999,105192081.350165,402710,870.79628,51916404.2335745,0
58452-03-22 08:00:00,59312.64,59740.9,59139.96,59676.01,1062.87634,1782410399999999,63220574.2137407,306502,503.00637,29919020.2416253,0
58452-05-03 00:00:00,59676.0,59793.34,59364.0,59512.71,978.75101,1782413999999999,58292434.4708983,271117,458.08442,27284351.2854437,0
58452-06-13 16:00:00,59512.71,59516.0,59168.82,59320.0,917.28893,1782417599999999,54413311.6692334,220627,362.89374,21526139.9736505,0
58452-07-25 08:00:00,59319.99,59741.95,59319.99,59456.62,539.40098,1782421199999999,32127053.5970007,174692,283.16712,16863507.5123778,0
58452-09-05 00:00:00,59456.62,60273.81,59452.01,60211.87,617.22274,1782424799999999,36938367.2062279,158340,362.05614,21666377.0986155,0
58452-10-16 16:00:00,60211.86,60211.86,59740.0,59851.27,431.60976,1782428399999999,25857609.024112,145058,196.11012,11748656.7204228,0
58452-11-27 08:00:00,59851.27,60191.55,59739.99,59794.0,458.89363,1782431999999999,27539643.4802058,127885,233.49284,14016416.1341017,0
58453-01-08 00:00:00,59794.64,59906.71,59642.77,59667.09,875.61527,1782435599999999,52339859.6749466,162674,402.27417,24045628.9145125,0
58453-02-18 16:00:00,59667.09,59789.07,59228.0,59431.5,833.71293,1782439199999999,49561281.2830479,202581,447.29874,26586696.6038339,0
58453-04-01 08:00:00,59431.49,59456.0,58358.77,58561.99,2633.6835,1782442799999999,154710939.9701277,452610,1122.02177,65899172.1461507,0
58453-05-13 00:00:00,58562.0,60131.37,58337.0,60036.01,1886.07235,1782446399999999,111839134.5175691,405660,1041.04862,61760408.6655435,0
58453-06-23 16:00:00,60036.0,60238.77,59836.17,59920.47,843.9784,1782449999999999,50615473.7812277,213990,430.93902,25845360.1563723,0
58453-08-04 08:00:00,59920.47,60047.68,59736.0,59953.3,883.13649,1782453599999999,52912089.8899528,188170,523.3905,31360566.2907096,0
58453-09-15 00:00:00,59953.3,60459.55,59702.0,60324.0,1504.97927,1782457199999999,90291075.0536797,234388,838.97148,50329500.2762387,0
58453-10-26 16:00:00,60324.0,60759.99,60283.08,60532.0,2153.07079,1782460799999999,130446544.6459951,229646,1348.28161,81696058.4970191,0
58453-12-07 08:00:00,60532.0,60580.0,60150.56,60245.67,803.85464,1782464399999999,48471863.7117057,177708,399.32213,24075236.5024415,0
58454-01-18 00:00:00,60245.9,60259.37,59583.33,59736.01,832.22202,1782467999999999,49907821.1224485,193497,392.74698,23553094.872473,0
58454-02-28 16:00:00,59736.01,59858.93,59239.78,59313.26,1050.97441,1782471599999999,62640915.5483286,210687,354.72724,21145961.5453987,0
58454-04-11 08:00:00,59313.26,59588.0,59259.78,59413.24,1048.3329,1782475199999999,62289028.2165383,225697,322.03281,19141812.7443705,0
58454-05-23 00:00:00,59413.24,60007.91,58969.9,59185.02,1710.35381,1782478799999999,101670395.3150019,391882,719.69305,42801279.414415,0
58454-07-03 16:00:00,59185.02,60216.14,58500.1,60175.43,2730.33879,1782482399999999,161544165.5350508,614901,1286.43381,76192709.6016942,0
58454-08-14 08:00:00,60175.42,60294.0,59390.0,59590.73,1745.27867,1782485999999999,104509262.7157258,495443,937.57446,56172265.0208356,0
58454-09-25 00:00:00,59590.73,60500.0,59584.01,60328.32,1582.87088,1782489599999999,95236567.3230126,372943,921.34482,55436539.8828693,0
58454-11-05 16:00:00,60328.18,60583.0,59970.0,60041.75,1128.46917,1782493199999999,67961986.7343316,298153,661.35131,39846323.7082952,0
58454-12-17 08:00:00,60041.76,60287.9,59952.0,60023.97,546.63522,1782496799999999,32855604.526349,201851,315.50374,18964096.251379,0
58455-01-28 00:00:00,60023.96,60158.0,59556.0,59668.01,504.21141,1782500399999999,30176033.7151251,159873,214.81078,12861504.4378011,0
58455-03-10 16:00:00,59668.01,60098.0,59617.37,59751.97,708.47753,1782503999999999,42438174.0781364,194888,408.78042,24484647.0846078,0
58455-04-21 08:00:00,59751.96,59994.0,59571.31,59718.0,454.05927,1782507599999999,27129153.688639,156305,243.15483,14528392.6629185,0
58455-06-02 00:00:00,59717.99,60050.0,59678.0,59918.7,287.90036,1782511199999999,17238848.5599903,93981,151.39467,9065333.0385962,0
58455-07-13 16:00:00,59918.7,60080.0,59754.0,60048.0,335.92054,1782514799999999,20134254.5347496,79936,234.62324,14063629.2428679,0
58455-08-24 08:00:00,60048.0,60117.64,59923.27,60097.27,319.40861,1782518399999999,19181584.2361325,61670,189.77017,11396743.4394389,0
58455-10-05 00:00:00,60097.27,60197.0,59876.22,60059.07,360.77885,1782521999999999,21659175.8967819,73424,218.60438,13122049.0070622,0
58455-11-15 16:00:00,60059.09,60068.0,59936.07,59945.53,245.35114,1782525599999999,14715922.9986068,50580,122.4493,7344564.6529818,0
58455-12-27 08:00:00,59945.53,60378.23,59921.68,60290.01,695.38686,1782529199999999,41891050.3614003,101215,472.47929,28472726.4854983,0
58456-02-07 00:00:00,60290.01,60412.0,60159.91,60305.73,438.61125,1782532799999999,26450683.7734932,81504,278.0817,16770876.2331375,0
58456-03-19 16:00:00,60305.73,60482.0,60217.26,60239.99,303.30454,1782536399999999,18317679.7123417,58443,166.47542,10054309.4656703,0
58456-04-30 08:00:00,60240.0,60311.0,60136.0,60236.76,444.9193,1782539999999999,26798807.105851,53952,307.88905,18545072.9470332,0
58456-06-11 00:00:00,60236.75,60500.0,60093.33,60370.62,581.81791,1782543599999999,35069964.0852613,77151,311.15433,18767952.8573586,0
58456-07-22 16:00:00,60370.63,60574.0,60300.0,60548.07,825.68653,1782547199999999,49908215.6496898,77214,312.69149,18900111.8478952,0
58456-09-02 08:00:00,60548.06,60548.74,60371.62,60456.0,470.55782,1782550799999999,28451213.5142682,61408,274.75326,16614595.6227137,0
58456-10-14 00:00:00,60456.0,60511.99,60289.55,60414.62,307.96541,1782554399999999,18601643.6332918,58356,117.14622,7076379.6663972,0
58456-11-24 16:00:00,60414.62,60487.31,60380.0,60420.28,137.8511,1782557999999999,8330482.5264986,36219,64.41634,3892515.0461017,0
58457-01-05 08:00:00,60420.28,60447.8,60198.94,60363.65,275.39332,1782561599999999,16614326.5779319,63360,154.9053,9347155.2178352,0
58457-02-16 00:00:00,60363.65,60430.01,60257.03,60430.0,349.0457,1782565199999999,21062550.1141492,63530,177.02135,10684178.997174,0
58457-03-29 16:00:00,60430.0,60665.74,60394.0,60588.35,434.13389,1782568799999999,26261981.1418786,81761,241.54445,14611822.6865434,0
58457-05-10 08:00:00,60588.35,60728.0,60510.0,60611.5,306.64293,1782572399999999,18588946.0977214,76540,167.77806,10171765.6301182,0
58457-06-21 00:00:00,60611.49,60941.17,60570.0,60840.06,606.25294,1782575999999999,36861810.8134497,112401,331.39925,20146936.1811542,0
58457-08-01 16:00:00,60840.06,60855.03,60673.64,60807.99,239.6938,1782579599999999,14567100.8828227,65163,126.40823,7682534.4603998,0
58457-09-12 08:00:00,60808.0,60818.76,60413.15,60524.88,548.67896,1782583199999999,33227976.7469438,106011,256.97477,15560922.7370559,0
58457-10-24 00:00:00,60524.89,60576.03,60446.25,60570.86,229.00634,1782586799999999,13860076.1434874,60414,133.21352,8062884.1431586,0
58457-12-04 16:00:00,60570.86,60605.41,60085.88,60175.95,414.61342,1782590399999999,25008261.7967387,100858,166.71484,10056731.6328987,0
58458-01-15 08:00:00,60175.95,60306.0,60173.07,60300.0,220.12001,1782593999999999,13266580.8351002,44005,131.32829,7915021.7104636,0
58458-02-26 00:00:00,60300.0,60482.18,60142.0,60203.82,280.50282,1782597599999999,16924688.7736216,69861,150.30608,9069126.8963417,0
58458-04-08 16:00:00,60203.83,60256.56,59855.16,60228.95,377.17485,1782601199999999,22661172.0530944,107848,152.06586,9135447.0822037,0
58458-05-20 08:00:00,60228.96,60320.0,59952.0,60029.0,493.73947,1782604799999999,29664951.8354214,82198,232.12572,13945509.051502,0
58458-07-01 00:00:00,60029.01,60190.0,60018.0,60146.0,462.24707,1782608399999999,27801502.9753339,57776,229.80345,13819921.4698213,0
58458-08-11 16:00:00,60146.0,60273.38,59986.0,60222.22,267.56528,1782611999999999,16093105.8223395,57460,121.32732,7298081.7761381,0
58458-09-22 08:00:00,60222.21,60339.99,60054.0,60150.45,403.64282,1782615599999999,24281562.7199908,52472,230.8739,13890463.2079585,0
58458-11-03 00:00:00,60150.46,60275.0,60150.45,60197.04,255.71231,1782619199999999,15398056.3454286,41734,126.98002,7647488.1883788,0
58458-12-14 16:00:00,60197.03,60231.83,60088.04,60133.0,191.50597,1782622799999999,11525619.523093,38129,104.14566,6268367.4728819,0
58459-01-25 08:00:00,60133.01,60140.0,59753.48,59989.17,345.08439,1782626399999999,20677361.047531,89588,145.15325,8695954.7668822,0
58459-03-08 00:00:00,59989.18,60030.0,59808.0,60002.82,217.95005,1782629999999999,13065476.3460546,54274,102.75802,6160076.9859576,0
58459-04-18 16:00:00,60002.82,60259.68,60000.0,60219.99,361.83587,1782633599999999,21776544.3684652,57588,211.36159,12718763.588879,0
58459-05-30 08:00:00,60220.0,60545.01,60140.14,60370.0,491.6084,1782637199999999,29656618.965816,89011,302.98732,18277928.0291913,0
58459-07-11 00:00:00,60370.01,60462.0,60250.81,60258.84,222.4062,1782640799999999,13426178.6211942,65409,108.9901,6580348.2205994,0
58459-08-21 16:00:00,60258.85,60292.48,60068.0,60166.71,181.18756,1782644399999999,10901038.33806,55672,89.66664,5394761.0253636,0
58459-10-02 08:00:00,60166.71,60374.05,60100.0,60342.0,225.05378,1782647999999999,13554368.895132,64366,88.20241,5314482.5237452,0
58459-11-13 00:00:00,60341.99,60457.02,60190.0,60293.51,212.9354,1782651599999999,12840041.9107424,76679,90.33396,5447155.7080025,0
58459-12-24 16:00:00,60293.5,60293.51,59963.86,60071.88,369.88204,1782655199999999,22230271.8352182,109537,189.59236,11395519.2402062,0
58460-02-04 08:00:00,60071.89,60250.0,60018.0,60033.0,318.13606,1782658799999999,19127426.3792184,89124,156.84624,9430122.8865402,0
58460-03-17 00:00:00,60033.01,60130.0,59817.28,59890.0,467.03244,1782662399999999,28007924.7373179,110970,198.38316,11898647.5490352,0
58460-04-27 16:00:00,59890.35,59943.9,59582.34,59690.62,567.70369,1782665999999999,33912883.0968,169266,261.76198,15635099.3222771,0
58460-06-08 08:00:00,59690.62,59848.0,59403.77,59586.01,519.06441,1782669599999999,30937911.3351185,134230,226.98842,13530554.1915665,0
58460-07-20 00:00:00,59586.0,59700.0,59502.0,59614.46,272.01169,1782673199999999,16214086.1142644,80769,125.70248,7493709.1941304,0
58460-08-30 16:00:00,59614.46,59682.0,59270.26,59481.79,301.99561,1782676799999999,17954136.6385005,111748,143.37444,8526147.5372428,0
58460-10-11 08:00:00,59481.78,59765.9,59474.28,59660.0,227.14803,1782680399999999,13552512.7989187,73816,141.35414,8433976.0723596,0
58460-11-22 00:00:00,59660.0,59796.66,59333.33,59445.95,531.65984,1782683999999999,31663885.9567549,107732,250.23244,14904477.8536331,0
58461-01-02 16:00:00,59445.96,59906.0,58905.0,59067.01,983.67622,1782687599999999,58356158.78863,328293,361.58082,21472705.6144381,0
58461-02-13 08:00:00,59067.0,59848.0,59011.99,59577.01,510.09283,1782691199999999,30378547.251194,183589,282.24576,16807137.9353495,0
58461-03-27 00:00:00,59577.01,59700.0,59000.01,59667.01,549.31747,1782694799999999,32581991.6572125,282153,249.60603,14810994.1314751,0
58461-05-07 16:00:00,59667.0,59697.0,59206.0,59440.95,647.05387,1782698399999999,38488733.828369,193757,291.54439,17341528.2624384,0
58461-06-18 08:00:00,59440.95,59812.0,58900.01,59757.46,1223.86338,1782701999999999,72858476.2867862,235363,679.80321,40475427.4948168,0
58461-07-30 00:00:00,59757.47,60233.0,59757.47,60049.46,780.88525,1782705599999999,46864820.3567485,203300,456.06944,27366788.3659906,0
58461-09-09 16:00:00,60049.45,60053.99,59746.0,59830.0,361.46912,1782709199999999,21645810.970825,119825,168.6754,10100513.7452635,0
58461-10-21 08:00:00,59830.01,60102.8,59392.02,60102.8,496.75535,1782712799999999,29661309.6103883,186560,245.55898,14666811.8095303,0
58461-12-02 00:00:00,60102.8,60346.27,60050.67,60075.49,683.16036,1782716399999999,41109328.7365083,157840,330.86466,19909688.6907888,0
58462-01-12 16:00:00,60075.5,60186.94,59936.0,60026.0,536.94262,1782719999999999,32249136.3369689,98981,211.4679,12702495.8489424,0
58462-02-23 08:00:00,60026.01,60093.99,59745.46,59840.0,550.67382,1782723599999999,32995516.238516,147264,263.23571,15771379.3573545,0
58462-04-06 00:00:00,59840.01,60104.0,59778.76,60057.0,747.08903,1782727199999999,44798064.8051519,150655,445.90322,26740507.600708,0
58462-05-17 16:00:00,60057.0,60311.95,60056.99,60088.0,441.90219,1782730799999999,26586910.0801123,124532,177.48586,10678644.0977995,0
58462-06-28 08:00:00,60088.0,60216.0,59796.0,59956.05,515.67042,1782734399999999,30925308.3859877,145365,229.72618,13776659.7100313,0
58462-08-09 00:00:00,59956.05,60780.57,59595.09,59948.78,2600.10754,1782737999999999,156762919.0571457,457311,1438.49747,86764993.1347814,0
58462-09-19 16:00:00,59948.79,60340.0,59319.9,59580.0,2144.2543,1782741599999999,128106530.0278954,436186,1069.97015,63970238.1849081,0
58462-10-31 08:00:00,59580.0,59699.99,59011.0,59469.67,1999.07246,1782745199999999,118593704.8595734,516828,933.46001,55382025.9900185,0
58462-12-12 00:00:00,59469.45,59960.0,59097.58,59824.01,1368.0568,1782748799999999,81542856.0207133,316394,643.9366,38401066.3803126,0
58463-01-22 16:00:00,59824.01,60030.0,59584.48,59892.86,663.03532,1782752399999999,39649580.3059339,203889,342.4273,20480631.0624995,0
58463-03-05 08:00:00,59892.87,60683.84,59892.0,60413.99,1795.75633,1782755999999999,108563615.5660086,291079,1146.2004,69292332.8197256,0
58463-04-16 00:00:00,60413.99,60520.0,60193.87,60295.0,525.48841,1782759599999999,31708316.9417913,136627,223.6878,13498294.9312552,0
58463-05-27 16:00:00,60295.0,60557.5,60153.35,60433.49,501.01522,1782763199999999,30248051.1690347,145050,256.4779,15485229.1224269,0
58463-07-08 08:00:00,60433.5,60553.06,60295.32,60296.0,312.86249,1782766799999999,18907793.3884407,106341,167.59365,10129290.38356,0
58463-08-19 00:00:00,60296.01,60585.99,60261.89,60479.72,294.76243,1782770399999999,17803232.8325346,80099,145.57774,8793871.0583006,0
58463-09-29 16:00:00,60479.71,60516.0,60350.0,60352.31,211.76202,1782773999999999,12796348.9393283,79380,86.85502,5248814.3188068,0
58463-11-10 08:00:00,60352.31,60379.23,60194.01,60260.21,252.18558,1782777599999999,15199881.342041,69557,129.53725,7807022.0237925,0
58463-12-22 00:00:00,60260.2,60276.54,59700.0,59838.01,709.83194,1782781199999999,42576519.4730504,166905,281.01678,16856082.2936533,0
58464-02-01 16:00:00,59838.01,60048.98,59771.0,59939.94,341.19535,1782784799999999,20438655.9334074,122426,176.13155,10551978.4149837,0
58464-03-14 08:00:00,59939.94,60042.54,59755.0,59948.24,424.27619,1782788399999999,25431758.8384138,70631,241.91792,14501062.9477163,0
58464-04-25 00:00:00,59948.24,60031.75,59600.0,59627.48,381.85931,1782791999999999,22844335.5009621,97355,161.6412,9671308.7770847,0
58464-06-05 16:00:00,59627.47,59700.0,59433.36,59492.01,774.8482,1782795599999999,46133824.621919,124442,310.18818,18470619.0456791,0
58464-07-17 08:00:00,59492.01,59656.89,59360.0,59652.13,807.92024,1782799199999999,48075635.2161733,99061,390.70014,23240094.9563689,0
58464-08-28 00:00:00,59652.13,59712.88,59513.72,59592.0,708.76994,1782802799999999,42217961.428285,97993,292.74179,17438792.3865964,0
58464-10-08 16:00:00,59592.0,59632.0,59444.0,59524.01,762.40668,1782806399999999,45379833.9760934,112318,299.47654,17824255.2338563,0
58464-11-19 08:00:00,59524.01,59551.03,59189.0,59311.92,879.64073,1782809999999999,52200288.9146523,156155,384.68669,22827451.0194559,0
58464-12-31 00:00:00,59311.26,59420.0,59252.0,59374.96,442.65865,1782813599999999,26267712.2159913,88435,176.849,10495504.9459741,0
58465-02-10 16:00:00,59374.96,59420.0,59286.36,59334.01,300.40182,1782817199999999,17830755.0801973,77718,127.35046,7559648.8280496,0
58465-03-24 08:00:00,59334.01,59413.27,59123.01,59192.7,466.77156,1782820799999999,27657482.2752146,119743,226.37116,13414108.6945816,0
58465-05-05 00:00:00,59192.71,59192.71,58403.51,58412.0,2043.39825,1782824399999999,120207614.403946,281566,731.86909,43060286.463502,0
58465-06-15 16:00:00,58411.99,58802.66,58228.33,58737.18,2504.50868,1782827999999999,146521927.5963403,405820,1338.68773,78337035.4842928,0
58465-07-27 08:00:00,58737.17,59276.6,58433.0,58482.81,1779.99006,1782831599999999,104813434.8904595,393176,919.97037,54191988.3563397,0
58465-09-07 00:00:00,58482.81,58796.0,58201.0,58381.99,1563.15031,1782835199999999,91300071.0121515,330146,722.16848,42182738.7515333,0
58465-10-18 16:00:00,58382.0,58632.0,58241.79,58497.65,1178.89718,1782838799999999,68842598.8753777,205422,503.78164,29422878.0592856,0
58465-11-29 08:00:00,58497.65,58618.65,58310.72,58417.99,632.53618,1782842399999999,36957916.7678393,164320,246.59975,14409150.2521795,0
58466-01-10 00:00:00,58417.99,58699.98,58351.56,58680.87,605.07781,1782845999999999,35404263.0443041,158375,266.88819,15619136.3227842,0
58466-02-20 16:00:00,58680.86,58839.16,58586.01,58818.05,678.6415,1782849599999999,39837327.5407691,160151,329.59967,19349455.693619,0
58466-04-03 08:00:00,58818.0,58874.99,58648.26,58732.01,428.82351,1782853199999999,25195928.0093711,107496,190.70232,11204093.6277645,0
58466-05-15 00:00:00,58732.0,58770.0,58509.99,58639.99,398.14222,1782856799999999,23338596.696816,106726,190.26444,11152224.7727878,0
58466-06-25 16:00:00,58639.99,58806.91,58513.8,58607.99,274.43078,1782860399999999,16096803.4083756,82205,135.70062,7960798.381917,0
58466-08-06 08:00:00,58607.99,58664.0,58555.0,58624.71,551.65078,1782863999999999,32339945.7692464,76224,234.24755,13731001.4215691,0
58466-09-17 00:00:00,58624.71,58750.68,58310.0,58576.0,670.64661,1782867599999999,39287687.8784939,123702,407.14947,23863996.2932932,0
58466-10-28 16:00:00,58575.99,59022.81,57800.19,58770.57,2987.12539,1782871199999999,174051918.7263013,416892,1170.57071,68353222.2207003,0
58466-12-09 08:00:00,58770.58,59171.63,58663.95,59085.0,692.74758,1782874799999999,40851992.4897608,168468,382.5404,22558060.4002528,0
58467-01-20 00:00:00,59085.0,59318.0,58850.0,59197.13,715.44075,1782878399999999,42258226.3913183,133321,385.35606,22767806.6902994,0
58467-03-02 16:00:00,59197.12,59457.0,59062.0,59339.99,480.11636,1782881999999999,28466664.9745289,117699,196.74879,11664634.9927597,0
58467-04-13 08:00:00,59339.99,59376.48,59126.42,59154.33,432.30487,1782885599999999,25617195.9439065,87493,138.44589,8202749.8191029,0
58467-05-25 00:00:00,59154.33,59156.0,58534.31,58755.8,794.13401,1782889199999999,46677427.909777,149912,337.31243,19821456.2081202,0
58467-07-05 16:00:00,58755.8,58823.9,58600.0,58768.65,479.85852,1782892799999999,28170098.9347609,107430,274.42548,16108896.4692872,0
58467-08-16 08:00:00,58768.64,58984.0,58500.0,58973.99,381.93254,1782896399999999,22416335.7909086,108372,191.72148,11254146.3895485,0
58467-09-27 00:00:00,58973.99,59091.99,58825.61,58944.55,417.79405,1782899999999999,24620304.6467238,82562,217.29554,12805974.4297421,0
58467-11-07 16:00:00,58944.55,58948.47,58624.0,58659.98,405.70309,1782903599999999,23830898.492826,92010,156.96634,9220153.9433312,0
58467-12-19 08:00:00,58659.97,58755.9,58550.0,58622.03,396.69177,1782907199999999,23276107.6482346,107085,194.66824,11424600.0551989,0
58468-01-30 00:00:00,58622.02,58676.0,58326.0,58538.01,1716.61119,1782910799999999,100399963.8131317,181350,695.90633,40692636.5665499,0
58468-03-11 16:00:00,58538.0,59508.0,58536.0,59498.03,2321.79547,1782914399999999,136871115.7757315,348767,1270.51675,74940612.2228202,0
58468-04-22 08:00:00,59498.03,60092.0,59278.0,59542.0,3726.2091,1782917999999999,222663560.43997088,406148,2324.06945,138877765.8804351,0
58468-06-03 00:00:00,59541.99,60536.55,59520.51,60147.15,2322.06211,1782921599999999,139735458.372849,312603,1414.97758,85142528.770028,0
58468-07-14 16:00:00,60147.15,60267.17,59865.75,59920.0,862.80045,1782925199999999,51856461.1872677,147024,467.62082,28108215.4999293,0
58468-08-25 08:00:00,59920.0,60239.84,59787.35,60190.6,480.08928,1782928799999999,28839738.1927882,136501,270.92669,16280373.2368908,0
58468-10-06 00:00:00,60190.59,60298.0,60016.4,60171.16,343.31457,1782932399999999,20650572.0014599,116599,168.78192,10153887.5830263,0
58468-11-16 16:00:00,60171.16,60352.93,60000.0,60028.67,548.14825,1782935999999999,32978388.8475474,114860,242.75026,14604670.8461514,0
58468-12-28 08:00:00,60029.39,60198.0,59876.0,60126.0,313.10277,1782939599999999,18788882.1277669,98507,152.98763,9181562.438607,0
58469-02-08 00:00:00,60126.0,60846.95,60124.89,60815.99,1153.57611,1782943199999999,69939796.1480288,194215,749.63241,45447926.4773749,0
58469-03-21 16:00:00,60815.99,61334.0,60339.0,60478.01,1877.61599,1782946799999999,114286616.2232578,253429,921.23637,56069108.0825023,0
58469-05-02 08:00:00,60478.0,60478.0,59984.86,60024.0,573.62579,1782950399999999,34515893.8616108,161900,203.50591,12243030.0145297,0
58469-06-13 00:00:00,60024.0,60028.0,59588.0,59761.73,857.93081,1782953999999999,51288627.6908656,152090,543.4395,32483817.7583002,0
58469-07-24 16:00:00,59761.74,60324.99,59715.8,60175.92,634.42084,1782957599999999,38060659.9179396,145831,332.59554,19957192.8545138,0
58469-09-04 08:00:00,60175.91,60495.24,60015.68,60423.1,520.9397,1782961199999999,31420354.295775,125111,313.07083,18886464.2321697,0
58469-10-16 00:00:00,60423.11,61121.78,60300.02,61058.0,891.65369,1782964799999999,54130945.7890729,166708,530.04177,32189194.7696073,0
58469-11-26 16:00:00,61057.99,61058.0,60728.0,60787.98,793.20588,1782968399999999,48260105.485581,142009,320.60459,19511601.9472958,0
58470-01-07 08:00:00,60787.98,60877.69,60488.0,60504.54,836.16486,1782971999999999,50795991.3107509,148561,338.41313,20561128.3488626,0
58470-02-18 00:00:00,60504.54,60652.74,60260.0,60274.01,838.53408,1782975599999999,50660973.6820587,129863,386.21294,23337775.917329,0
58470-03-31 16:00:00,60274.01,60315.93,60104.0,60149.99,593.99067,1782979199999999,35744880.2108937,116951,279.96025,16846609.4424633,0
58470-05-12 08:00:00,60149.99,60555.06,60132.51,60511.99,573.38622,1782982799999999,34623724.2800689,104894,347.13287,20963975.6633082,0
58470-06-23 00:00:00,60512.0,61437.49,60376.13,61184.0,1895.63178,1782986399999999,115653248.3555107,267289,1074.95542,65571580.2258649,0
58470-08-03 16:00:00,61184.0,61350.0,61051.07,61263.68,711.1086,1782989999999999,43518175.6849824,159653,401.9458,24596991.6075771,0
58470-09-14 08:00:00,61263.93,61388.0,61125.58,61358.01,823.29588,1782993599999999,50464960.0787662,141156,441.7838,27079967.0253858,0
58470-10-26 00:00:00,61358.0,61614.0,61147.23,61542.53,1476.64291,1782997199999999,90672172.6551385,234644,750.98998,46119064.9600359,0
58470-12-06 16:00:00,61542.53,62053.0,61506.0,61939.04,2503.04906,1783000799999999,154778875.7555413,349562,1534.71657,94909593.9929674,0
58471-01-17 08:00:00,61939.04,62200.0,61394.49,61696.61,1834.43153,1783004399999999,113356111.5059538,386499,796.17649,49217700.2538544,0
58471-02-28 00:00:00,61696.61,61850.86,61427.39,61612.93,955.089,1783007999999999,58888998.6365848,216338,396.65413,24453821.0971973,0
58471-04-10 16:00:00,61612.93,61790.13,61108.99,61682.34,1526.68052,1783011599999999,93836238.8306225,247965,922.77175,56725111.7830579,0
58471-05-22 08:00:00,61682.34,61962.43,61619.69,61667.39,742.84693,1783015199999999,45881018.5640977,146063,394.24939,24357266.818542,0
58471-07-03 00:00:00,61667.4,61900.29,61664.39,61761.36,457.24217,1783018799999999,28258803.7472341,89396,286.30621,17696335.4444025,0
58471-08-13 16:00:00,61761.36,61763.81,61424.0,61479.6,567.93379,1783022399999999,34970676.7767087,132964,285.10815,17556913.3288871,0
58471-09-24 08:00:00,61479.59,61596.0,61342.0,61584.78,435.70751,1783025999999999,26769120.8223245,94517,262.05794,16101526.6243026,0
58471-11-05 00:00:00,61584.77,61653.43,61516.0,61592.26,335.09994,1783029599999999,20628134.8552013,55856,142.17913,8751684.7827121,0
58471-12-16 16:00:00,61592.26,61596.62,61406.28,61465.26,313.41399,1783033199999999,19281618.7388154,47958,156.35054,9619206.5639714,0
58472-01-27 08:00:00,61465.26,61606.0,61350.02,61560.0,263.74127,1783036799999999,16212152.0496037,81218,157.13845,9659916.2070427,0
58472-03-09 00:00:00,61560.0,61578.0,61248.86,61308.75,803.35853,1783040399999999,49316701.3093341,129250,339.46261,20839160.5676275,0
58472-04-19 16:00:00,61308.75,61733.11,61286.0,61588.0,365.29608,1783043999999999,22497995.3450796,145682,221.11447,13617661.6616883,0
58472-05-31 08:00:00,61588.0,61664.62,61294.0,61440.01,718.15053,1783047599999999,44118830.4175729,118531,304.77972,18723377.4086643,0
58472-07-12 00:00:00,61440.01,61575.15,61324.0,61434.0,592.37701,1783051199999999,36377767.4427026,88348,278.21935,17085916.3212505,0
58472-08-22 16:00:00,61434.0,61524.01,61332.76,61448.0,597.68744,1783054799999999,36734041.9778671,80555,254.17872,15621835.7454285,0
58472-10-03 08:00:00,61448.0,61808.0,61430.0,61700.49,669.42027,1783058399999999,41260901.7525898,110591,323.36049,19927842.4592895,0
58472-11-14 00:00:00,61700.49,61850.0,61612.0,61710.01,821.5655,1783061999999999,50713075.5179235,81062,419.79449,25914007.2188176,0
58472-12-25 16:00:00,61710.01,61864.99,61659.32,61750.47,1075.23435,1783065599999999,66424208.0048396,93779,485.86314,30013810.4280704,0
58473-02-05 08:00:00,61750.47,61896.99,61554.07,61584.0,341.60269,1783069199999999,21097152.8925494,107377,174.20696,10759913.4864969,0
58473-03-19 00:00:00,61583.99,61783.89,61510.01,61718.68,336.50784,1783072799999999,20749591.2810719,97250,196.04573,12089539.7900886,0
58473-04-29 16:00:00,61718.69,62038.0,61663.98,61916.46,481.39402,1783076399999999,29786115.4552093,115268,301.62442,18666426.9195806,0
58473-06-10 08:00:00,61916.46,62103.1,61840.0,62024.02,549.87382,1783079999999999,34080210.1580856,112015,239.63463,14857381.5513542,0
58473-07-22 00:00:00,62024.01,62174.47,61871.66,61983.99,627.72129,1783083599999999,38933130.8669479,122392,341.8704,21205749.5020329,0
58473-09-01 16:00:00,61984.0,62282.0,61944.0,62116.01,790.28341,1783087199999999,49076835.4613899,117484,517.2065,32120617.8141223,0
58473-10-13 08:00:00,62116.0,62280.0,61700.0,62167.48,768.79968,1783090799999999,47620712.0016723,161693,432.755,26804801.7118043,0
58473-11-24 00:00:00,62167.47,62400.0,61820.0,61922.72,627.67216,1783094399999999,38969475.8757773,146274,284.80909,17688600.8970516,0
58474-01-04 16:00:00,61922.71,62125.99,61911.65,62104.81,308.0973,1783097999999999,19113086.4079225,79789,136.82648,8488337.3559857,0
58474-02-15 08:00:00,62104.81,62292.51,62068.78,62194.0,345.47791,1783101599999999,21488560.6495185,81355,192.99178,12005096.5519598,0
58474-03-29 00:00:00,62193.99,62250.0,62118.0,62204.01,298.61687,1783105199999999,18571648.3359378,58544,194.28909,12083437.9364435,0
58474-05-09 16:00:00,62204.0,62317.64,62146.0,62210.0,345.20311,1783108799999999,21483896.6472649,79378,214.39459,13343891.0857206,0
58474-06-20 08:00:00,62210.0,62907.77,62186.01,62776.92,1103.81636,1783112399999999,69151681.1096986,181340,668.90196,41902256.5314039,0
58474-08-01 00:00:00,62776.91,62979.86,62518.72,62732.0,530.36622,1783115999999999,33268537.0491149,140803,259.22648,16262807.7230062,0
58474-09-11 16:00:00,62732.0,62748.01,62538.47,62578.0,461.77097,1783119599999999,28925294.1685991,62543,211.22225,13229000.0460793,0
58474-10-23 08:00:00,62578.0,62707.67,62529.03,62583.26,488.69291,1783123199999999,30600481.4546158,60228,257.20848,16105121.3654928,0
58474-12-04 00:00:00,62583.26,62946.0,62578.55,62756.29,451.82518,1783126799999999,28366421.0059591,95767,237.09896,14883889.5830033,0
58475-01-14 16:00:00,62756.29,62756.29,62404.25,62468.44,740.55394,1783130399999999,46319276.5827211,114503,213.98914,13377022.7077698,0
58475-02-25 08:00:00,62468.44,62576.0,62432.0,62538.96,288.40853,1783133999999999,18023799.7008009,60090,143.72755,8982119.2502344,0
58475-04-08 00:00:00,62538.96,62750.0,62484.01,62627.29,272.8732,1783137599999999,17089272.5600525,63449,152.12141,9527735.7678296,0
58475-05-19 16:00:00,62627.28,62749.97,62590.06,62700.0,372.06056,1783141199999999,23319559.8223825,57521,205.2843,12866577.9739201,0
58475-06-30 08:00:00,62700.0,62700.01,62441.29,62471.52,289.90978,1783144799999999,18129281.367327,47697,116.9926,7314798.845597,0
58475-08-11 00:00:00,62471.53,62559.43,62328.24,62500.01,328.21302,1783148399999999,20501213.1756621,60653,149.04749,9311601.4241673,0
58475-09-21 16:00:00,62500.01,62634.24,62470.0,62576.0,488.37245,1783151999999999,30537595.8252214,52650,281.06015,17573738.6337594,0
58475-11-02 08:00:00,62576.0,62674.47,62516.46,62553.78,325.39629,1783155599999999,20367591.1488243,53391,175.75158,11000878.6487302,0
58475-12-14 00:00:00,62553.78,62583.99,62415.87,62494.0,256.44372,1783159199999999,16023469.356719,49756,108.06846,6753715.3346428,0
58476-01-24 16:00:00,62494.01,62545.02,62445.38,62513.0,261.05012,1783162799999999,16313423.1959951,36839,161.25519,10077430.587056,0
58476-03-06 08:00:00,62512.99,62563.84,62456.24,62482.01,236.75332,1783166399999999,14797808.8299329,30521,101.27808,6330750.6054881,0
58476-04-17 00:00:00,62482.0,62696.78,62482.0,62664.01,160.12973,1783169999999999,10022674.1064345,38790,100.1569,6268828.185091,0
58476-05-28 16:00:00,62664.01,62776.92,62542.0,62588.84,234.91268,1783173599999999,14714095.563089,59168,116.56931,7302625.0005091,0
58476-07-09 08:00:00,62588.84,62738.28,62585.53,62693.99,214.12592,1783177199999999,13417620.0707603,61996,88.01842,5515178.0160529,0
58476-08-20 00:00:00,62693.99,63075.46,62687.89,62943.29,746.82104,1783180799999999,46971886.2636452,143326,445.96457,28053424.0285043,0
58476-09-30 16:00:00,62943.29,62968.29,62786.0,62927.29,446.2616,1783184399999999,28067612.2186765,81881,261.77651,16464250.330193,0
58476-11-11 08:00:00,62927.3,63439.62,62803.0,63280.38,752.34234,1783187999999999,47516417.7648264,125224,439.02054,27729067.7009002,0
58476-12-23 00:00:00,63280.38,63346.0,63092.02,63172.78,347.58599,1783191599999999,21966060.1935679,79625,216.05525,13655079.9618104,0
58477-02-02 16:00:00,63172.79,63461.99,63123.49,63294.72,328.68996,1783195199999999,20804806.1426304,77844,125.76706,7961250.4167911,0
58477-03-16 08:00:00,63294.72,63392.0,63155.37,63233.78,287.12408,1783198799999999,18162405.806332,73377,155.93115,9864857.0638436,0
58477-04-27 00:00:00,63233.79,63448.0,63202.0,63297.84,239.07967,1783202399999999,15144354.4608951,57280,80.15776,5078373.9343427,0
58477-06-07 16:00:00,63297.83,63310.0,63160.0,63184.99,486.87752,1783205999999999,30773771.9310859,47140,347.74282,21977627.3309536,0
58477-07-19 08:00:00,63185.0,63241.33,62927.98,63144.01,584.01676,1783209599999999,36883428.989064,74800,330.70077,20886096.2948629,0
58477-08-30 00:00:00,63144.01,63144.01,62888.86,62991.29,348.66174,1783213199999999,21976925.7252029,77561,151.01609,9517577.8641882,0
58477-10-10 16:00:00,62991.3,63043.15,62800.0,62887.94,447.61772,1783216799999999,28163113.4949983,83429,178.23454,11214341.2093599,0
58477-11-21 08:00:00,62887.93,62926.0,62596.08,62693.56,307.64194,1783220399999999,19294864.7349483,80379,120.66715,7567679.8578347,0
58478-01-02 00:00:00,62693.57,62796.39,62658.0,62769.04,211.72564,1783223999999999,13285353.8829575,50158,115.81808,7267820.6884426,0
58478-02-12 16:00:00,62769.03,62952.93,62712.0,62815.99,288.42759,1783227599999999,18128010.1784657,52868,119.37434,7501194.9888948,0
58478-03-26 08:00:00,62815.99,62815.99,62659.65,62740.5,312.61219,1783231199999999,19616728.9989127,56051,142.96568,8970984.2691735,0
58478-05-07 00:00:00,62740.5,62819.91,62669.99,62782.18,269.63913,1783234799999999,16922087.001969,50870,171.5611,10767538.2879974,0
58478-06-17 16:00:00,62782.18,63059.99,62718.31,63020.21,393.71695,1783238399999999,24746997.8910273,55632,226.97063,14272532.6342468,0
58478-07-29 08:00:00,63020.21,63104.0,62900.0,62915.0,337.45972,1783241999999999,21249003.1007099,54807,146.2502,9210215.2630866,0
58478-09-09 00:00:00,62915.0,62930.16,62436.59,62622.18,562.27226,1783245599999999,35258966.8700128,100726,213.12516,13358942.4759868,0
58478-10-20 16:00:00,62622.18,62756.25,62536.57,62756.12,183.32618,1783249199999999,11492329.0573962,54074,107.18848,6720136.894425,0
58478-12-01 08:00:00,62756.12,62812.0,62600.03,62658.92,268.20384,1783252799999999,16811171.3859937,43687,105.72244,6626716.721258,0
58479-01-12 00:00:00,62658.92,62772.0,62569.37,62745.01,294.54856,1783256399999999,18457864.8726946,55429,131.06162,8214396.7385691,0
58479-02-22 16:00:00,62745.0,62819.66,62644.12,62792.0,337.44331,1783259999999999,21168254.6380857,53412,199.82464,12534645.1821102,0
58479-04-05 08:00:00,62791.99,62818.37,62656.02,62812.25,219.35892,1783263599999999,13758668.8688475,51866,106.02419,6649970.4291317,0
58479-05-17 00:00:00,62812.25,62943.59,62679.76,62740.01,243.82359,1783267199999999,15315189.3892175,79038,105.4364,6624628.8566913,0
58479-06-27 16:00:00,62740.01,62772.86,62590.02,62637.48,344.55738,1783270799999999,21595040.144182,56433,150.21959,9416014.7332557,0
58479-08-08 08:00:00,62637.48,62820.0,62594.38,62624.93,275.09476,1783274399999999,17248470.7998648,64809,118.13396,7407277.626316,0
58479-09-19 00:00:00,62624.93,62880.0,62616.0,62820.33,372.13939,1783277999999999,23333389.6716951,57093,254.37631,15947120.7180465,0
58479-10-30 16:00:00,62820.33,62888.14,62714.98,62768.88,297.34041,1783281599999999,18674466.3657497,61902,118.2031,7424022.5138313,0
58479-12-11 08:00:00,62768.87,62836.01,62700.0,62730.61,164.5638,1783285199999999,10327453.5012482,34574,74.3548,4665797.9139239,0
58480-01-22 00:00:00,62730.61,63220.0,62609.47,63092.01,428.51084,1783288799999999,26972457.0577784,104447,237.76472,14969601.8042653,0
58480-03-03 16:00:00,63092.0,63964.48,63005.04,63736.0,1512.51245,1783292399999999,96176374.1273698,263867,907.10932,57671488.3372485,0
58480-04-14 08:00:00,63735.99,63999.0,63577.36,63650.0,750.87927,1783295999999999,47893262.8481164,147071,364.53387,23251645.7131088,0
58480-05-26 00:00:00,63650.01,63772.52,63350.0,63761.99,854.38324,1783299599999999,54298392.3111524,157672,403.59626,25657262.3651107,0
58480-07-06 16:00:00,63761.98,63920.0,63550.0,63576.0,432.9767,1783303199999999,27598223.8546993,124057,194.4082,12394701.3227378,0
58480-08-17 08:00:00,63576.0,63669.45,63373.13,63460.01,398.01222,1783306799999999,25279077.9261315,119374,174.95179,11111195.1644647,0
58480-09-28 00:00:00,63460.01,63495.14,63136.01,63294.0,420.90012,1783310399999999,26636164.1458933,102541,202.33378,12804272.2392566,0
58480-11-08 16:00:00,63294.0,63402.77,63187.98,63267.99,278.63053,1783313999999999,17637960.8851866,82218,118.75549,7517534.0497995,0
58480-12-20 08:00:00,63267.99,63268.0,62950.0,63114.0,702.75025,1783317599999999,44357507.8575957,102902,339.71456,21444130.9800924,0
58481-01-31 00:00:00,63113.99,63152.7,62972.0,62976.0,622.44998,1783321199999999,39245525.6637066,94567,232.88771,14683963.0855178,0
58481-03-13 16:00:00,62976.0,63120.0,62890.0,63089.42,529.35201,1783324799999999,33353699.0385306,84608,264.52278,16666672.376547,0
58481-04-24 08:00:00,63089.42,63244.0,62800.13,62904.01,536.0688,1783328399999999,33774026.1924522,80027,227.67551,14353368.2708442,0
58481-06-05 00:00:00,62904.01,62914.0,62630.85,62664.77,432.26087,1783331999999999,27117243.8391181,85573,195.9391,12292541.0037501,0
58481-07-16 16:00:00,62664.77,63030.0,62664.76,62822.06,454.82776,1783335599999999,28586939.9483884,89363,214.03872,13451418.1567443,0
58481-08-27 08:00:00,62822.07,63000.0,62483.83,62483.84,610.79996,1783339199999999,38319346.0529719,91378,245.94488,15442602.0082841,0
58481-10-08 00:00:00,62483.84,62487.98,61668.2,61754.01,2426.65551,1783342799999999,150452546.0137931,355184,1142.93496,70877062.5577884,0
58481-11-18 16:00:00,61754.01,62034.0,61306.84,61768.21,3623.91016,1783346399999999,223385219.75531313,368635,2596.31246,160062901.1878157,0
58481-12-30 08:00:00,61768.2,62411.41,61712.54,62052.0,1203.78704,1783349999999999,74643735.0312882,272566,719.90151,44644358.9591816,0
58482-02-10 00:00:00,62052.0,63550.0,62052.0,63545.98,2153.37389,1783353599999999,135460161.4170156,376279,1357.96706,85466582.0597419,0
58482-03-23 16:00:00,63545.98,63863.0,63386.01,63732.0,1748.98599,1783357199999999,111285382.3857909,315693,928.19493,59068314.7224885,0
58482-05-04 08:00:00,63732.0,63976.16,63570.16,63587.38,885.44922,1783360799999999,56485142.9324691,179894,418.83031,26723924.4584168,0
58482-06-15 00:00:00,63587.38,63886.0,63560.0,63696.4,345.76423,1783364399999999,22038021.3768284,108832,174.42988,11117847.8442832,0
58482-07-26 16:00:00,63696.4,63887.93,63652.42,63738.52,308.11427,1783367999999999,19652927.4198503,90847,159.29472,10160410.379977,0
58482-09-06 08:00:00,63738.52,63892.65,63589.41,63828.0,314.93037,1783371599999999,20074425.0717171,83236,155.94641,9938218.8799757,0
58482-10-18 00:00:00,63828.0,64700.0,63810.0,64489.98,1489.51024,1783375199999999,95805102.24251,238267,814.15756,52337510.6361607,0
58482-11-28 16:00:00,64489.97,64500.0,64151.01,64244.0,313.47871,1783378799999999,20153658.1257565,91166,139.31352,8955932.7763937,0
58483-01-09 08:00:00,64244.0,64340.76,64017.78,64042.02,347.9123,1783382399999999,22315616.915068,83016,134.49982,8627335.4031895,0
58483-02-20 00:00:00,64042.93,64314.0,63997.5,64203.99,545.80462,1783385999999999,34996753.3804122,115737,329.29231,21112304.7858065,0
58483-04-02 16:00:00,64203.99,64204.0,63767.04,63840.0,600.7847,1783389599999999,38414637.9887641,134058,220.0309,14069070.3528019,0
58483-05-14 08:00:00,63840.0,63908.0,63288.01,63322.01,624.33941,1783393199999999,39705186.5428943,141244,252.64342,16068849.7699547,0
58483-06-25 00:00:00,63322.01,63414.0,63150.0,63191.01,378.30046,1783396799999999,23939589.1109543,99590,163.72252,10360132.4123055,0
58483-08-05 16:00:00,63191.01,63288.33,63064.0,63100.01,658.55856,1783400399999999,41622409.3036967,96752,330.10961,20864436.7840475,0
58483-09-16 08:00:00,63100.0,63278.99,62800.0,63128.01,725.48406,1783403999999999,45755634.8714651,115727,363.57662,22940852.3244954,0
58483-10-28 00:00:00,63128.0,63400.0,62984.42,63340.0,869.08707,1783407599999999,54937579.5480605,119249,477.85291,30220499.2203923,0
58483-12-08 16:00:00,63340.01,63445.7,63072.1,63083.18,615.24857,1783411199999999,38905685.2135253,104138,259.23769,16394237.0914189,0
58484-01-19 08:00:00,63083.19,63184.0,62984.58,63104.0,444.0167,1783414799999999,28011818.5435498,88413,233.63356,14740006.8691306,0
58484-03-01 00:00:00,63104.0,63348.73,63063.28,63256.0,320.22634,1783418399999999,20244658.2239424,74591,173.68452,10979937.7313593,0
58484-04-11 16:00:00,63256.01,63467.15,63228.17,63284.0,496.91971,1783421999999999,31472947.1331288,87115,277.02108,17544294.6149298,0
58484-05-23 08:00:00,63284.0,63452.0,63116.02,63406.0,399.36572,1783425599999999,25259454.9550492,101156,224.24393,14183246.9836009,0
58484-07-04 00:00:00,63405.99,63872.0,63396.58,63481.39,618.18499,1783429199999999,39341419.9575637,160481,275.25744,17518623.6033538,0
58484-08-14 16:00:00,63481.39,63482.5,63000.0,63056.0,1055.47861,1783432799999999,66673047.5809686,246168,512.44159,32380771.7914933,0
58484-09-25 08:00:00,63056.0,63634.0,62671.39,63562.05,1684.44273,1783436399999999,106282009.8518444,325749,904.00729,57067349.1948526,0
58484-11-06 00:00:00,63562.05,64105.0,63376.22,63930.51,2129.05569,1783439999999999,135785392.7142345,271792,1206.28857,76924495.920812,0
58484-12-17 16:00:00,63930.5,64243.75,63810.0,63983.27,825.1364,1783443599999999,52804969.3591067,193162,349.42619,22369052.2976814,0
58485-01-28 08:00:00,63983.28,64232.0,63896.21,64186.0,713.19138,1783447199999999,45728526.5752087,126005,321.13512,20593482.3567002,0
58485-03-11 00:00:00,64185.99,64188.0,63672.01,63679.99,804.35069,1783450799999999,51468170.9922693,139111,337.56121,21597387.9208316,0
58485-04-21 16:00:00,63679.99,63894.58,63379.69,63817.99,809.87318,1783454399999999,51531180.6567104,164437,328.54251,20917158.1379298,0
58485-06-02 08:00:00,63818.0,63901.75,63585.0,63697.99,461.15497,1783457999999999,29372758.2072889,72212,174.25603,11098724.6790054,0
58485-07-14 00:00:00,63698.0,63866.0,63313.1,63423.94,445.13714,1783461599999999,28281279.5276331,127228,171.4503,10894603.5469443,0
58485-08-24 16:00:00,63423.93,63660.0,63218.0,63551.02,344.82337,1783465199999999,21880790.5332614,104401,140.5614,8921086.8076235,0
58485-10-05 08:00:00,63551.02,63708.0,63320.0,63363.99,265.24316,1783468799999999,16851786.1170768,73586,102.22804,6495681.9608567,0
58485-11-16 00:00:00,63364.0,63761.99,63307.36,63612.77,656.59812,1783472399999999,41748490.7069542,131666,359.4282,22855521.1851039,0
58485-12-27 16:00:00,63612.78,63649.5,62921.78,63038.01,690.76172,1783475999999999,43679886.7104571,164873,255.61455,16167510.5314881,0
58486-02-07 08:00:00,63038.0,63066.0,62525.47,62979.99,1271.45366,1783479599999999,79919466.1397335,208952,502.12016,31566980.5202784,0
58486-03-21 00:00:00,62979.98,63094.0,62700.18,62766.0,326.19539,1783483199999999,20528552.7133536,103768,129.20149,8130518.664279,0
58486-05-01 16:00:00,62766.0,62901.49,62676.0,62800.0,435.16461,1783486799999999,27326800.3684221,104227,209.08028,13132289.2264713,0
58486-06-12 08:00:00,62800.01,62876.95,62558.0,62637.88,716.63481,1783490399999999,44957652.329831,103048,229.15812,14369134.2282621,0
58486-07-24 00:00:00,62637.88,62746.0,62477.04,62657.81,457.84929,1783493999999999,28658549.2376473,118259,184.34641,11541130.9670839,0
58486-09-03 16:00:00,62657.82,62894.89,62550.0,62888.35,483.7238,1783497599999999,30356058.9334222,119418,248.85145,15618650.851494,0
58486-10-15 08:00:00,62888.34,62941.46,61855.26,62018.36,1707.6886,1783501199999999,106338452.5333846,325520,665.47432,41432156.2766445,0
58486-11-26 00:00:00,62018.36,62190.01,61743.83,62057.67,2058.44174,1783504799999999,127644427.6103536,196098,922.66211,57190487.6418414,0
58487-01-06 16:00:00,62057.68,62199.97,61903.45,62183.12,934.16537,1783508399999999,58004045.7248124,123213,456.68285,28356408.0580555,0
58487-02-17 08:00:00,62183.11,62392.04,62055.63,62299.99,576.86496,1783511999999999,35889111.7648531,132259,276.72913,17218810.9606903,0
58487-03-31 00:00:00,62300.0,62451.08,61953.58,61957.73,877.49143,1783515599999999,54622922.6723047,140713,374.97924,23363565.1842329,0
58487-05-11 16:00:00,61957.74,62090.0,61632.23,61945.49,1130.9924,1783519199999999,69967130.8115733,274235,516.84443,31979426.8702042,0
58487-06-22 08:00:00,61945.49,62173.56,61712.0,61889.83,1415.74086,1783522799999999,87735122.7192525,275071,720.17406,44656332.1006739,0
58487-08-03 00:00:00,61889.83,61922.0,61544.56,61704.01,1055.91275,1783526399999999,65112537.9313731,244620,390.43308,24077759.4113365,0
58487-09-13 16:00:00,61704.01,62164.6,61692.0,62113.03,762.49481,1783529999999999,47214098.7741899,177409,529.04849,32755821.5599522,0
58487-10-25 08:00:00,62113.02,62394.32,62032.0,62104.62,518.57431,1783533599999999,32265732.2800172,140575,273.11423,16991316.5961157,0
58487-12-06 00:00:00,62104.62,62351.97,62045.2,62185.32,301.10629,1783537199999999,18728892.3705596,113693,152.02599,9455293.499791,0
58488-01-16 16:00:00,62185.33,62292.19,62068.0,62277.98,295.91802,1783540799999999,18404224.5002373,101461,141.342,8790822.2580981,0
58488-02-27 08:00:00,62277.98,62306.54,62082.8,62099.61,601.65946,1783544399999999,37400869.3831753,72144,245.08482,15232936.5336785,0
58488-04-09 00:00:00,62099.62,62251.22,61956.0,62187.17,844.23046,1783547999999999,52425580.7526004,104882,345.75888,21472396.5281512,0
58488-05-20 16:00:00,62187.17,62350.63,62178.0,62330.4,268.9098,1783551599999999,16743367.6255949,63672,120.02021,7473651.8523986,0
58488-07-01 08:00:00,62330.4,62346.6,62174.0,62290.0,231.5253,1783555199999999,14415196.0259329,58711,90.39576,5627764.5031924,0
58488-08-12 00:00:00,62290.01,62309.88,62058.51,62129.99,419.84137,1783558799999999,26113492.253369,105776,182.44603,11347564.223761,0
58488-09-22 16:00:00,62129.99,62642.0,61837.1,61916.0,891.27709,1783562399999999,55492014.501487,187403,367.41118,22906114.286644,0
58488-11-03 08:00:00,61916.0,62121.21,61705.29,61788.8,588.18699,1783565999999999,36429619.6139976,131367,220.19378,13637878.2526215,0
58488-12-15 00:00:00,61788.79,62062.99,61730.0,61974.34,608.39784,1783569599999999,37651841.7789499,108372,195.09721,12075410.0446678,0
58489-01-25 16:00:00,61974.34,62456.29,61956.46,62453.74,475.51774,1783573199999999,29599385.6475656,99669,278.20792,17324133.127599,0
58489-03-08 08:00:00,62453.74,62624.61,62236.0,62589.61,907.8536,1783576799999999,56684397.2363133,106909,374.18701,23366682.3136659,0
58489-04-19 00:00:00,62589.61,62980.0,62485.58,62959.96,790.33126,1783580399999999,49573190.8149968,129149,436.61894,27396450.609031,0
58489-05-30 16:00:00,62959.96,63283.26,62788.06,63000.0,902.61366,1783583999999999,56847741.6497508,177583,393.93393,24821729.0314685,0
58489-07-11 08:00:00,62999.99,63100.1,62855.63,62903.65,872.78917,1783587599999999,54983827.0709891,94365,343.76362,21659887.6679531,0
58489-08-22 00:00:00,62903.66,63002.0,62786.82,62953.4,549.43771,1783591199999999,34556471.6352069,103808,223.53494,14059899.0940039,0
58489-10-02 16:00:00,62953.4,63056.98,62688.0,62786.04,490.23056,1783594799999999,30839184.1938469,84135,199.92488,12575507.1007864,0
58489-11-13 08:00:00,62786.05,62830.0,62614.66,62786.34,613.79257,1783598399999999,38515227.8879344,98536,306.93811,19261679.6107955,0
58489-12-25 00:00:00,62786.33,62952.0,62465.39,62614.02,2694.46367,1783601999999999,169039612.7328375,215401,1346.56619,84492967.2055099,0
58490-02-04 16:00:00,62614.01,63240.15,62523.08,63028.35,732.96491,1783605599999999,46077523.3327706,240554,397.51952,24992862.3278136,0
58490-03-18 08:00:00,63028.36,63144.79,62666.66,63016.0,598.40365,1783609199999999,37627916.1513189,225724,282.43727,17761049.9276493,0
58490-04-29 00:00:00,63016.0,63261.0,62811.1,62868.05,857.13379,1783612799999999,54053593.1893284,178177,488.68914,30824162.555549,0
58490-06-09 16:00:00,62868.06,62996.0,62559.59,62700.01,532.13757,1783616399999999,33394925.9736441,139968,268.87549,16870538.4213668,0
58490-07-21 08:00:00,62700.01,63165.12,62668.0,63142.79,730.95491,1783619999999999,46045228.7080118,179787,505.19592,31830441.446376,0
58490-09-01 00:00:00,63142.79,63500.0,63080.0,63219.03,776.88222,1783623599999999,49178223.2759229,162534,461.97269,29242457.476541,0
58490-10-12 16:00:00,63219.03,63375.73,63118.45,63248.1,606.23375,1783627199999999,38337036.1964299,121122,225.60118,14270285.9819274,0
58490-11-23 08:00:00,63248.09,63330.85,63177.36,63313.38,236.61262,1783630799999999,14968750.2947785,66759,89.26074,5647306.5174843,0
58491-01-04 00:00:00,63313.38,63397.94,63208.91,63274.59,261.44616,1783634399999999,16547143.5096505,62564,95.08018,6017144.4844097,0
58491-02-14 16:00:00,63274.6,63418.0,63218.77,63218.78,274.28375,1783637999999999,17365507.1623271,66024,104.61625,6623269.3467465,0
58491-03-28 08:00:00,63218.78,63325.0,63060.91,63230.0,331.02016,1783641599999999,20927958.4580566,90364,134.41145,8497643.9084943,0
58491-05-09 00:00:00,63230.01,63255.49,62926.01,63113.93,626.86453,1783645199999999,39563460.1676693,131089,220.9783,13947070.8364915,0
58491-06-19 16:00:00,63113.92,63999.99,62962.0,63749.86,1229.10229,1783648799999999,78230416.1466378,180781,746.95681,47545231.3409832,0
58491-07-31 08:00:00,63749.86,64050.23,63692.76,63961.99,1017.85326,1783652399999999,65004947.8106042,121738,458.42777,29281667.1662181,0
58491-09-11 00:00:00,63961.99,64050.0,63822.8,63947.2,410.93478,1783655999999999,26266938.455416,77866,198.47861,12687397.6697281,0
58491-10-22 16:00:00,63947.2,64176.86,63857.64,64047.88,567.80609,1783659599999999,36358775.3319546,99984,251.36936,16096803.3376129,0
58491-12-03 08:00:00,64047.89,64200.0,63944.05,64115.99,507.936,1783663199999999,32531176.6169272,92524,171.87178,11008097.5421549,0
58492-01-14 00:00:00,64116.0,64162.0,63836.0,63854.71,352.90834,1783666799999999,22570220.3381171,77028,146.66787,9380951.2891782,0
58492-02-24 16:00:00,63854.71,64011.9,63802.02,63963.0,566.0984,1783670399999999,36195010.6390372,70325,288.25009,18430577.1210311,0
58492-04-06 08:00:00,63963.0,64392.0,63962.99,64246.01,945.88564,1783673999999999,60727846.0243773,137364,509.10521,32676589.9428394,0
58492-05-18 00:00:00,64246.0,64480.01,64102.0,64385.09,1051.0085,1783677599999999,67618421.22992,139003,602.73761,38773027.611111,0
58492-06-28 16:00:00,64385.09,64494.84,64274.47,64407.8,400.85807,1783681199999999,25812200.0098705,94396,183.75693,11832553.4487068,0
58492-08-09 08:00:00,64407.8,64480.0,64341.83,64425.18,337.28843,1783684799999999,21727509.2415383,84020,156.37652,10072882.953767,0
58492-09-20 00:00:00,64425.18,64608.0,63999.0,64286.64,1081.95063,1783688399999999,69732032.2372802,133126,566.57783,36525287.5520316,0
58492-10-31 16:00:00,64286.65,64692.83,64152.84,64484.0,826.67946,1783691999999999,53211230.8398248,193513,451.17935,29033166.8544801,0
58492-12-12 08:00:00,64484.0,64516.0,63793.43,63914.87,1338.73193,1783695599999999,85801970.1263629,334399,665.42987,42652661.1810903,0
58493-01-23 00:00:00,63914.88,64210.0,63898.0,64040.0,737.82713,1783699199999999,47246927.8340523,206816,363.13266,23253955.112446,0
58493-03-05 16:00:00,64039.99,64220.0,63826.57,64140.01,671.46586,1783702799999999,42985947.7736482,165350,344.23388,22041187.5829328,0
58493-04-16 08:00:00,64140.0,64158.58,63821.88,63823.99,491.57909,1783706399999999,31431249.2298638,118118,201.94121,12910591.1285058,0
58493-05-28 00:00:00,63824.0,64003.99,63732.66,63810.0,566.18067,1783709999999999,36167696.6715839,103913,187.41688,11974130.0623632,0
58493-07-08 16:00:00,63809.99,64077.56,63780.0,63917.88,1227.53052,1783713599999999,78475132.7396808,92722,727.76707,46530055.4644585,0
58493-08-19 08:00:00,63917.88,63946.36,63656.0,63841.25,1126.81538,1783717199999999,71915414.6879105,82125,629.51423,40189599.4384144,0
58493-09-30 00:00:00,63841.25,64099.56,63835.05,64011.99,307.30047,1783720799999999,19663863.1335246,64337,163.43663,10457469.7384043,0
58493-11-10 16:00:00,64012.0,64169.39,63981.37,64112.29,508.14182,1783724399999999,32567648.6122065,59238,247.21233,15841314.1887654,0
58493-12-22 08:00:00,64112.3,64222.61,64024.0,64161.72,690.25393,1783727999999999,44291925.104043,67650,244.6841,15696916.0213584,0
58494-02-02 00:00:00,64161.72,64168.49,64028.43,64124.0,315.78502,1783731599999999,20248182.4097734,50918,108.82042,6977286.39733,0
58494-03-15 16:00:00,64123.99,64310.0,64004.01,64012.95,405.42387,1783735199999999,26013591.0049926,81231,237.69175,15255401.1467228,0
58494-04-26 08:00:00,64012.95,64166.0,63984.07,64158.04,205.49018,1783738799999999,13168217.5362851,68844,102.18947,6548658.8841868,0
58494-06-07 00:00:00,64158.04,64195.04,64068.0,64150.42,174.79238,1783742399999999,11212982.1150814,50691,71.24697,4570147.0240658,0
58494-07-18 16:00:00,64150.42,64213.55,64080.26,64152.0,223.52551,1783745999999999,14337399.1367848,60803,96.25869,6173530.3421613,0
58494-08-29 08:00:00,64152.0,64221.99,64121.07,64176.01,535.97468,1783749599999999,34398585.9077599,65164,243.91693,15653767.7790711,0
58494-10-10 00:00:00,64176.0,64278.0,64124.0,64219.1,302.84507,1783753199999999,19447152.8471675,48576,117.22223,7527447.9882201,0
58494-11-20 16:00:00,64219.09,64256.55,64152.0,64162.18,422.67072,1783756799999999,27138584.0218152,42194,187.9701,12067804.5625029,0
58495-01-01 08:00:00,64162.18,64300.0,64153.87,64265.98,169.11443,1783760399999999,10864078.5137299,34398,84.03876,5398792.3637519,0
58495-02-12 00:00:00,64265.98,64300.0,64159.7,64167.34,347.53946,1783763999999999,22316938.2158831,46546,154.59592,9925071.8466802,0
58495-03-25 16:00:00,64167.35,64204.02,64129.99,64196.0,421.25234,1783767599999999,27029064.2252784,35529,231.87972,14877822.1304073,0
58495-05-06 08:00:00,64196.0,64215.32,64167.99,64198.0,417.44096,1783771199999999,26795119.6997755,29455,206.36929,13246415.7845514,0
58495-06-17 00:00:00,64197.99,64228.0,64130.65,64195.49,408.31399,1783774799999999,26209635.8686225,35860,185.54079,11909565.9831305,0
58495-07-28 16:00:00,64195.48,64266.0,64159.99,64235.66,352.18455,1783778399999999,22611731.4864954,32888,171.08383,10983793.5680477,0
58495-09-08 08:00:00,64235.67,64504.11,64235.66,64350.07,551.43161,1783781999999999,35505725.4881759,86841,262.84991,16923324.4127862,0
58495-10-20 00:00:00,64350.07,64484.01,63896.18,64175.75,1185.62457,1783785599999999,76105840.3655351,168174,468.0142,30036992.2719515,0
58495-11-30 16:00:00,64175.75,64273.63,64084.0,64180.01,468.52631,1783789199999999,30061892.1161529,98809,196.94723,12636301.1081459,0
58496-01-11 08:00:00,64180.0,64402.0,64164.08,64315.53,272.95245,1783792799999999,17550740.4875859,56212,105.71027,6796924.8746821,0
58496-02-22 00:00:00,64315.53,64395.17,64288.91,64327.99,274.24491,1783796399999999,17642709.350652,42496,86.06808,5537095.8575204,0
58496-04-03 16:00:00,64327.99,64338.0,64233.23,64286.0,202.32307,1783799999999999,13006549.0017807,37989,60.94309,3917608.4132794,0
58496-05-15 08:00:00,64286.0,64463.83,64285.99,64382.45,197.23083,1783803599999999,12692315.7884727,31861,99.43301,6398210.7348473,0
58496-06-26 00:00:00,64382.44,64427.56,64338.09,64355.99,116.51883,1783807199999999,7500432.1849435,30246,45.97006,2958961.7131144,0
58496-08-06 16:00:00,64355.99,64424.03,64144.47,64203.08,303.31895,1783810799999999,19495479.298816,60872,111.74963,7184410.5009812,0
58496-09-17 08:00:00,64203.09,64246.0,63819.0,63819.0,877.44963,1783814399999999,56116927.4952493,109581,271.77527,17370083.1529711,0
58496-10-29 00:00:00,63819.01,63909.92,63702.16,63828.47,2302.50352,1783817999999999,146930312.2460025,213062,1150.28269,73402643.4003867,0
58496-12-09 16:00:00,63828.48,64172.66,63812.0,64133.61,394.25068,1783821599999999,25234105.1397508,90095,209.21597,13391300.0120244,0
58497-01-20 08:00:00,64133.61,64133.62,64029.51,64070.39,908.56961,1783825199999999,58217465.3630127,70113,498.51461,31940809.4213684,0
58497-03-03 00:00:00,64070.4,64223.74,64035.68,64223.73,488.95119,1783828799999999,31354766.7285891,58839,297.89307,19100394.2966462,0
58497-04-13 16:00:00,64223.73,64245.87,63943.68,63999.93,412.9132,1783832399999999,26457105.1070925,55819,144.85248,9279529.2253342,0
58497-05-25 08:00:00,63999.94,64024.48,63900.0,63959.93,291.33944,1783835999999999,18635608.0558388,42639,127.44085,8151059.7439744,0
58497-07-06 00:00:00,63959.93,63962.85,63640.83,63762.46,526.52081,1783839599999999,33577807.9273932,106184,239.78046,15291485.4516116,0
58497-08-16 16:00:00,63762.47,63908.39,63740.12,63885.27,506.72582,1783843199999999,32362656.9866168,53274,251.52599,16064095.3568335,0
58497-09-27 08:00:00,63885.28,64100.32,63884.2,63983.18,1349.77159,1783846799999999,86388913.1005692,151844,604.9796,38719961.0980212,0
58497-11-08 00:00:00,63983.18,64062.17,63764.0,63961.61,3089.49803,1783850399999999,197512142.5947616,257390,1526.77896,97619007.1109238,0
58497-12-19 16:00:00,63961.6,63961.6,63843.4,63865.76,250.37178,1783853999999999,15993661.9238132,40102,95.96916,6130356.6598808,0
58498-01-30 08:00:00,63865.76,64030.0,63826.01,64018.01,158.66802,1783857599999999,10148134.9008071,51620,94.61127,6050972.5424456,0
58498-03-13 00:00:00,64018.0,64135.0,63970.55,64026.0,320.06272,1783861199999999,20495081.7522707,50200,113.56582,7273622.8500808,0
58498-04-23 16:00:00,64026.01,64097.99,63987.4,64023.14,369.91648,1783864799999999,23691370.5904921,43343,237.63301,15219531.9772923,0
58498-06-04 08:00:00,64023.13,64290.11,63958.71,64203.08,261.44826,1783868399999999,16755935.5396746,62093,158.04998,10128804.0544815,0
58498-07-16 00:00:00,64203.08,64262.15,64117.97,64176.0,230.70025,1783871999999999,14807356.5168959,65527,111.22189,7138014.6169474,0
58498-08-26 16:00:00,64176.0,64209.64,64042.0,64177.7,260.32939,1783875599999999,16695088.0493227,55181,94.22283,6042881.6295069,0
58498-10-07 08:00:00,64177.7,64177.74,64029.12,64078.0,243.96602,1783879199999999,15639843.6687131,40041,93.42518,5988574.9464834,0
58498-11-18 00:00:00,64078.0,64150.0,64018.69,64147.99,207.74726,1783882799999999,13311747.1218256,52460,101.29939,6490080.9575341,0
58498-12-29 16:00:00,64148.0,64270.0,64147.3,64228.59,178.3269,1783886399999999,11448020.1935783,35891,83.09837,5334645.6613061,0
58499-02-09 08:00:00,64228.59,64254.0,64178.03,64198.89,158.2404,1783889999999999,10160253.5044801,36090,78.2585,5024620.0094127,0
58499-03-23 00:00:00,64198.9,64232.02,63891.84,63920.4,317.29013,1783893599999999,20316031.7925929,73654,112.24838,7187142.2735457,0
58499-05-03 16:00:00,63920.4,63923.99,63668.0,63886.87,425.91972,1783897199999999,27166580.2816266,129062,201.57147,12857053.8841675,0
58499-06-14 08:00:00,63886.86,63914.85,63726.62,63780.0,260.80581,1783900799999999,16638583.2822232,85082,130.56744,8330075.8028622,0
58499-07-26 00:00:00,63780.0,64425.0,63568.0,64072.01,1134.90308,1783904399999999,72654773.0734239,286831,546.3777,34988735.4187664,0
58499-09-05 16:00:00,64072.0,64072.01,63376.53,63412.01,1113.66129,1783907999999999,70877741.5697096,211558,406.44425,25880695.3766658,0
58499-10-17 08:00:00,63412.01,63541.94,63237.26,63375.99,621.99474,1783911599999999,39435128.1510405,180956,273.64623,17352243.7249381,0
58499-11-28 00:00:00,63376.0,63382.95,62741.04,62806.41,1068.82271,1783915199999999,67302083.7968958,190926,374.67881,23586928.8183042,0
58500-01-08 16:00:00,62806.41,62911.94,62620.13,62672.0,670.25607,1783918799999999,42063818.980793,107703,272.82364,17125386.087488,0
58500-02-19 08:00:00,62672.0,62905.68,62500.76,62799.0,816.14848,1783922399999999,51176201.8769822,128840,336.13973,21085184.623684,0
58500-04-02 00:00:00,62799.01,62880.0,62710.45,62797.55,385.11506,1783925999999999,24184102.5917347,81497,199.57348,12532600.5039757,0
58500-05-13 16:00:00,62797.55,63070.01,62753.69,62985.52,1476.1879,1783929599999999,92960933.9858836,113042,789.05083,49678061.1728101,0
58500-06-24 08:00:00,62985.53,63302.88,62935.92,63206.97,1893.03927,1783933199999999,119430995.6941703,91024,838.75151,52914949.6908456,0
58500-08-05 00:00:00,63206.98,63210.0,63086.12,63100.02,663.43575,1783936799999999,41877393.2655633,47622,269.67243,17023014.4882558,0
58500-09-15 16:00:00,63100.02,63157.85,62862.28,62867.89,788.29364,1783940399999999,49685703.242319,64528,223.32148,14080598.2073622,0
58500-10-27 08:00:00,62867.9,63135.55,62867.9,62901.99,458.30123,1783943999999999,28871322.4436189,80420,284.85154,17943525.2027544,0
58500-12-08 00:00:00,62901.99,62990.04,62570.0,62625.15,689.69237,1783947599999999,43292710.1064076,145674,240.13365,15065772.2709028,0
58501-01-18 16:00:00,62625.15,62766.37,62164.0,62318.0,2175.34811,1783951199999999,135790068.3680622,285296,960.65466,60001341.6620078,0
58501-03-01 08:00:00,62318.01,62794.97,62101.0,62791.85,1780.86024,1783954799999999,111242967.0736388,287712,1004.52163,62764708.2739068,0
58501-04-12 00:00:00,62791.85,62983.83,62559.58,62618.01,1226.00074,1783958399999999,76866972.6006986,157149,588.3949,36899051.6967965,0
58501-05-23 16:00:00,62618.0,62629.35,62212.0,62276.0,970.69108,1783961999999999,60576532.2962389,168597,395.8494,24695549.166935,0
58501-07-04 08:00:00,62276.01,62370.0,61900.0,61904.99,1161.78052,1783965599999999,72161314.3440873,173760,509.9746,31683482.2941563,0
58501-08-15 00:00:00,61904.99,62100.0,61824.97,62020.0,662.51495,1783969199999999,41047598.6102587,132699,375.20601,23248637.5216389,0
58501-09-25 16:00:00,62020.0,62292.84,61990.0,62288.23,503.43262,1783972799999999,31265406.70437,91224,284.37197,17661893.9259541,0
58501-11-06 08:00:00,62288.23,62324.74,62050.71,62210.99,294.43026,1783976399999999,18312163.3740322,62234,126.468,7865572.4309636,0
58501-12-18 00:00:00,62211.0,62216.35,61897.45,62065.06,385.18322,1783979999999999,23900169.6800504,77517,156.25407,9694051.8581112,0
58502-01-28 16:00:00,62065.05,62224.0,61911.31,61924.0,386.45256,1783983599999999,23996456.8657988,85665,191.93372,11919622.2039383,0
58502-03-11 08:00:00,61924.0,62347.46,61882.88,62334.52,355.95615,1783987199999999,22124171.2552651,97238,212.343,13199823.1142863,0
58502-04-22 00:00:00,62334.52,62666.66,62272.2,62549.54,827.98236,1783990799999999,51675940.1993197,162789,523.04865,32645021.295491,0
58502-06-02 16:00:00,62549.55,62640.0,62460.03,62540.42,471.32047,1783994399999999,29468927.0421938,112273,162.59369,10166070.7555548,0
58502-07-14 08:00:00,62540.41,62645.0,62329.98,62544.0,510.10327,1783997999999999,31869750.6670631,75818,202.66286,12667949.4441407,0
58502-08-25 00:00:00,62544.0,62604.0,62314.0,62572.89,439.89615,1784001599999999,27471043.0678532,74405,127.18215,7945043.423571,0
58502-10-05 16:00:00,62572.88,62768.95,62539.71,62745.23,314.71779,1784005199999999,19725662.0333277,69871,163.24658,10231335.2346933,0
58502-11-16 08:00:00,62745.24,62872.0,62697.69,62737.0,625.4247,1784008799999999,39262968.5333616,75213,378.7399,23778098.6449516,0
58502-12-28 00:00:00,62737.0,62772.48,62566.01,62624.05,742.03175,1784012399999999,46505512.4812937,67688,331.34613,20766405.1107075,0
58503-02-07 16:00:00,62624.06,62655.99,62516.93,62560.92,406.16223,1784015999999999,25423415.1917635,83510,225.31426,14103064.6420399,0
58503-03-21 08:00:00,62560.92,62807.94,62500.0,62713.85,377.86259,1784019599999999,23678347.0922004,70924,165.78605,10387903.7066117,0
58503-05-02 00:00:00,62713.85,62742.0,62534.29,62629.55,614.55321,1784023199999999,38491256.5768444,70186,263.11312,16481581.4581392,0
58503-06-12 16:00:00,62629.56,62908.8,62609.47,62800.0,437.22084,1784026799999999,27436132.4899378,87948,228.96814,14367556.8612778,0
58503-07-24 08:00:00,62800.01,62923.06,62713.6,62844.99,302.90008,1784030399999999,19028848.2996697,76374,135.33427,8501932.7378747,0
58503-09-04 00:00:00,62844.99,63989.54,62780.84,63960.0,3109.78866,1784033999999999,197228080.84338528,340612,1759.05632,111593555.0660821,0
58503-10-15 16:00:00,63959.99,64181.99,63699.03,63840.01,1522.71413,1784037599999999,97289004.1628781,264729,726.13568,46394195.8092607,0
58503-11-26 08:00:00,63840.01,64346.49,63580.99,64305.02,1089.85313,1784041199999999,69660622.9150946,214506,576.80866,36892339.2183959,0
58504-01-07 00:00:00,64305.01,64966.43,64194.64,64743.99,3074.26518,1784044799999999,198686212.0706968,328316,1767.07268,114220076.7458603,0
58504-02-17 16:00:00,64744.0,64896.86,64606.0,64730.0,1264.07966,1784048399999999,81894662.5189511,197007,721.85004,46769380.6631495,0
58504-03-30 08:00:00,64730.01,64730.01,64231.77,64621.43,1156.00933,1784051999999999,74566380.7802304,159839,544.29781,35108784.125622,0
58504-05-11 00:00:00,64621.43,64648.88,64477.23,64571.98,502.24971,1784055599999999,32424776.0739319,98369,273.76826,17673821.2074082,0
58504-06-21 16:00:00,64571.99,64704.0,64487.38,64569.59,367.96179,1784059199999999,23764910.0133696,78301,179.34289,11582541.7652906,0
58504-08-02 08:00:00,64569.59,64599.0,64419.99,64572.02,281.25074,1784062799999999,18138006.3514451,61993,121.59743,7842119.5654538,0
58504-09-13 00:00:00,64572.02,64893.92,64526.0,64676.9,427.49727,1784066399999999,27660350.4209084,80311,229.12565,14826358.1826228,0
58504-10-24 16:00:00,64676.89,65100.0,64516.0,64860.89,1268.06322,1784069999999999,82320454.6399597,146779,789.09241,51230725.6470737,0
58504-12-05 08:00:00,64860.89,65048.0,64782.0,65043.98,418.50558,1784073599999999,27183236.2148508,83184,252.00615,16368466.7600641,0
58505-01-16 00:00:00,65043.99,65065.01,64765.12,64824.58,352.45343,1784077199999999,22876740.1339942,89993,145.01703,9413356.1057652,0
58505-02-26 16:00:00,64824.57,64853.08,64644.48,64674.35,610.20031,1784080799999999,39490595.096953,84226,193.02661,12492165.362852,0
58505-04-09 08:00:00,64674.35,64755.99,64488.0,64490.87,350.99185,1784084399999999,22663017.4091236,67599,128.24033,8281727.9976775,0
58505-05-21 00:00:00,64490.87,64840.0,64490.86,64792.01,379.79444,1784087999999999,24556380.1262968,78761,212.73565,13753964.1440907,0
58505-07-01 16:00:00,64792.0,64885.99,64714.0,64746.01,289.24746,1784091599999999,18744503.5745307,67192,130.57975,8462528.2593477,0
58505-08-12 08:00:00,64746.01,64964.96,64602.5,64944.06,686.5094,1784095199999999,44428561.405967,77972,352.04292,22785642.9221594,0
58505-09-23 00:00:00,64944.06,65277.37,64814.0,64814.0,974.06143,1784098799999999,63357389.0814918,145379,556.38097,36188305.6197876,0
58505-11-03 16:00:00,64814.01,64876.0,64485.0,64549.34,1209.74716,1784102399999999,78196461.0706008,129130,546.94983,35360286.064613,0
58505-12-15 08:00:00,64549.33,64797.02,64549.33,64768.01,958.47053,1784105999999999,62009500.8512336,79476,550.53625,35619108.3668069,0
58506-01-26 00:00:00,64768.0,64917.94,64653.18,64671.83,542.47841,1784109599999999,35158818.2158306,67517,261.29365,16935464.0476232,0
58506-03-08 16:00:00,64671.84,64855.56,64614.0,64663.0,316.30209,1784113199999999,20467657.2687534,70407,149.48303,9671741.6328224,0
58506-04-19 08:00:00,64663.0,64767.37,64616.11,64732.15,500.13863,1784116799999999,32358687.1046917,71757,315.56224,20416585.6840357,0
58506-05-31 00:00:00,64732.15,65249.9,64606.0,65164.0,1837.40143,1784120399999999,119231761.7289393,204654,986.57597,64032026.4204099,0
58506-07-11 16:00:00,65164.0,65577.0,64888.0,65117.99,1942.12357,1784123999999999,126827754.6608841,316395,986.51569,64444692.6835709,0
58506-08-22 08:00:00,65118.0,65517.05,65070.0,65399.81,1187.13269,1784127599999999,77547190.7989859,250059,623.94836,40760081.4420422,0
58506-10-03 00:00:00,65399.8,65600.0,65261.71,65427.61,1153.25811,1784131199999999,75449236.7804924,191878,551.50561,36081687.3114488,0
58506-11-13 16:00:00,65427.6,65470.0,64784.83,65120.79,1423.19665,1784134799999999,92630468.4490048,173982,688.94738,44826198.3227692,0
58506-12-25 08:00:00,65120.8,65194.72,64972.95,65056.1,1119.69712,1784138399999999,72840642.5011165,114230,535.60425,34839115.8507973,0
58507-02-05 00:00:00,65056.1,65143.57,64847.42,64860.0,1076.85531,1784141999999999,70017332.5520931,87058,480.85672,31262801.4317272,0
58507-03-18 16:00:00,64860.0,65000.0,64738.49,64977.34,377.96921,1784145599999999,24530349.1343762,90113,181.50442,11781117.2337587,0
58507-04-29 08:00:00,64977.34,65055.39,64899.0,64968.01,239.51973,1784149199999999,15565796.0568706,44327,97.10398,6310620.2517786,0
58507-06-10 00:00:00,64968.02,65018.74,64789.89,64834.31,289.23644,1784152799999999,18762786.3035126,50400,116.77521,7573283.4114218,0
58507-07-21 16:00:00,64834.31,64982.47,64772.0,64866.93,275.16571,1784156399999999,17849617.4605068,59240,109.62196,7111784.5337112,0
58507-09-01 08:00:00,64866.93,64938.0,64691.89,64756.28,309.9463,1784159999999999,20087076.0022689,57174,108.67581,7043526.743861,0
58507-10-13 00:00:00,64756.28,64845.5,64500.0,64584.07,762.20624,1784163599999999,49306432.4396052,114212,267.75046,17318373.8362038,0
58507-11-23 16:00:00,64584.07,64830.0,64392.01,64730.01,462.87658,1784167199999999,29897308.7589634,93749,184.90674,11949275.7892504,0
58508-01-04 08:00:00,64730.0,64735.09,64574.02,64642.01,327.49099,1784170799999999,21167895.8087996,81469,120.01092,7756612.5820903,0
58508-02-15 00:00:00,64642.0,64745.55,64555.0,64619.95,221.04888,1784174399999999,14291216.6604755,62519,91.13349,5892081.1110923,0
58508-03-27 16:00:00,64619.96,64692.0,64544.04,64650.05,615.61718,1784177999999999,39778166.1113183,63217,272.65011,17616184.6857881,0
58508-05-08 08:00:00,64650.05,64997.52,64592.67,64917.99,618.6053,1784181599999999,40096131.8110694,102100,272.42041,17666903.1639212,0
58508-06-19 00:00:00,64917.99,64978.0,64630.01,64777.32,355.62558,1784185199999999,23055384.8259599,80154,185.42352,12022085.9173974,0
58508-07-30 16:00:00,64777.33,64777.33,64086.12,64238.0,1138.76345,1784188799999999,73266539.9191245,135277,530.20807,34107504.9580337,0
58508-09-10 08:00:00,64238.0,64380.0,63888.0,64126.85,3967.6065,1784192399999999,254484514.6394039,276872,1913.73079,122766239.6200376,0
58508-10-22 00:00:00,64126.86,64186.83,64019.02,64090.0,3387.73889,1784195999999999,217178817.8820158,133490,1709.97753,109620357.3876934,0
58508-12-02 16:00:00,64090.0,64269.42,64077.75,64221.34,351.18175,1784199599999999,22540451.730514,64376,216.77888,13913975.4157695,0
58509-01-13 08:00:00,64221.34,64269.42,64101.0,64256.53,377.01841,1784203199999999,24201455.7533572,80601,229.3421,14721330.9394584,0
58509-02-24 00:00:00,64256.52,64256.52,63838.28,63966.01,728.30687,1784206799999999,46650112.6371704,112114,307.42746,19689959.5695461,0
58509-04-06 16:00:00,63966.01,64480.0,63961.14,64376.0,827.04997,1784210399999999,53133011.0117934,206844,462.57569,29715578.9249507,0
58509-05-18 08:00:00,64375.99,64863.07,64332.57,64543.51,993.97642,1784213999999999,64228141.4322535,242913,530.78945,34303137.8822239,0
58509-06-29 00:00:00,64543.51,64896.0,64320.0,64704.73,620.57363,1784217599999999,40116555.7227997,179749,294.17576,19020835.8218181,0
58509-08-09 16:00:00,64704.73,64712.0,64333.33,64484.0,523.57946,1784221199999999,33772572.9351698,164890,258.97661,16707468.5883747,0
58509-09-20 08:00:00,64484.01,64484.01,63984.09,64069.03,616.12218,1784224799999999,39546263.9064108,152847,298.65752,19167669.084772,0
58509-11-01 00:00:00,64069.04,64330.0,64052.14,64246.01,275.58322,1784228399999999,17693233.3155415,96968,154.14249,9896995.898048,0
58509-12-12 16:00:00,64246.01,64301.99,64152.0,64271.84,368.59969,1784231999999999,23673372.5471939,87618,179.89113,11553769.4562458,0
58510-01-23 08:00:00,64271.85,64276.0,64108.0,64114.27,169.71905,1784235599999999,10892569.2768885,46514,50.34261,3231019.420211,0
58510-03-06 00:00:00,64114.25,64253.25,64101.18,64161.99,188.0978,1784239199999999,12073010.5657835,46705,98.81405,6342100.9479554,0
58510-04-16 16:00:00,64162.0,64240.12,63950.01,63968.0,351.60652,1784242799999999,22541243.7302838,82121,189.43479,12146431.3386224,0
58510-05-28 08:00:00,63968.01,64010.58,63748.74,63830.2,515.53223,1784246399999999,32913982.9552982,106162,187.74549,11986107.8872155,0
58510-07-09 00:00:00,63830.2,63912.0,63612.62,63886.0,435.36884,1784249999999999,27761893.0230526,130096,188.83862,12043436.3327031,0
58510-08-19 16:00:00,63886.0,64067.69,63476.0,63546.24,735.77497,1784253599999999,46906740.3176907,165996,328.86352,20966019.6346401,0
58510-09-30 08:00:00,63546.25,63657.99,63380.28,63482.0,818.39465,1784257199999999,51965487.3058685,145402,363.18785,23062333.826509,0
58510-11-11 00:00:00,63482.0,63720.0,63482.0,63570.0,676.04775,1784260799999999,43025216.0363776,89683,355.40693,22617274.2928751,0
58510-12-22 16:00:00,63570.0,63576.0,63320.0,63486.01,490.83509,1784264399999999,31130289.0697725,85259,278.98949,17693576.1114856,0
58511-02-02 08:00:00,63486.01,63486.01,62804.3,62839.76,1190.44758,1784267999999999,75071052.9044103,147087,412.98017,26034463.6580864,0
58511-03-16 00:00:00,62839.77,62998.52,62710.0,62948.0,1200.24888,1784271599999999,75426822.0494571,145347,541.26582,34019405.3623824,0
58511-04-26 16:00:00,62948.0,62983.99,62800.0,62828.11,1288.47496,1784275199999999,81065480.6353986,116780,828.5767,52133039.546697,0
58511-06-07 08:00:00,62828.11,62939.04,62666.0,62888.0,838.1557,1784278799999999,52634154.7719824,118340,442.6419,27797608.1832791,0
58511-07-19 00:00:00,62888.01,63069.06,62852.89,62989.46,603.45822,1784282399999999,37986908.7247324,77782,305.18241,19211837.8437829,0
58511-08-29 16:00:00,62989.47,63201.91,62989.47,63179.92,534.56662,1784285999999999,33746956.320092,82170,302.65855,19107614.5395336,0
58511-10-10 08:00:00,63179.91,63361.7,63063.67,63298.01,617.19974,1784289599999999,38998648.5550921,76675,338.41136,21383081.0773023,0
58511-11-21 00:00:00,63298.0,63348.0,63069.09,63099.75,618.64826,1784293199999999,39087743.616119,104477,298.57732,18860325.8824372,0
58512-01-01 16:00:00,63099.75,63180.0,62537.56,63153.99,1381.50027,1784296799999999,86761153.8530756,306096,574.56636,36081573.4343906,0
58512-02-12 08:00:00,63154.0,63518.0,63051.77,63174.0,1199.38162,1784300399999999,75888606.6611721,289884,517.61777,32755073.024535,0
58512-03-25 00:00:00,63174.01,63452.0,62856.16,63452.0,702.84059,1784303999999999,44374391.2109313,193926,352.89734,22287323.0050944,0
58512-05-05 16:00:00,63452.0,63706.75,63312.01,63594.0,881.75053,1784307599999999,55981690.5087425,163102,469.94191,29834543.4383111,0
58512-06-16 08:00:00,63594.0,64228.27,63594.0,64049.86,1210.18889,1784311199999999,77456976.0507236,231758,571.8845,36596006.9856877,0
58512-07-28 00:00:00,64049.85,64387.99,63894.0,64259.73,761.86335,1784314799999999,48861207.770663,192330,373.50051,23959096.1688636,0
58512-09-07 16:00:00,64259.73,64259.73,63981.2,64160.8,578.45246,1784318399999999,37090044.8028204,141264,233.12112,14948946.4344171,0
58512-10-19 08:00:00,64160.8,64192.57,63958.19,64120.0,456.18305,1784321999999999,29216033.4906783,95798,185.02914,11849589.1416302,0
58512-11-30 00:00:00,64120.01,64216.61,64064.0,64110.0,284.21145,1784325599999999,18226751.5348751,56652,130.42543,8364037.0734707,0
58513-01-10 16:00:00,64110.01,64147.0,63903.63,63986.0,255.88006,1784329199999999,16376212.725104,46539,91.43757,5850694.0268462,0
58513-02-21 08:00:00,63986.01,64011.08,63884.35,63931.67,430.02036,1784332799999999,27505567.4014198,36853,132.43572,8469813.6536111,0
58513-04-04 00:00:00,63931.67,64012.39,63895.33,63910.04,217.92923,1784336399999999,13934565.3726922,36439,88.94571,5686457.7753448,0
58513-05-15 16:00:00,63910.05,64000.0,63886.65,63952.98,200.93158,1784339999999999,12845683.9325912,38454,101.13965,6465786.9947359,0
58513-06-26 08:00:00,63952.97,64032.6,63930.54,63967.61,372.4998,1784343599999999,23831434.1173985,34906,177.20663,11337386.9514317,0
58513-08-07 00:00:00,63967.61,64017.85,63928.15,64017.84,578.99589,1784347199999999,37028871.3333208,40753,339.54706,21713685.8345335,0
58513-09-17 16:00:00,64017.84,64017.85,63947.09,63967.99,311.74394,1784350799999999,19944984.8130402,31750,114.86755,7349025.0639713,0
58513-10-29 08:00:00,63968.0,63998.0,63926.39,63967.95,153.28461,1784354399999999,9804201.6006508,35664,91.89331,5877624.6617499,0
58513-12-10 00:00:00,63967.95,64005.99,63950.0,63979.67,193.68533,1784357999999999,12391202.3100244,22645,84.94141,5434162.6642577,0
58514-01-20 16:00:00,63979.67,64026.03,63974.94,64002.75,290.3862,1784361599999999,18587667.3906795,27957,149.35276,9560275.0872619,0
58514-03-03 08:00:00,64002.75,64019.64,63960.0,64006.01,293.43528,1784365199999999,18776525.3545055,26230,166.47617,10652735.5613622,0
58514-04-14 00:00:00,64006.01,64006.01,63887.73,63987.76,286.53507,1784368799999999,18326684.7431958,22373,81.78779,5231626.461836,0
58514-05-25 16:00:00,63987.77,64026.39,63982.34,64016.43,264.0947,1784372399999999,16904036.7684116,15481,193.28382,12371899.734235,0
58514-07-06 08:00:00,64016.43,64097.22,64010.99,64069.89,259.43503,1784375999999999,16611789.1683299,21897,124.61799,7979980.3495554,0
58514-08-17 00:00:00,64069.89,64274.47,64057.27,64218.0,554.94465,1784379599999999,35603019.3334273,71351,375.60846,24096408.8508172,0
58514-09-27 16:00:00,64218.01,64218.01,63963.0,64106.0,300.90627,1784383199999999,19269691.6355803,57350,90.42783,5791811.6288985,0
58514-11-08 08:00:00,64105.99,64195.01,64101.42,64126.0,182.82691,1784386799999999,11729731.7489735,40171,102.86872,6600011.9687408,0
58514-12-20 00:00:00,64126.0,64163.99,64037.45,64123.12,202.91031,1784390399999999,13005984.0142346,42082,79.70971,5109074.6029903,0
58515-01-30 16:00:00,64123.13,64314.0,64091.48,64303.47,325.76583,1784393999999999,20909944.6111838,57577,198.17952,12720700.9469158,0
58515-03-13 08:00:00,64303.48,64492.0,64280.22,64480.29,572.40254,1784397599999999,36842060.5034703,81560,339.31225,21839596.1588027,0
58515-04-24 00:00:00,64480.28,64669.5,64462.0,64512.41,531.00754,1784401199999999,34268725.9249456,76954,317.00387,20459179.873862,0
58515-06-04 16:00:00,64512.41,64597.9,64482.0,64552.79,294.01495,1784404799999999,18977273.5621035,41062,143.09304,9235865.3145109,0
58515-07-16 08:00:00,64552.8,64739.64,64528.69,64693.01,554.55726,1784408399999999,35832367.0499657,67492,203.9533,13180424.5860515,0
58515-08-27 00:00:00,64693.02,64846.83,64614.36,64731.72,365.29033,1784411999999999,23646648.0143398,86946,156.3367,10119916.3410265,0
58515-10-07 16:00:00,64731.73,64865.0,64712.29,64805.05,503.12891,1784415599999999,32595444.2666571,67199,270.39759,17518777.9473661,0
58515-11-18 08:00:00,64805.04,64843.3,64709.28,64834.22,220.46796,1784419199999999,14286111.116648,44408,109.26344,7080365.0862211,0
58515-12-30 00:00:00,64834.21,64906.4,64769.47,64792.08,443.04046,1784422799999999,28721404.1673525,44297,220.83655,14316271.2052905,0
58516-02-09 16:00:00,64792.08,64792.09,64765.99,64765.99,211.03912,1784426399999999,13669959.8548546,27566,70.30937,4554215.7437462,0
58516-03-22 08:00:00,64766.0,64967.25,64700.84,64826.01,574.09127,1784429999999999,37227437.8506754,76305,358.62229,23255469.9004043,0
58516-05-03 00:00:00,64826.01,64842.92,64620.44,64706.18,416.11384,1784433599999999,26917588.5092524,49992,164.16272,10617455.4060813,0
58516-06-13 16:00:00,64706.18,64795.43,64610.89,64720.17,249.31584,1784437199999999,16131599.6337259,44807,112.81648,7298809.8048234,0
58516-07-25 08:00:00,64720.17,64815.65,64676.0,64724.01,206.27533,1784440799999999,13355010.3147111,32382,97.6946,6324844.654021,0
58516-09-05 00:00:00,64724.0,64759.33,64694.66,64711.69,244.79532,1784444399999999,15843142.9030713,30360,76.65129,4960694.4890286,0
58516-10-16 16:00:00,64711.69,64784.0,64675.0,64711.05,401.27453,1784447999999999,25968746.2142604,35850,235.1572,15217846.3948345,0
58516-11-27 08:00:00,64711.04,64743.0,64631.54,64707.49,602.66232,1784451599999999,38983669.8580859,45790,356.39588,23052202.8767198,0
58517-01-08 00:00:00,64707.48,64725.74,64500.0,64509.99,392.93472,1784455199999999,25372958.7848102,60038,180.76904,11673142.1871367,0
58517-02-18 16:00:00,64510.0,64700.0,64482.0,64595.0,334.64364,1784458799999999,21619201.5569846,62655,216.11326,13960549.558015,0
58517-04-01 08:00:00,64595.0,64636.28,64445.0,64467.64,208.69371,1784462399999999,13470075.1838203,61380,117.78144,7602488.1892371,0
58517-05-13 00:00:00,64467.65,64467.65,64285.24,64441.15,549.2859,1784465999999999,35360477.7631176,78381,268.79894,17304578.3454256,0
58517-06-23 16:00:00,64441.16,64516.33,64307.72,64483.31,325.94592,1784469599999999,20994565.9021602,62759,169.12018,10895130.4780715,0
58517-08-04 08:00:00,64483.32,64663.04,64425.24,64593.07,328.9706,1784473199999999,21225054.83221,78033,225.3083,14536567.9719575,0
58517-09-15 00:00:00,64593.07,64620.0,64500.0,64585.32,260.30458,1784476799999999,16801371.5537277,55126,135.33206,8734616.2186563,0
58517-10-26 16:00:00,64585.33,64644.0,64505.21,64538.72,321.63819,1784480399999999,20767837.4787402,55152,186.63356,12051218.762969,0
58517-12-07 08:00:00,64538.72,64752.0,64406.3,64547.86,402.19584,1784483999999999,25983420.8067692,79967,167.89067,10848199.5232117,0
58518-01-18 00:00:00,64547.86,64554.0,64280.0,64419.99,321.71164,1784487599999999,20728852.1855771,81538,166.99887,10759014.9764614,0
58518-02-28 16:00:00,64420.0,64467.82,64352.0,64462.58,115.02705,1784491199999999,7410208.3803175,38116,56.02771,3609046.0017462,0
58518-04-11 08:00:00,64462.58,64560.0,64462.57,64535.99,100.52602,1784494799999999,6484360.4969425,33798,44.16481,2848790.3137005,0
58518-05-23 00:00:00,64536.0,64562.55,64350.0,64415.75,221.49991,1784498399999999,14270433.6613931,54765,83.61887,5387201.3253211,0
58518-07-03 16:00:00,64415.75,64900.0,64347.89,64674.67,828.28879,1784501999999999,53575007.1767258,183382,403.70549,26114221.0478708,0
58518-08-14 08:00:00,64674.66,64772.0,64572.0,64722.54,319.6402,1784505599999999,20676716.8437091,91898,167.06043,10806205.8903417,0
58518-09-25 00:00:00,64722.55,65107.99,64416.0,64553.84,736.05935,1784509199999999,47746253.2416995,182848,373.03585,24211345.6503353,0
58518-11-05 16:00:00,64553.85,65029.4,64506.0,64628.01,401.29098,1784512799999999,25991817.2761572,157579,207.33594,13431945.2791946,0
58518-12-17 08:00:00,64628.01,64964.0,64585.0,64827.2,378.92701,1784516399999999,24558164.634028,143622,170.46754,11048257.6554573,0
58519-01-28 00:00:00,64827.19,64914.93,64644.01,64869.8,340.53514,1784519999999999,22070775.6095207,103653,193.73842,12557829.706405,0
58519-03-10 16:00:00,64869.79,64869.99,64540.0,64540.01,333.38076,1784523599999999,21577957.2337452,80155,115.4466,7471071.2554657,0
58519-04-21 08:00:00,64540.0,64562.0,64082.7,64128.0,978.47191,1784527199999999,62855851.7880593,206944,411.79681,26453813.5110884,0
58519-06-02 00:00:00,64128.01,64220.0,63765.83,63917.98,852.13818,1784530799999999,54507266.4384266,176861,395.60294,25309518.9831293,0
58519-07-13 16:00:00,63917.99,64315.96,63896.0,64280.01,998.28115,1784534399999999,64007497.8605072,123721,618.64369,39655887.3829701,0
58519-08-24 08:00:00,64280.01,64356.0,63100.0,64049.99,3901.45477,1784537999999999,249987108.8570091,159278,736.29869,47211971.9971901,0
58519-10-05 00:00:00,64050.0,64276.0,64012.8,64199.5,508.64903,1784541599999999,32640625.4577857,78564,297.20927,19072075.3113465,0
58519-11-15 16:00:00,64199.51,64415.42,64162.0,64301.18,339.54836,1784545199999999,21831111.3669813,74493,180.48151,11603342.2970385,0
58519-12-27 08:00:00,64301.18,65068.0,64273.33,65002.01,1040.02207,1784548799999999,67330407.6735049,199513,594.40576,38477071.9639958,0
58520-02-07 00:00:00,65002.0,65002.83,64599.89,64640.0,1301.45682,1784552399999999,84235389.0357722,149555,710.46076,45976717.8265241,0
58520-03-19 16:00:00,64640.0,64763.67,64208.0,64344.01,1171.73283,1784555999999999,75666362.7176056,272284,658.22349,42507930.5356676,0
58520-04-30 08:00:00,64344.01,64575.37,64077.76,64416.01,811.23879,1784559599999999,52211013.4064854,271777,430.34574,27702615.379914,0
58520-06-11 00:00:00,64416.01,65666.8,64398.15,65598.75,2563.16846,1784563199999999,166940754.0261431,342561,1660.67884,108201886.1782388,0
58520-07-22 16:00:00,65598.75,65637.7,65336.0,65508.5,1056.62117,1784566799999999,69183278.0302328,187685,542.58058,35527245.8637533,0
58520-09-02 08:00:00,65508.5,65646.55,65342.52,65587.98,673.41436,1784570399999999,44112235.3361319,125377,387.06212,25356413.6462255,0
58520-10-14 00:00:00,65587.99,65799.0,65204.0,65240.01,708.20295,1784573999999999,46416684.6627905,152574,344.93339,22612220.680874,0
58520-11-24 16:00:00,65240.01,65274.58,65041.05,65142.0,856.15121,1784577599999999,55759616.6137124,123541,413.45663,26926261.0909182,0
58521-01-05 08:00:00,65142.0,65438.0,65061.92,65367.58,339.09983,1784581199999999,22131381.224458,86065,204.90754,13373931.1661078,0
58521-02-16 00:00:00,65367.57,65445.27,65272.32,65286.02,264.99229,1784584799999999,17314896.5944377,64149,138.3953,9041914.9470728,0
58521-03-29 16:00:00,65286.02,65286.02,65092.66,65141.99,333.37114,1784588399999999,21722734.2596759,74897,114.77361,7478741.2690226,0
58521-05-10 08:00:00,65142.0,65272.21,65128.17,65255.51,435.27846,1784591999999999,28383526.9181742,69151,204.54566,13337119.3274932,0
58521-06-21 00:00:00,65255.51,65585.0,65148.75,65568.01,685.78688,1784595599999999,44858297.8028446,137991,394.33991,25789332.5618913,0
58521-08-01 16:00:00,65568.0,65658.78,65232.65,65235.55,421.8846,1784599199999999,27611342.2747782,109409,216.99319,14199713.8234306,0
58521-09-12 08:00:00,65235.56,65500.0,65176.2,65414.01,382.21075,1784602799999999,24964497.6625687,98741,215.67468,14086803.8982324,0
58521-10-24 00:00:00,65414.01,65593.11,65411.74,65566.78,795.51369,1784606399999999,52104085.9682683,104591,383.88337,25142512.7225459,0
58521-12-04 16:00:00,65566.77,65742.58,65471.69,65522.01,600.76388,1784609999999999,39384993.9788351,95473,319.02736,20915155.222961,0
58522-01-15 08:00:00,65522.0,65933.24,65485.55,65751.56,864.8195,1784613599999999,56764659.8577891,103232,444.81598,29201688.3702157,0
58522-02-26 00:00:00,65751.56,65991.05,65634.0,65913.0,733.43884,1784617199999999,48297424.5574054,126066,401.05742,26405044.4799836,0
58522-04-08 16:00:00,65913.0,66245.64,65866.0,66186.86,1338.71722,1784620799999999,88446649.3820241,143773,687.99456,45443085.8888805,0
58522-05-20 08:00:00,66186.86,66354.0,66129.19,66226.44,1032.71252,1784624399999999,68425285.381103,158063,550.2818,36461231.0164301,0
58522-07-01 00:00:00,66226.43,66350.0,66144.0,66291.99,472.96398,1784627999999999,31334455.4693134,80381,231.88096,15361662.0373027,0
58522-08-11 16:00:00,66292.0,66420.65,66176.55,66180.0,1179.04438,1784631599999999,78206466.8815425,106189,560.59725,37186173.2729237,0
58522-09-22 08:00:00,66180.0,66350.0,66147.82,66345.59,752.24871,1784635199999999,49837400.0197479,82988,394.46866,26132081.5786755,0
58522-11-03 00:00:00,66345.59,66640.0,66255.73,66558.82,1002.49408,1784638799999999,66618017.1801819,154107,626.01214,41603052.5771636,0
58522-12-14 16:00:00,66558.81,66810.97,66315.62,66786.0,1358.43796,1784642399999999,90418929.6969278,258062,734.51135,48897433.4795264,0
58523-01-25 08:00:00,66786.0,66956.15,66648.27,66842.3,1722.33044,1784645999999999,115095849.7071077,255021,949.00186,63418859.7324382,0
58523-03-08 00:00:00,66842.29,66842.3,66517.52,66676.54,948.73464,1784649599999999,63259092.3538372,191665,395.80559,26390806.5832343,0
58523-04-18 16:00:00,66676.53,66764.0,66462.32,66542.01,672.73654,1784653199999999,44803452.892217,153714,300.5307,20018404.6782124,0
58523-05-30 08:00:00,66542.01,66567.59,66052.63,66207.95,1024.8098,1784656799999999,67962919.1370632,147681,505.9684,33559829.1868606,0
58523-07-11 00:00:00,66207.96,66358.0,66098.71,66319.95,619.31647,1784660399999999,41027462.1104824,131160,315.63375,20911513.790941,0
58523-08-21 16:00:00,66319.96,66502.8,66264.12,66444.76,623.55174,1784663999999999,41412143.5946473,89737,293.52367,19493314.673257,0
58523-10-02 08:00:00,66444.76,66496.0,66359.3,66406.57,288.41886,1784667599999999,19158375.8287676,62052,131.52161,8736044.536423,0
58523-11-13 00:00:00,66406.58,66408.26,66290.0,66385.0,330.71956,1784671199999999,21944053.5766126,61522,162.63134,10791032.0396239,0
58523-12-24 16:00:00,66385.0,66388.35,66204.0,66304.02,432.0724,1784674799999999,28652241.6982484,74200,148.98017,9877343.0196238,0
58524-02-04 08:00:00,66304.02,66576.0,66228.55,66556.16,334.55343,1784678399999999,22214593.0619065,79423,180.67296,11995204.3024538,0
58524-03-17 00:00:00,66556.15,66739.89,66525.54,66620.97,961.25987,1784681999999999,64081004.7373057,139151,593.74514,39584297.3115217,0
58524-04-27 16:00:00,66620.97,66661.79,66282.65,66433.3,801.8459,1784685599999999,53272816.6403555,149270,444.41662,29525448.1789538,0
58524-06-08 08:00:00,66433.29,66532.26,66298.0,66314.12,584.2039,1784689199999999,38786656.5223188,251235,275.24641,18273569.3977951,0
58524-07-20 00:00:00,66314.12,66371.27,66176.0,66210.0,535.35393,1784692799999999,35480944.2670066,112668,257.78222,17085988.8885647,0
58524-08-30 16:00:00,66209.99,66424.0,66198.0,66381.05,1016.50384,1784696399999999,67451976.0227548,109536,501.48493,33277294.8895345,0
58524-10-11 08:00:00,66381.05,66381.05,65944.51,65974.9,732.84767,1784699999999999,48437146.1263059,171550,278.77567,18424093.8913449,0
58524-11-22 00:00:00,65974.9,66026.93,65830.94,65934.33,677.13061,1784703599999999,44639061.2750239,174021,333.31842,21974631.1444611,0
58525-01-02 16:00:00,65934.34,65968.9,65701.0,65843.48,1698.20928,1784707199999999,111861204.2216509,212941,748.07771,49274321.9830214,0
58525-02-13 08:00:00,65843.48,66164.57,65843.47,65987.96,1762.03259,1784710799999999,116302273.153707,240865,906.58108,59838735.0268388,0
58525-03-27 00:00:00,65987.97,66082.5,65850.0,65928.0,1983.57551,1784714399999999,130853039.232697,352683,964.04639,63595456.3381753,0
58525-05-07 16:00:00,65928.01,66116.36,65898.0,66046.02,636.27622,1784717999999999,41991692.0616196,59084,355.19012,23439993.8990523,0
58525-06-18 08:00:00,66046.01,66092.59,65909.16,66013.36,789.42664,1784721599999999,52121211.3364885,59946,350.44654,23137298.2761905,0
58525-07-30 00:00:00,66013.36,66013.37,65553.67,65636.01,572.31956,1784725199999999,37643161.3359271,88136,230.97887,15189878.0218784,0
58525-09-09 16:00:00,65636.01,65982.28,65559.66,65951.39,762.44551,1784728799999999,50128481.3977044,177645,381.7874,25106378.9920697,0
58525-10-21 08:00:00,65951.38,66204.98,65588.0,65793.98,977.66799,1784732399999999,64370253.868651,220988,507.82559,33442272.1418608,0
58525-12-02 00:00:00,65793.98,66125.0,65793.98,66047.39,689.66439,1784735999999999,45509300.1145798,175975,399.84955,26384059.6482038,0
58526-01-12 16:00:00,66047.38,66384.0,65911.6,66229.01,531.34681,1784739599999999,35154988.6779903,148065,250.74712,16592231.7281789,0
58526-02-23 08:00:00,66229.01,66275.29,65944.0,66024.03,332.68865,1784743199999999,21996004.0852956,104053,148.18655,9797454.727933,0
58526-04-06 00:00:00,66024.02,66075.91,65726.08,65895.46,372.67709,1784746799999999,24553586.7727065,97666,156.30905,10298665.1806898,0
58526-05-17 16:00:00,65895.46,65958.56,65691.93,65923.19,284.49057,1784750399999999,18740263.1026223,78209,118.43739,7802325.7663031,0
58526-06-28 08:00:00,65923.19,65986.0,65791.79,65919.68,303.33342,1784753999999999,19992838.2630799,75302,143.52943,9460097.5585393,0
58526-08-09 00:00:00,65919.67,66133.98,65892.64,66072.47,345.28683,1784757599999999,22790833.8948287,55486,166.43056,10983875.0531144,0
58526-09-19 16:00:00,66072.48,66080.94,65932.0,66044.17,283.8249,1784761199999999,18733779.7298675,61859,120.02718,7921998.4441394,0
58526-10-31 08:00:00,66044.17,66138.24,65844.3,66114.49,440.45434,1784764799999999,29066401.4663447,65491,221.24943,14601615.1831783,0
58526-12-12 00:00:00,66114.5,66313.14,66054.58,66058.19,818.52742,1784768399999999,54155763.2815266,101542,455.42556,30131822.7372572,0
58527-01-22 16:00:00,66058.2,66208.0,65751.0,65830.0,911.89269,1784771999999999,60104629.3613211,116801,436.85739,28796722.0458369,0
58527-03-05 08:00:00,65830.0,65843.25,65653.23,65805.34,489.67764,1784775599999999,32207820.2303629,89297,246.96764,16243081.9792033,0
58527-04-16 00:00:00,65805.35,65816.0,65585.11,65662.53,518.12407,1784779199999999,34037699.4932984,83286,190.8358,12536267.5040781,0
58527-05-27 16:00:00,65662.53,65738.99,65590.12,65616.48,673.83221,1784782799999999,44243082.655864,71356,286.57201,18816040.6270747,0
58527-07-08 08:00:00,65616.49,65797.93,65570.12,65691.01,258.16071,1784786399999999,16952660.213875,60111,111.90581,7348569.3466564,0
58527-08-19 00:00:00,65691.01,65821.17,65625.2,65790.0,198.22051,1784789999999999,13028058.0624509,54913,96.4148,6337284.5644138,0
58527-09-29 16:00:00,65790.0,65790.0,65351.02,65442.13,625.4986,1784793599999999,40945991.6810162,127032,280.77924,18377061.5889332,0
58527-11-10 08:00:00,65442.12,65665.99,65419.75,65633.0,617.22753,1784797199999999,40448552.0819689,70528,309.06305,20250113.5660597,0
58527-12-22 00:00:00,65632.99,65757.99,65608.18,65638.92,505.16907,1784800799999999,33191579.9770153,68218,258.28435,16969582.755758,0
58528-02-01 16:00:00,65638.92,65792.09,65589.69,65740.0,314.19369,1784804399999999,20651864.1563431,57927,173.15418,11380423.0134785,0
58528-03-14 08:00:00,65740.0,65740.01,65540.93,65555.21,260.87827,1784807999999999,17119333.5179392,66807,100.11351,6568771.5366722,0
58528-04-25 00:00:00,65555.21,65589.41,64988.05,65167.04,1080.21623,1784811599999999,70489309.8577865,170313,427.76772,27922772.9420537,0
58528-06-05 16:00:00,65167.05,65221.29,64863.62,64880.0,1019.68548,1784815199999999,66316158.3639331,257564,468.596,30479586.6494867,0
58528-07-17 08:00:00,64880.0,65216.24,64822.13,64909.99,1122.58373,1784818799999999,72973729.6979219,222134,463.32341,30123654.4769214,0
58528-08-28 00:00:00,64910.0,65023.68,64728.0,64958.36,1087.45523,1784822399999999,70551900.7611263,214968,509.31855,33047369.6540238,0
58528-10-08 16:00:00,64958.37,64961.15,64704.57,64756.84,823.97347,1784825999999999,53400401.7582324,131588,334.72907,21690566.8575024,0
58528-11-19 08:00:00,64756.84,64900.0,64650.0,64681.27,610.54166,1784829599999999,39562719.883168,118553,345.37924,22381635.6506425,0
58528-12-31 00:00:00,64681.26,64948.05,64680.0,64869.12,473.57506,1784833199999999,30686499.01517,101825,260.91652,16906045.4231928,0
58529-02-10 16:00:00,64869.13,64934.75,64686.56,64846.94,525.37224,1784836799999999,34052805.8017529,105509,236.41419,15324211.5011481,0
58529-03-24 08:00:00,64846.93,65217.93,64834.52,65147.5,435.69297,1784840399999999,28358595.842845,75790,299.3584,19487762.5555897,0
58529-05-05 00:00:00,65147.5,65210.35,65014.0,65169.81,348.6782,1784843999999999,22704454.8781274,68545,215.6804,14042848.5338737,0
58529-06-15 16:00:00,65169.82,65227.99,65013.94,65195.43,465.02672,1784847599999999,30302110.1584462,69112,263.172,17148483.8018693,0
58529-07-27 08:00:00,65195.43,65235.43,65052.01,65098.97,514.02333,1784851199999999,33505486.7289027,53580,265.29545,17292291.730988,0
58529-09-07 00:00:00,65098.98,65113.86,64762.18,64973.99,343.41298,1784854799999999,22293397.5193357,84058,129.81999,8426348.3335874,0
58529-10-18 16:00:00,64974.0,65168.0,64944.37,65086.0,666.39562,1784858399999999,43363410.7691566,96667,381.68436,24836465.1113938,0
58529-11-29 08:00:00,65086.0,65187.57,64925.45,65116.99,432.3739,1784861999999999,28142630.8862078,80843,190.71358,12413512.0003923,0
58530-01-10 00:00:00,65116.99,65464.35,65078.0,65456.7,382.6998,1784865599999999,24998991.5866268,91902,210.07461,13722108.3719,0
58530-02-20 16:00:00,65456.7,65469.86,65272.26,65318.0,299.6958,1784869199999999,19592772.7224584,62476,126.80876,8288149.2393471,0
58530-04-03 08:00:00,65318.01,65394.0,65248.0,65325.0,372.30415,1784872799999999,24317849.9170327,48965,181.25615,11839492.0896013,0
58530-05-15 00:00:00,65325.01,65519.93,65278.07,65472.0,914.26438,1784876399999999,59785493.216619,77673,390.87561,25565679.0567423,0
58530-06-25 16:00:00,65472.0,65808.59,65320.69,65499.95,1219.60281,1784879999999999,79958294.4695949,137947,561.37159,36812796.3201714,0
58530-08-06 08:00:00,65499.94,65508.17,65302.18,65302.18,306.26025,1784883599999999,20034904.3441926,58326,170.22498,11135621.6244298,0
58530-09-17 00:00:00,65302.18,65314.66,64952.38,65113.13,478.93491,1784887199999999,31169700.5586525,97330,269.49813,17536501.5579767,0
58530-10-28 16:00:00,65113.13,65157.99,64906.85,64950.0,716.12782,1784890799999999,46552964.4241958,55339,438.38848,28496200.1537498,0
58530-12-09 08:00:00,64950.01,65099.99,64857.14,65083.43,751.17375,1784894399999999,48825602.1242652,88288,382.70676,24874127.0706113,0
58531-01-20 00:00:00,65083.42,65133.99,64766.0,64780.01,507.45117,1784897999999999,32961854.5098042,95073,203.58935,13225962.8072466,0
58531-03-02 16:00:00,64780.0,64802.0,63920.01,64155.46,2007.68582,1784901599999999,129104719.9643319,281787,788.22142,50678367.7918287,0
58531-04-13 08:00:00,64155.47,64198.3,63739.75,64055.12,1591.08926,1784905199999999,101681776.6059982,301812,778.6694,49766595.842203,0
58531-05-25 00:00:00,64055.11,64333.33,63858.0,64093.85,1939.18979,1784908799999999,124372547.1631712,238240,979.65769,62836087.4643099,0
58531-07-05 16:00:00,64093.86,64200.0,63881.46,63958.0,529.35925,1784912399999999,33893566.2344789,115274,254.41795,16289402.9155829,0
58531-08-16 08:00:00,63958.01,64202.91,63905.51,64180.0,525.47557,1784915999999999,33678098.4717947,101347,248.64802,15936495.2998413,0
58531-09-27 00:00:00,64180.0,64290.1,64129.75,64272.0,390.98725,1784919599999999,25103008.2986105,68837,225.24313,14463098.4389148,0
58531-11-07 16:00:00,64272.01,64292.44,64141.18,64225.32,579.59462,1784923199999999,37219446.1885943,89535,268.80626,17261732.5303009,0
58531-12-19 08:00:00,64225.32,64288.02,64128.89,64170.23,214.82759,1784926799999999,13793686.1364997,46136,101.68095,6528980.5314873,0
58532-01-30 00:00:00,64170.24,64258.73,64122.29,64155.0,651.81342,1784930399999999,41828439.168768,63726,360.48448,23134033.0821711,0
58532-03-11 16:00:00,64155.0,64216.27,64121.86,64169.01,587.59798,1784933999999999,37708911.1885561,40494,288.78415,18532397.195398,0
58532-04-22 08:00:00,64169.01,64187.4,64134.71,64139.99,412.95391,1784937599999999,26497342.6951059,45616,201.59706,12935489.1912585,0
58532-06-03 00:00:00,64140.0,64179.03,64033.18,64073.61,386.54772,1784941199999999,24787918.617477,40034,156.01559,10005479.135259,0
58532-07-14 16:00:00,64073.61,64160.0,64006.55,64068.01,493.07694,1784944799999999,31596317.3552907,51288,296.31588,18987292.1744296,0
58532-08-25 08:00:00,64068.0,64099.99,64017.87,64052.0,479.58839,1784948399999999,30715835.4929667,33813,238.38469,15267879.119926,0
58532-10-06 00:00:00,64052.01,64105.61,64016.65,64085.36,469.51581,1784951999999999,30073708.6256631,37030,264.55376,16946572.3452222,0
58532-11-16 16:00:00,64085.36,64205.67,64085.15,64181.46,171.38031,1784955599999999,10992292.0026997,32769,107.64419,6904717.2576378,0
58532-12-28 08:00:00,64181.45,64199.76,63980.01,64024.0,245.62438,1784959199999999,15740190.786473,33518,96.47787,6183581.7783173,0
58533-02-08 00:00:00,64024.0,64063.37,63964.57,64010.0,248.54758,1784962799999999,15908724.8745846,44520,108.02015,6914177.2503434,0
58533-03-21 16:00:00,64010.0,64038.52,64000.0,64003.2,408.36611,1784966399999999,26144644.9228541,40124,191.35277,12250641.8260694,0
58533-05-02 08:00:00,64003.2,64010.01,63810.0,63876.06,507.52898,1784969999999999,32444882.0010597,61803,232.07014,14838119.3907318,0
58533-06-13 00:00:00,63876.07,64024.72,63830.0,63999.99,1813.6121,1784973599999999,115947962.1809654,117858,918.60235,58727395.7279921,0
58533-07-24 16:00:00,64000.0,64070.0,63996.0,64070.0,200.57959,1784977199999999,12842699.6306678,29050,133.64299,8556941.7849035,0
58533-09-04 08:00:00,64069.99,64113.0,64047.09,64064.01,226.46632,1784980799999999,14510694.2843936,31689,160.27698,10269610.0616598,0
58533-10-16 00:00:00,64064.01,64123.8,64043.0,64123.8,179.4102,1784984399999999,11495368.7402038,25201,131.18503,8405195.207812,0
58533-11-26 16:00:00,64123.8,64267.78,64106.74,64172.0,285.46591,1784987999999999,18320305.2852577,42993,190.77595,12242433.7468105,0
58534-01-07 08:00:00,64172.01,64217.09,64126.0,64214.04,270.20323,1784991599999999,17338886.787801,38844,200.70657,12878967.0293832,0
58534-02-18 00:00:00,64214.05,64272.0,64169.99,64182.0,193.98029,1784995199999999,12456622.1960034,41628,114.608,7359930.4640452,0
58534-03-31 16:00:00,64182.01,64241.71,64123.0,64206.6,126.61028,1784998799999999,8125884.954731,35478,50.01854,3210139.9760288,0
58534-05-12 08:00:00,64206.61,64356.0,64194.37,64267.4,187.81706,1785002399999999,12070609.81949,43641,111.44653,7162535.813523,0
58534-06-23 00:00:00,64267.41,64475.28,64267.41,64415.99,314.52068,1785005999999999,20255218.2612603,63602,220.1896,14181073.0194376,0
58534-08-03 16:00:00,64415.99,64438.12,64388.38,64388.38,219.4973,1785009599999999,14138733.7872131,29584,86.42949,5567392.3921605,0
58534-09-14 08:00:00,64388.39,64392.74,64313.0,64339.75,213.90166,1785013199999999,13766401.4006168,31434,122.49595,7883263.748931,0
58534-10-26 00:00:00,64339.75,64430.0,64263.03,64344.02,177.06463,1785016799999999,11393594.7964128,36650,63.5918,4090955.2022021,0
58534-12-06 16:00:00,64344.02,64426.0,64344.01,64412.0,625.93723,1785020399999999,40308245.9841225,39024,236.38268,15221529.5312688,0
58535-01-17 08:00:00,64412.01,64429.38,64363.0,64375.0,417.8076,1785023999999999,26906313.2953763,23763,190.30745,12255833.9418492,0
58535-02-28 00:00:00,64375.01,64507.0,64350.0,64506.99,256.73658,1785027599999999,16543427.9723887,40156,179.85928,11589716.414605,0
58535-04-10 16:00:00,64506.99,64541.66,64456.67,64462.0,277.18148,1785031199999999,17872218.4471969,41762,132.73716,8558396.9679472,0
58535-05-22 08:00:00,64462.0,64527.59,64427.59,64527.56,117.0226,1785034799999999,7543722.8953636,25516,52.66136,3394571.994161,0
58535-07-03 00:00:00,64527.57,64582.0,64488.73,64557.0,304.96319,1785038399999999,19682386.2611552,35083,190.43815,12290418.4910989,0
58535-08-13 16:00:00,64557.0,64599.95,64491.73,64530.06,425.16453,1785041999999999,27442007.6070083,34104,153.52402,9908207.3382722,0
58535-09-24 08:00:00,64530.06,64530.07,64403.95,64417.69,131.14508,1785045599999999,8455231.4707126,30073,56.34574,3632651.1099679,0
58535-11-05 00:00:00,64417.68,64457.55,64293.81,64438.0,408.23581,1785049199999999,26283880.9949023,34947,164.22506,10573293.4341393,0
58535-12-16 16:00:00,64438.01,64460.0,64341.99,64370.0,273.49735,1785052799999999,17607606.2632592,30062,149.98133,9655357.5937875,0
58536-01-27 08:00:00,64370.0,64493.99,64353.0,64480.01,204.14991,1785056399999999,13148267.4764042,32359,95.32458,6140511.498025,0
58536-03-09 00:00:00,64480.02,64549.02,64478.38,64538.0,164.82486,1785059999999999,10634767.517956,26386,86.78158,5599091.7969023,0
58536-04-19 16:00:00,64538.01,64573.73,64497.62,64515.4,137.0474,1785063599999999,8843018.9263453,27304,77.91995,5027535.0000412,0
58536-05-31 08:00:00,64515.39,64535.99,64495.17,64507.35,174.84399,1785067199999999,11279560.8967992,26828,86.58179,5585519.3626773,0
58536-07-12 00:00:00,64507.36,64662.99,64434.0,64466.67,319.29329,1785070799999999,20613879.3866953,53713,203.44644,13135615.133383,0
58536-08-22 16:00:00,64466.68,64571.42,64414.0,64518.0,319.1541,1785074399999999,20585758.7168447,42136,163.57915,10550200.2441625,0
58536-10-03 08:00:00,64517.99,64768.23,64517.99,64712.99,504.24215,1785077999999999,32611384.6511881,86836,301.39848,19490734.5367599,0
58536-11-14 00:00:00,64713.0,64827.0,64673.42,64768.0,313.86895,1785081599999999,20326120.8064912,64035,169.92212,11004228.7393874,0
58536-12-25 16:00:00,64768.0,64940.51,64703.23,64734.17,420.05042,1785085199999999,27222221.0579776,63543,208.06396,13486577.5682171,0
58537-02-05 08:00:00,64734.17,64794.45,64668.91,64697.2,347.81315,1785088799999999,22509372.6976601,40944,160.74323,10403013.0573291,0
58537-03-19 00:00:00,64697.21,64769.99,64668.91,64734.38,114.76281,1785092399999999,7425216.5053485,27857,51.12658,3307840.1108286,0
58537-04-29 16:00:00,64734.39,64753.0,64671.91,64695.52,369.55718,1785095999999999,23913561.9997712,30675,178.02445,11519736.189323,0
58537-06-10 08:00:00,64695.52,64703.36,64631.57,64649.04,120.01782,1785099599999999,7761146.6094509,23192,36.04374,2330826.2795174,0
58537-07-22 00:00:00,64649.04,64924.0,64649.03,64858.02,268.26505,1785103199999999,17385342.8134268,58967,135.49976,8781326.5830683,0
58537-09-01 16:00:00,64858.03,65502.6,64858.03,65412.68,1331.07392,1785106799999999,86910581.0334323,149004,731.94431,47793167.0193018,0
58537-10-13 08:00:00,65412.69,65577.0,65273.76,65399.99,630.14927,1785110399999999,41233414.4545812,112541,325.30749,21288809.1707726,0
58537-11-24 00:00:00,65400.0,65418.81,65065.46,65131.95,465.77387,1785113999999999,30365307.7463082,118489,213.41398,13912910.6119541,0
58538-01-04 16:00:00,65131.96,65225.75,64892.03,65206.21,478.78723,1785117599999999,31152880.048241,113071,205.66144,13387814.0191892,0
58538-02-15 08:00:00,65206.21,65281.64,65118.08,65172.0,475.81825,1785121199999999,31025994.1013374,87255,189.71473,12370526.9440115,0
58538-03-29 00:00:00,65172.02,65367.73,65161.99,65284.0,519.18282,1785124799999999,33875124.6812282,72663,270.3072,17632686.4151123,0
58538-05-09 16:00:00,65284.0,65500.0,65242.69,65282.8,331.55981,1785128399999999,21668771.412017,79553,101.10415,6607905.3481487,0
58538-06-20 08:00:00,65282.81,65493.38,65282.8,65468.38,284.79372,1785131999999999,18621372.5335656,66699,130.2359,8515690.9934668,0
58538-08-01 00:00:00,65468.38,65744.6,65404.9,65416.76,867.3473,1785135599999999,56853588.5362016,133867,364.39527,23887052.5116537,0
58538-09-11 16:00:00,65416.77,65447.02,65217.16,65221.99,1066.09119,1785139199999999,69664799.8045196,113482,379.48242,24799261.2661317,0
58538-10-23 08:00:00,65221.99,65258.0,65128.85,65162.98,724.97518,1785142799999999,47269914.2893607,93395,332.29177,21666306.2222296,0
58538-12-04 00:00:00,65162.98,65348.17,65100.0,65262.17,1478.16072,1785146399999999,96429205.0300113,84801,724.51322,47266085.0080639,0
58539-01-14 16:00:00,65262.18,65432.0,65230.01,65333.35,412.29993,1785149999999999,26929198.675902,56592,248.56554,16236546.0455945,0
58539-02-25 08:00:00,65333.35,65333.36,65092.0,65100.79,287.15002,1785153599999999,18723368.9073381,64359,117.27154,7646256.288914,0
58539-04-08 00:00:00,65100.79,65255.76,64836.0,65086.0,587.73231,1785157199999999,38224988.8496335,112418,304.64848,19817174.2396567,0
58539-05-19 16:00:00,65086.0,65718.0,64913.12,65217.37,1076.54142,1785160799999999,70345351.8533755,253818,583.60766,38145363.9459652,0
58539-06-30 08:00:00,65217.38,65431.9,64459.82,64687.45,1132.47674,1785164399999999,73445792.4368914,363218,456.37693,29602521.2113864,0
58539-08-11 00:00:00,64687.45,64776.0,64418.01,64554.01,596.28993,1785167999999999,38529494.1613239,193632,256.16212,16550760.8864197,0
58539-09-21 16:00:00,64554.0,64970.93,64517.78,64898.52,473.37301,1785171599999999,30645080.2455529,138892,264.02489,17092302.9006866,0
58539-11-02 08:00:00,64898.53,65090.0,64794.37,65019.81,404.49207,1785175199999999,26282519.3037005,106137,217.3184,14119188.7091054,0
58539-12-14 00:00:00,65019.81,65058.32,64755.67,64878.0,323.26344,1785178799999999,20971108.0358201,103751,145.95784,9466682.3062006,0
58540-01-24 16:00:00,64878.0,65078.0,64810.9,64984.0,291.82434,1785182399999999,18961076.9540441,87379,156.05001,10138707.4584269,0
58540-03-06 08:00:00,64983.99,65056.0,64908.01,64960.65,197.69959,1785185999999999,12842807.1781666,41029,62.04882,4031260.3244042,0
58540-04-17 00:00:00,64960.64,64960.65,64790.28,64821.25,238.07403,1785189599999999,15443505.1351098,48757,103.87588,6736425.1086808,0
58540-05-28 16:00:00,64821.26,64821.26,63792.0,63792.0,1130.54656,1785193199999999,72611677.0361381,175125,369.70721,23762871.281151,0
58540-07-09 08:00:00,63792.01,63940.27,63605.56,63755.86,947.65195,1785196799999999,60428271.0295997,213254,498.09388,31764522.2713222,0
