timestamp,open,high,low,close,volume,close_time,quote_volume,trades,taker_buy_base,taker_buy_quote,ignore
58294-03-23 00:00:00,2289.42,2294.24,2285.38,2292.4,4053.3505,1777424399999999,9279821.845952,58295,2562.0524,5866185.309723,0
58294-05-03 16:00:00,2292.41,2297.3,2278.84,2292.45,10251.4496,1777427999999999,23443079.336459,114974,5252.5988,12014945.843361,0
58294-06-14 08:00:00,2292.45,2295.61,2284.68,2288.88,7158.8638,1777431599999999,16393141.566788,69011,2619.9827,6000463.614001,0
58294-07-26 00:00:00,2288.87,2316.36,2287.61,2311.52,18471.9819,1777435199999999,42598171.832005,151805,10858.4489,25048158.919354,0
58294-09-05 16:00:00,2311.53,2342.5,2309.33,2327.32,26313.9011,1777438799999999,61268016.12757,193148,12948.6576,30151523.935609,0
58294-10-17 08:00:00,2327.32,2333.22,2322.83,2329.19,12864.951,1777442399999999,29950526.875718,97179,6577.836,15320960.66299,0
58294-11-28 00:00:00,2329.19,2336.64,2320.24,2324.58,9480.4591,1777445999999999,22077549.493827,96317,5406.3385,12592621.492856,0
58295-01-08 16:00:00,2324.59,2330.31,2321.7,2323.73,6478.9845,1777449599999999,15065735.722331,70542,2554.0918,5939754.791733,0
58295-02-19 08:00:00,2323.74,2329.03,2321.11,2325.33,4136.2641,1777453199999999,9614154.348909,73135,1814.1972,4217199.325241,0
58295-04-02 00:00:00,2325.33,2346.66,2322.74,2339.72,12808.4246,1777456799999999,29933868.975413,151858,7464.8193,17444999.230266,0
58295-05-13 16:00:00,2339.71,2346.95,2330.01,2333.68,9453.427,1777460399999999,22119841.817866,135311,4617.8443,10805636.226107,0
58295-06-24 08:00:00,2333.67,2336.0,2328.79,2331.74,8275.1971,1777463999999999,19296595.638266,90848,3750.2351,8744554.204665,0
58295-08-05 00:00:00,2331.74,2331.94,2307.4,2316.13,16486.429,1777467599999999,38193973.867977,159996,9272.7703,21476626.545458,0
58295-09-15 16:00:00,2316.13,2318.15,2289.94,2303.03,18372.5595,1777471199999999,42304932.921606,264783,9211.8187,21211622.082054,0
58295-10-27 08:00:00,2303.02,2308.29,2293.86,2299.39,14483.7704,1777474799999999,33339448.933667,175228,8008.6055,18431032.846678,0
58295-12-08 00:00:00,2299.4,2301.24,2263.1,2272.51,31727.41,1777478399999999,72364429.336155,318219,15104.9251,34446733.463509,0
58296-01-18 16:00:00,2272.5,2279.27,2263.35,2267.47,19698.2895,1777481999999999,44742086.741803,162561,9822.2343,22308645.972817,0
58296-02-29 08:00:00,2267.48,2283.33,2266.3,2283.12,11615.5567,1777485599999999,26404079.715066,122493,7357.4742,16727578.354243,0
58296-04-11 00:00:00,2283.12,2285.92,2220.36,2239.41,56466.6844,1777489199999999,126479333.933164,496219,26076.4444,58374951.425441,0
58296-05-22 16:00:00,2239.41,2242.44,2225.0,2233.7,17551.9858,1777492799999999,39169401.818264,168237,8964.0044,20002960.845028,0
58296-07-03 08:00:00,2233.69,2248.73,2230.49,2240.42,12588.2129,1777496399999999,28199643.691372,181735,5775.4379,12937702.84825,0
58296-08-14 00:00:00,2240.42,2264.8,2238.59,2253.13,15432.4606,1777499999999999,34718756.109575,104357,6918.9793,15570702.304897,0
58296-09-24 16:00:00,2253.14,2259.01,2250.19,2257.78,5462.7196,1777503599999999,12319455.50342,64074,2884.3286,6504070.655978,0
58296-11-05 08:00:00,2257.77,2260.3,2250.35,2252.9,5444.7688,1777507199999999,12279197.37446,67967,3175.6774,7162113.442514,0
58296-12-17 00:00:00,2252.9,2275.0,2249.47,2272.46,9779.8174,1777510799999999,22141655.506948,144645,6203.0169,14053127.594748,0
58297-01-27 16:00:00,2272.45,2279.0,2267.06,2269.35,8290.3738,1777514399999999,18836980.791297,130100,3308.5703,7519832.58323,0
58297-03-10 08:00:00,2269.36,2273.14,2236.36,2245.13,12671.6592,1777517999999999,28524618.210631,238222,5715.8906,12859978.779243,0
58297-04-21 00:00:00,2245.12,2256.82,2243.89,2253.24,5318.3681,1777521599999999,11964701.503439,110353,2983.3703,6712364.325576,0
58297-06-01 16:00:00,2253.24,2254.27,2236.89,2238.97,7758.4871,1777525199999999,17403909.532237,130589,3555.0026,7972935.885182,0
58297-07-13 08:00:00,2238.98,2248.31,2231.64,2242.76,8319.8981,1777528799999999,18652838.511057,94948,2907.475,6519412.70698,0
58297-08-24 00:00:00,2242.76,2252.49,2241.86,2248.03,6064.2486,1777532399999999,13625776.175311,86873,2565.4542,5764786.036064,0
58297-10-04 16:00:00,2248.03,2262.23,2243.71,2260.31,11236.2376,1777535999999999,25330994.976524,98880,6467.4979,14583088.657304,0
58297-11-15 08:00:00,2260.31,2263.21,2255.27,2256.65,10003.379,1777539599999999,22602023.957788,79575,6238.2699,14097381.788052,0
58297-12-27 00:00:00,2256.65,2271.11,2256.0,2261.86,6145.3195,1777543199999999,13913472.200728,110577,3247.5051,7353537.725909,0
58298-02-06 16:00:00,2261.86,2265.74,2256.78,2262.01,5283.3923,1777546799999999,11946560.074159,86166,2816.0718,6367764.15119,0
58298-03-20 08:00:00,2262.0,2273.7,2252.07,2258.18,9303.8333,1777550399999999,21049002.533717,120424,4437.044,10041959.122095,0
58298-05-01 00:00:00,2258.18,2271.07,2257.74,2265.45,6154.9815,1777553999999999,13942362.409666,98707,3106.6644,7037366.446532,0
58298-06-11 16:00:00,2265.46,2272.56,2254.74,2263.9,10742.9268,1777557599999999,24331066.490877,202461,6055.3828,13715147.26881,0
58298-07-23 08:00:00,2263.9,2271.07,2245.82,2262.01,14497.1911,1777561199999999,32744719.281319,251086,6641.38,15012709.112123,0
58298-09-03 00:00:00,2262.0,2275.13,2257.65,2265.7,6476.8828,1777564799999999,14675346.430504,150011,3203.1289,7260311.870782,0
58298-10-14 16:00:00,2265.7,2267.16,2255.8,2257.24,3880.3064,1777568399999999,8774748.605083,85788,1641.4131,3712220.332877,0
58298-11-25 08:00:00,2257.24,2260.47,2251.62,2258.14,4889.144,1777571999999999,11030896.036114,96321,2724.3347,6147109.085623,0
58299-01-06 00:00:00,2258.13,2265.29,2254.55,2259.84,4110.2594,1777575599999999,9287340.908803,81367,2160.5565,4882217.494271,0
58299-02-16 16:00:00,2259.84,2267.09,2258.13,2261.99,4771.3788,1777579199999999,10799501.900403,79601,2649.3307,5997112.612365,0
58299-03-30 08:00:00,2261.98,2267.32,2260.56,2264.34,3286.6466,1777582799999999,7441671.355185,60963,1800.9285,4077994.825929,0
58299-05-11 00:00:00,2264.34,2264.65,2254.0,2256.29,3541.8404,1777586399999999,8001860.863095,47760,1626.8673,3675593.035551,0
58299-06-21 16:00:00,2256.29,2261.34,2252.42,2254.25,2399.1525,1777589999999999,5415884.023078,35195,851.2777,1922367.07488,0
58299-08-02 08:00:00,2254.25,2259.01,2254.0,2257.51,2268.5533,1777593599999999,5119957.393672,29225,1086.6792,2452436.10261,0
58299-09-13 00:00:00,2257.51,2266.0,2257.21,2260.0,3813.1405,1777597199999999,8627712.381192,51014,2348.3307,5313348.356893,0
58299-10-24 16:00:00,2260.0,2270.56,2260.0,2267.75,4214.4302,1777600799999999,9549735.564755,49604,2489.8621,5641912.920491,0
58299-12-05 08:00:00,2267.75,2270.0,2265.0,2266.94,3090.6762,1777604399999999,7006178.577368,33968,1483.2981,3362611.619077,0
58300-01-16 00:00:00,2266.94,2295.0,2266.25,2282.87,15806.4467,1777607999999999,36110105.401724,155253,8333.6074,19032598.140657,0
58300-02-26 16:00:00,2282.87,2285.89,2277.56,2280.12,5118.5153,1777611599999999,11677973.600724,56550,1762.6301,4021942.007512,0
58300-04-09 08:00:00,2280.11,2286.75,2278.28,2283.26,3488.1717,1777615199999999,7965859.176878,38601,1426.266,3256963.3549,0
58300-05-21 00:00:00,2283.26,2286.66,2272.09,2277.45,8129.9831,1777618799999999,18529969.128715,67770,3062.7802,6984164.795152,0
58300-07-01 16:00:00,2277.46,2281.1,2273.14,2279.48,6175.1967,1777622399999999,14060321.683812,53771,2640.6958,6013330.837458,0
58300-08-12 08:00:00,2279.5,2288.5,2277.44,2286.92,5887.1033,1777625999999999,13451604.967416,64140,3340.7533,7632646.696408,0
58300-09-23 00:00:00,2286.93,2287.1,2279.87,2282.07,3605.4989,1777629599999999,8233855.307391,42714,1426.7924,3257845.38722,0
58300-11-03 16:00:00,2282.08,2285.88,2277.06,2282.53,3877.8737,1777633199999999,8847512.234642,38978,1762.334,4020927.75082,0
58300-12-15 08:00:00,2282.53,2293.0,2281.71,2286.45,5323.843,1777636799999999,12174038.096949,54457,2281.2014,5216598.243341,0
58301-01-26 00:00:00,2286.46,2311.49,2284.15,2301.36,21967.8914,1777640399999999,50573376.565845,150184,11434.3911,26317344.684701,0
58301-03-08 16:00:00,2301.37,2324.0,2301.37,2318.22,20286.2201,1777643999999999,46936319.664339,171948,10728.3674,24823656.315461,0
58301-04-19 08:00:00,2318.22,2325.28,2301.42,2308.04,20163.371,1777647599999999,46632380.662782,147761,8766.9717,20279043.031936,0
58301-05-31 00:00:00,2308.03,2316.74,2298.77,2307.64,12397.242,1777651199999999,28603114.332753,116018,5768.2742,13308293.762636,0
58301-07-11 16:00:00,2307.64,2314.21,2298.17,2301.94,14505.2002,1777654799999999,33438937.953148,116501,5758.839,13273303.157639,0
58301-08-22 08:00:00,2301.95,2313.53,2298.71,2311.76,5191.8702,1777658399999999,11975596.461247,74355,2899.4947,6688603.717346,0
58301-10-03 00:00:00,2311.76,2312.5,2303.45,2304.76,3781.9625,1777661999999999,8730223.914678,62971,1814.9807,4189518.659117,0
58301-11-13 16:00:00,2304.77,2307.84,2302.2,2304.85,2921.4709,1777665599999999,6734410.538348,47647,1334.0384,3075190.806395,0
58301-12-25 08:00:00,2304.85,2305.86,2278.98,2285.19,9002.0365,1777669199999999,20630735.11156,86913,2955.255,6774081.582098,0
58302-02-05 00:00:00,2285.18,2294.25,2283.58,2292.68,6643.5401,1777672799999999,15204234.167134,56290,2698.6304,6176445.990139,0
58302-03-18 16:00:00,2292.67,2299.35,2291.0,2293.5,3376.5372,1777676399999999,7751481.408945,37874,1878.7929,4312909.850448,0
58302-04-29 08:00:00,2293.5,2296.23,2289.0,2295.63,2314.3336,1777679999999999,5305578.925571,30199,1137.1459,2607173.861126,0
58302-06-10 00:00:00,2295.63,2299.3,2292.91,2297.6,2566.8116,1777683599999999,5894218.676089,38705,1352.9663,3106842.345612,0
58302-07-21 16:00:00,2297.59,2300.98,2295.88,2298.63,2462.3989,1777687199999999,5659121.784686,41155,1459.5266,3354566.150653,0
58302-09-01 08:00:00,2298.62,2308.34,2295.43,2303.31,3153.6124,1777690799999999,7257383.416588,43106,1943.3361,4473131.670056,0
58302-10-13 00:00:00,2303.31,2308.34,2301.01,2304.44,2768.5377,1777694399999999,6380329.199383,42393,1674.7978,3859957.620615,0
58302-11-23 16:00:00,2304.43,2304.91,2299.59,2301.26,2155.2825,1777697999999999,4961203.255574,30246,737.1353,1696842.689246,0
58303-01-04 08:00:00,2301.26,2301.52,2296.62,2299.47,2997.2267,1777701599999999,6891268.818862,30701,922.2058,2120498.580696,0
58303-02-15 00:00:00,2299.46,2306.35,2297.09,2305.58,2532.1671,1777705199999999,5827241.702426,26533,1169.955,2692757.410809,0
58303-03-28 16:00:00,2305.59,2306.16,2301.01,2301.02,2421.6891,1777708799999999,5578997.527862,28859,844.0042,1944359.062708,0
58303-05-09 08:00:00,2301.01,2304.44,2299.05,2303.35,1949.3397,1777712399999999,4487920.044864,22182,871.2696,2006027.578741,0
58303-06-20 00:00:00,2303.34,2307.78,2303.34,2305.13,2145.8369,1777715999999999,4947445.727797,25982,840.396,1937583.750608,0
58303-07-31 16:00:00,2305.13,2305.96,2302.41,2303.54,2130.6777,1777719599999999,4909556.020957,23534,961.9095,2216530.30881,0
58303-09-11 08:00:00,2303.54,2304.99,2300.25,2302.1,2172.6055,1777723199999999,5002629.95283,28299,771.8439,1777105.6366,0
58303-10-23 00:00:00,2302.09,2305.92,2301.36,2303.52,2299.2395,1777726799999999,5297467.424736,21098,1156.8803,2665794.91631,0
58303-12-03 16:00:00,2303.53,2311.83,2303.53,2308.08,4502.6289,1777730399999999,10395537.017353,34955,2668.7749,6161710.33908,0
58304-01-14 08:00:00,2308.08,2308.59,2305.23,2306.69,2719.9575,1777733999999999,6274288.457335,27018,1297.8232,2993665.16827,0
58304-02-25 00:00:00,2306.69,2310.1,2305.32,2309.19,2150.0351,1777737599999999,4961436.343028,24723,1193.7994,2754866.827865,0
58304-04-06 16:00:00,2309.18,2313.98,2307.96,2309.31,3799.9258,1777741199999999,8780550.147067,44837,2294.2056,5301537.406904,0
58304-05-18 08:00:00,2309.31,2310.25,2305.69,2305.9,1534.3477,1777744799999999,3540855.111711,18988,574.7067,1326479.996503,0
58304-06-29 00:00:00,2305.9,2311.57,2304.08,2310.3,3982.2935,1777748399999999,9189869.28898,32021,2248.7981,5188436.542188,0
58304-08-09 16:00:00,2310.31,2312.79,2309.17,2311.08,1676.5247,1777751999999999,3874731.48183,22120,961.9279,2223069.910305,0
58304-09-20 08:00:00,2311.08,2311.84,2309.59,2311.58,1484.9442,1777755599999999,3431236.349014,17201,777.3792,1796240.660159,0
58304-11-01 00:00:00,2311.59,2343.6,2310.79,2325.62,17150.5457,1777759199999999,39938823.484936,122522,11173.1754,26022194.945081,0
58304-12-12 16:00:00,2325.62,2328.36,2317.88,2327.0,8792.7486,1777762799999999,20425945.489414,83985,4702.8012,10926357.250652,0
58305-01-23 08:00:00,2326.99,2326.99,2313.98,2316.97,6039.0954,1777766399999999,14006440.214567,39536,3063.1779,7103422.981479,0
58305-03-06 00:00:00,2316.97,2317.69,2308.9,2313.98,5842.4001,1777769999999999,13518598.938788,52869,2132.1213,4933733.310758,0
58305-04-16 16:00:00,2313.98,2314.09,2303.43,2304.14,4580.8688,1777773599999999,10567530.313774,55005,1760.2018,4060698.527859,0
58305-05-28 08:00:00,2304.14,2306.83,2299.38,2303.41,4664.487,1777777199999999,10738769.753996,47731,1954.0236,4498771.293134,0
58305-07-09 00:00:00,2303.41,2304.0,2300.0,2301.9,4381.1239,1777780799999999,10081814.895156,26893,1604.0682,3690714.484062,0
58305-08-19 16:00:00,2301.9,2304.37,2297.59,2301.53,3019.3837,1777784399999999,6948015.197258,31495,1355.0891,3118569.197062,0
58305-09-30 08:00:00,2301.53,2305.56,2301.26,2304.11,1981.3304,1777787999999999,4563842.05716,20414,929.3874,2140984.735019,0
58305-11-11 00:00:00,2304.11,2306.38,2299.69,2304.49,2420.7056,1777791599999999,5572877.585607,22971,1204.7706,2773554.653496,0
58305-12-22 16:00:00,2304.5,2314.01,2304.42,2309.28,3800.1125,1777795199999999,8779211.553351,40847,2208.7876,5102577.875349,0
58306-02-02 08:00:00,2309.28,2312.67,2307.65,2308.28,1870.384,1777798799999999,4319921.63479,23838,869.5966,2008595.124449,0
58306-03-16 00:00:00,2308.29,2322.27,2307.49,2316.47,5985.3931,1777802399999999,13859803.647712,45587,3556.7827,8235201.233231,0
58306-04-26 16:00:00,2316.48,2316.73,2311.32,2311.54,2373.362,1777805999999999,5490907.253259,28548,1117.2069,2584554.555379,0
58306-06-07 08:00:00,2311.54,2327.5,2310.52,2319.63,7325.9867,1777809599999999,16995843.667013,61959,4407.6459,10227683.87512,0
58306-07-19 00:00:00,2319.63,2332.61,2319.63,2325.71,9087.0596,1777813199999999,21142228.227957,62975,4960.4905,11541726.575384,0
58306-08-29 16:00:00,2325.71,2328.74,2320.61,2322.21,3616.5298,1777816799999999,8409337.143903,43870,1993.1275,4635223.744202,0
58306-10-10 08:00:00,2322.22,2329.6,2321.19,2328.28,4002.7223,1777820399999999,9307204.143237,43201,1864.4468,4335594.335566,0
58306-11-21 00:00:00,2328.28,2333.91,2324.96,2328.44,4767.7814,1777823999999999,11103725.078953,63762,2005.3081,4670492.924082,0
58307-01-01 16:00:00,2328.45,2335.0,2322.38,2328.41,5781.0315,1777827599999999,13464530.085886,57064,3132.8132,7299423.91828,0
58307-02-12 08:00:00,2328.4,2335.35,2324.11,2331.85,5608.7603,1777831199999999,13076803.829546,50546,2778.6675,6478985.668031,0
58307-03-26 00:00:00,2331.85,2333.6,2328.29,2330.98,2263.6905,1777834799999999,5276768.019343,25549,946.5921,2206519.340187,0
58307-05-06 16:00:00,2330.98,2337.87,2328.47,2335.59,5542.6512,1777838399999999,12932723.507548,35223,3501.7532,8170818.177627,0
58307-06-17 08:00:00,2335.6,2344.35,2328.28,2329.58,14443.5923,1777841999999999,33750568.215449,84486,7148.3823,16697893.837655,0
58307-07-29 00:00:00,2329.58,2334.18,2315.0,2324.27,8154.991,1777845599999999,18960498.213043,82730,3546.8911,8248362.096399,0
58307-09-08 16:00:00,2324.27,2356.92,2324.26,2343.89,25346.8292,1777849199999999,59412933.445128,220945,13027.3751,30543016.892693,0
58307-10-20 08:00:00,2343.89,2347.47,2319.96,2322.65,14213.2573,1777852799999999,33095543.610222,145782,6486.6447,15100311.899451,0
58307-12-01 00:00:00,2322.65,2322.65,2309.24,2319.0,12348.5699,1777856399999999,28588847.782349,150880,5492.5537,12715523.056092,0
58308-01-11 16:00:00,2319.0,2354.02,2312.98,2351.2,17681.8973,1777859999999999,41289292.181931,210991,8764.0002,20463198.147285,0
58308-02-22 08:00:00,2351.21,2387.99,2345.41,2374.73,52188.8767,1777863599999999,123699652.629138,355785,25919.0474,61413577.650098,0
58308-04-04 00:00:00,2374.73,2391.0,2371.74,2385.12,32108.6526,1777867199999999,76495658.289063,165919,17033.049,40592410.484751,0
58308-05-15 16:00:00,2385.11,2398.93,2384.37,2390.12,21582.9297,1777870799999999,51610856.778761,149521,11427.0824,27328549.363862,0
58308-06-26 08:00:00,2390.12,2391.28,2375.26,2376.19,17415.0891,1777874399999999,41469192.611906,91617,6948.3674,16540146.677539,0
58308-08-07 00:00:00,2376.19,2378.42,2354.2,2368.41,20127.1919,1777877999999999,47634290.731589,142172,7934.3013,18772881.250119,0
58308-09-17 16:00:00,2368.41,2373.87,2362.51,2362.8,10295.3082,1777881599999999,24381865.119449,83455,5281.874,12509359.176332,0
58308-10-29 08:00:00,2362.79,2365.11,2357.3,2360.04,9858.6313,1777885199999999,23274061.387764,82224,4795.3816,11321065.606559,0
58308-12-10 00:00:00,2360.04,2371.09,2358.04,2368.71,8607.635,1777888799999999,20357503.062445,69426,4631.0818,10954277.094883,0
58309-01-20 16:00:00,2368.72,2369.89,2314.25,2338.36,57424.2763,1777892399999999,133952222.931562,514782,27808.5222,64860253.214311,0
58309-03-03 08:00:00,2338.35,2343.62,2332.91,2337.59,9840.4895,1777895999999999,23009705.57128,128130,4341.8902,10153159.337005,0
58309-04-14 00:00:00,2337.59,2343.78,2333.04,2335.53,7733.1819,1777899599999999,18084986.746888,100717,3645.5387,8527814.11407,0
58309-05-25 16:00:00,2335.53,2344.53,2325.71,2336.53,17747.9741,1777903199999999,41454333.018832,197771,9835.901,22981264.696399,0
58309-07-06 08:00:00,2336.53,2381.8,2327.47,2371.39,36557.2285,1777906799999999,86186208.44978,349464,19604.0607,46223383.925372,0
58309-08-17 00:00:00,2371.4,2374.38,2336.01,2350.1,41176.8086,1777910399999999,96991391.516345,412884,18647.2898,43912586.357528,0
58309-09-27 16:00:00,2350.11,2365.0,2336.63,2355.28,23191.6495,1777913999999999,54564308.227674,284695,11906.1009,28009664.449471,0
58309-11-08 08:00:00,2355.27,2379.52,2353.84,2370.09,18853.8244,1777917599999999,44625505.702984,185438,9031.4082,21382403.265471,0
58309-12-20 00:00:00,2370.1,2374.86,2357.02,2361.41,12397.3782,1777921199999999,29332238.433585,121215,5255.314,12437692.254912,0
58310-01-30 16:00:00,2361.42,2364.35,2353.52,2356.52,7858.5921,1777924799999999,18529862.749213,102046,3997.0067,9424786.304064,0
58310-03-13 08:00:00,2356.52,2359.12,2347.77,2350.15,5105.1774,1777928399999999,12011687.4367,60490,2671.2782,6286375.789766,0
58310-04-24 00:00:00,2350.14,2364.59,2350.14,2360.89,3844.6345,1777931999999999,9072093.703339,51359,2053.7885,4845307.012441,0
58310-06-04 16:00:00,2360.89,2365.91,2353.95,2354.58,5172.5417,1777935599999999,12208075.330446,67385,2097.976,4952348.216738,0
58310-07-16 08:00:00,2354.58,2354.58,2344.83,2347.16,3902.2601,1777939199999999,9166909.673568,58727,1433.6701,3367823.584074,0
58310-08-27 00:00:00,2347.17,2359.0,2344.93,2358.83,4815.8322,1777942799999999,11331590.784614,69412,2396.4697,5638302.700615,0
58310-10-07 16:00:00,2358.83,2364.49,2355.1,2361.82,4711.3265,1777946399999999,11121699.825619,68872,2493.106,5885653.038189,0
58310-11-18 08:00:00,2361.81,2377.8,2359.1,2367.72,10448.2131,1777949999999999,24755472.186877,113566,5547.593,13144779.964838,0
58310-12-30 00:00:00,2367.72,2389.38,2364.71,2382.43,23394.2819,1777953599999999,55702588.615961,127659,9774.4263,23267649.204793,0
58311-02-09 16:00:00,2382.43,2386.0,2376.04,2381.11,9427.6093,1777957199999999,22449678.477391,90436,4343.7236,10344470.827279,0
58311-03-23 08:00:00,2381.1,2390.74,2376.88,2380.19,13610.8116,1777960799999999,32432193.92544,109240,6645.1145,15839034.355845,0
58311-05-04 00:00:00,2380.19,2381.51,2367.35,2378.85,12310.887,1777964399999999,29234708.869478,83700,4958.7684,11776935.895662,0
58311-06-14 16:00:00,2378.84,2388.56,2375.81,2380.59,13689.6326,1777967999999999,32619616.750952,88625,6750.0474,16080975.328631,0
58311-07-26 08:00:00,2380.59,2384.62,2373.0,2376.81,7058.716,1777971599999999,16790012.934584,40312,3022.9793,7188766.75617,0
58311-09-06 00:00:00,2376.82,2376.96,2366.76,2369.6,6990.9907,1777975199999999,16571396.184027,70137,2814.209,6670313.69719,0
58311-10-17 16:00:00,2369.6,2379.34,2367.3,2378.41,7091.045,1777978799999999,16833660.79186,70773,4613.2725,10950599.355493,0
58311-11-28 08:00:00,2378.42,2383.49,2372.95,2379.89,8240.2018,1777982399999999,19604899.411668,80963,4271.0985,10159700.708332,0
58312-01-09 00:00:00,2379.89,2390.47,2376.34,2388.52,11730.3656,1777985999999999,27981264.526429,110081,6150.3599,14669341.934421,0
58312-02-19 16:00:00,2388.52,2399.5,2383.5,2388.72,26443.457,1777989599999999,63269321.599773,234322,13450.3628,32191293.04954,0
58312-04-01 08:00:00,2388.71,2392.36,2369.17,2378.78,27223.1659,1777993199999999,64802470.233797,227993,13960.7493,33246706.706715,0
58312-05-13 00:00:00,2378.78,2387.93,2375.5,2381.31,13411.5215,1777996799999999,31961423.757438,124330,5864.7441,13977120.688483,0
58312-06-23 16:00:00,2381.3,2383.38,2361.0,2365.94,17932.1444,1778000399999999,42539655.713011,142001,8755.2961,20771331.888528,0
58312-08-04 08:00:00,2365.94,2369.92,2359.71,2362.8,9807.3024,1778003999999999,23185455.582116,94401,4745.9149,11221793.182175,0
58312-09-15 00:00:00,2362.81,2374.78,2362.81,2372.28,8710.1909,1778007599999999,20645675.040162,80543,4780.786,11330985.327662,0
58312-10-26 16:00:00,2372.28,2376.73,2369.33,2371.94,4461.6351,1778011199999999,10584200.205709,60554,2484.6542,5894611.600989,0
58312-12-07 08:00:00,2371.94,2387.0,2371.21,2382.41,11866.1153,1778014799999999,28263212.698933,94222,7131.7461,16986163.443736,0
58313-01-18 00:00:00,2382.41,2388.54,2368.9,2375.43,9166.3706,1778018399999999,21809211.142025,88775,4923.5999,11715769.498577,0
58313-02-28 16:00:00,2375.43,2381.68,2354.34,2367.51,14184.5371,1778021999999999,33583559.617026,150029,5860.3189,13879475.34411,0
58313-04-11 08:00:00,2367.51,2369.75,2355.0,2360.77,9910.3777,1778025599999999,23407580.235691,91244,3588.7293,8475470.280183,0
58313-05-23 00:00:00,2360.76,2367.72,2355.0,2364.63,9670.6129,1778029199999999,22834802.975321,109461,5270.8581,12451909.052862,0
58313-07-03 16:00:00,2364.63,2376.99,2362.75,2373.19,8948.2743,1778032799999999,21209589.819001,100033,4876.5933,11560175.828617,0
58313-08-14 08:00:00,2373.2,2373.7,2360.0,2369.75,6539.2128,1778036399999999,15478232.09313,76993,3102.7559,7343361.568077,0
58313-09-25 00:00:00,2369.75,2380.87,2368.08,2376.8,7896.7032,1778039999999999,18748524.375694,98493,4260.7417,10115300.096427,0
58313-11-05 16:00:00,2376.81,2379.4,2361.25,2366.08,7910.6015,1778043599999999,18751470.070606,86294,3428.6289,8127395.475835,0
58313-12-17 08:00:00,2366.08,2366.99,2355.0,2365.03,11450.5782,1778047199999999,27036603.876543,84949,5019.9931,11853355.820501,0
58314-01-28 00:00:00,2365.03,2371.29,2361.0,2370.52,6311.3267,1778050799999999,14937730.513247,66661,3886.8354,9199752.275208,0
58314-03-10 16:00:00,2370.53,2375.0,2368.57,2371.74,7842.1661,1778054399999999,18599076.086267,70017,4617.9247,10952564.944253,0
58314-04-21 08:00:00,2371.74,2396.19,2369.16,2394.33,18454.838,1778057999999999,43999120.930307,148166,11368.8704,27109753.526662,0
58314-06-02 00:00:00,2394.32,2418.39,2384.8,2412.76,47718.3765,1778061599999999,114631484.275057,233732,25575.798,61448496.528757,0
58314-07-13 16:00:00,2412.77,2414.43,2405.18,2410.2,17192.8972,1778065199999999,41455795.978316,143476,8746.7598,21090411.401362,0
58314-08-24 08:00:00,2410.2,2423.74,2408.34,2410.47,30434.9349,1778068799999999,73532134.664622,169903,14199.0819,34304580.206343,0
58314-10-05 00:00:00,2410.47,2413.59,2400.55,2405.11,22282.1291,1778072399999999,53644965.180719,147419,10722.7172,25823475.695136,0
58314-11-15 16:00:00,2405.11,2405.11,2365.01,2368.51,42551.5633,1778075999999999,101390778.051011,344872,19482.7478,46424137.384704,0
58314-12-27 08:00:00,2368.52,2373.29,2346.68,2359.23,51777.3181,1778079599999999,122258343.501662,311886,22436.7686,52983182.527551,0
58315-02-07 00:00:00,2359.23,2366.0,2354.98,2359.1,20851.531,1778083199999999,49206761.804631,146458,8466.0073,19979752.170512,0
58315-03-20 16:00:00,2359.1,2367.47,2350.56,2358.08,19002.5503,1778086799999999,44816399.657427,129744,7641.1936,18025956.473245,0
58315-05-01 08:00:00,2358.09,2360.99,2347.71,2349.7,13561.1973,1778090399999999,31918742.560883,96686,4260.0057,10026566.511467,0
58315-06-12 00:00:00,2349.71,2352.55,2338.0,2345.0,18017.0774,1778093999999999,42266602.968897,122882,7065.7246,16573729.951006,0
58315-07-23 16:00:00,2345.0,2350.0,2342.14,2348.5,9241.8552,1778097599999999,21678726.722312,83528,3726.3284,8741281.396215,0
58315-09-03 08:00:00,2348.49,2357.04,2345.23,2350.94,13484.2191,1778101199999999,31690392.551422,76601,4672.6852,10982987.548672,0
58315-10-15 00:00:00,2350.94,2357.45,2345.83,2354.52,10416.7586,1778104799999999,24506773.181607,67639,3396.2971,7990924.182294,0
58315-11-25 16:00:00,2354.52,2355.05,2344.99,2347.28,8076.5331,1778108399999999,18973243.099295,74683,2669.5246,6272875.700434,0
58316-01-06 08:00:00,2347.28,2351.34,2338.28,2350.84,11034.0613,1778111999999999,25875333.477396,72049,4112.7121,9641036.701997,0
58316-02-17 00:00:00,2350.84,2352.3,2329.05,2329.65,13622.3234,1778115599999999,31884892.182448,118360,4169.6374,9756370.55614,0
58316-03-29 16:00:00,2329.66,2335.0,2314.16,2327.41,18902.7493,1778119199999999,43961311.679675,180864,7430.7702,17287644.752699,0
58316-05-10 08:00:00,2327.4,2327.95,2313.89,2321.88,19439.1949,1778122799999999,45081960.351704,138831,8039.6454,18642493.404211,0
58316-06-21 00:00:00,2321.89,2326.2,2315.74,2322.39,11540.0497,1778126399999999,26790197.65925,85355,5745.176,13340576.630352,0
58316-08-01 16:00:00,2322.39,2327.52,2317.8,2327.51,10417.5378,1778129999999999,24212887.815417,74782,4720.2252,10969494.100048,0
58316-09-12 08:00:00,2327.51,2333.97,2327.02,2331.08,10970.9192,1778133599999999,25570754.10883,65947,4321.4067,10071795.458564,0
58316-10-24 00:00:00,2331.08,2338.57,2320.0,2337.13,14009.3816,1778137199999999,32631991.936881,98212,5592.8826,13028943.474832,0
58316-12-04 16:00:00,2337.14,2346.89,2336.72,2344.59,16120.1713,1778140799999999,37760729.029948,94255,6604.4127,15471305.973693,0
58317-01-15 08:00:00,2344.59,2346.6,2332.0,2333.73,15120.5601,1778144399999999,35357936.858311,102671,6496.5086,15193085.891592,0
58317-02-26 00:00:00,2333.73,2337.11,2326.83,2329.05,13919.7483,1778147999999999,32454248.676538,104368,5212.7275,12153086.982464,0
58317-04-08 16:00:00,2329.04,2331.63,2317.35,2326.78,13596.4665,1778151599999999,31616900.254854,105701,4899.9436,11394007.611128,0
58317-05-20 08:00:00,2326.78,2331.59,2325.45,2329.94,11503.0069,1778155199999999,26794425.912934,90125,4550.161,10598905.493688,0
58317-07-01 00:00:00,2329.94,2337.13,2329.04,2333.01,12385.8948,1778158799999999,28899189.010609,98529,5160.8833,12040625.78074,0
58317-08-11 16:00:00,2333.02,2333.02,2305.4,2314.32,39011.6686,1778162399999999,90413045.704844,256523,16522.0573,38297214.874429,0
58317-09-22 08:00:00,2314.32,2318.75,2289.51,2298.98,46781.2234,1778165999999999,107731975.726178,283395,16852.7954,38803284.397648,0
58317-11-03 00:00:00,2298.98,2304.52,2285.95,2294.82,31328.1654,1778169599999999,71899374.920172,217316,13191.4655,30270679.748464,0
58317-12-14 16:00:00,2294.82,2298.2,2285.37,2291.81,28001.1937,1778173199999999,64185217.06831,191716,9670.3274,22166828.394655,0
58318-01-25 08:00:00,2291.81,2301.25,2280.1,2299.6,28378.658,1778176799999999,65018919.258456,194136,10115.5126,23176320.29893,0
58318-03-08 00:00:00,2299.61,2304.0,2291.27,2296.19,23860.3486,1778180399999999,54872377.831571,164723,9549.643,21959350.336886,0
58318-04-18 16:00:00,2296.18,2297.09,2287.88,2295.98,18517.2817,1778183999999999,42462451.236357,137463,7056.8957,16181693.125411,0
58318-05-30 08:00:00,2295.98,2302.57,2287.94,2289.1,34000.8584,1778187599999999,77970274.857188,124019,8009.0598,18367518.97857,0
58318-07-11 00:00:00,2289.1,2294.29,2281.29,2287.68,12799.0863,1778191199999999,29297191.050552,81792,4200.0812,9616145.807321,0
58318-08-21 16:00:00,2287.68,2290.24,2281.04,2287.03,16424.3429,1778194799999999,37539429.39639,123660,6111.601,13967354.762296,0
58318-10-02 08:00:00,2287.03,2293.24,2286.11,2291.06,8871.107,1778198399999999,20313256.078782,58340,3297.6932,7551169.344746,0
58318-11-13 00:00:00,2291.06,2294.28,2283.66,2286.83,9997.2781,1778201999999999,22894296.055707,73746,3533.563,8091862.461339,0
58318-12-24 16:00:00,2286.83,2289.31,2280.28,2285.06,10079.1981,1778205599999999,23029855.69388,67196,3681.0688,8410690.410648,0
58319-02-04 08:00:00,2285.06,2285.71,2268.0,2279.15,18687.3591,1778209199999999,42540032.078177,140966,7496.2312,17065163.424633,0
58319-03-18 00:00:00,2279.15,2281.6,2265.61,2278.76,15605.1908,1778212799999999,35493602.805435,111373,5893.8415,13407609.491189,0
58319-04-28 16:00:00,2278.77,2284.54,2276.5,2281.63,9647.4955,1778216399999999,22002758.38809,58306,3664.6261,8357449.736831,0
58319-06-09 08:00:00,2281.63,2284.0,2275.97,2275.97,11633.258,1778219999999999,26526964.102944,61406,3264.9502,7445973.374837,0
58319-07-21 00:00:00,2275.98,2278.5,2268.6,2275.22,31348.2699,1778223599999999,71290150.719045,111376,8251.6587,18766601.273168,0
58319-08-31 16:00:00,2275.23,2282.69,2267.15,2281.35,21264.4415,1778227199999999,48391852.374115,108552,12582.4441,28640638.189489,0
58319-10-12 08:00:00,2281.37,2289.13,2280.15,2283.56,17210.3914,1778230799999999,39299093.121617,75456,7557.9507,17255035.75433,0
58319-11-23 00:00:00,2283.56,2292.12,2280.35,2284.34,15015.7397,1778234399999999,34324098.238632,77890,6460.2612,14768309.755196,0
58320-01-03 16:00:00,2284.34,2290.96,2281.17,2287.94,15731.5078,1778237999999999,35971017.464213,88939,8720.1621,19938127.296209,0
58320-02-14 08:00:00,2287.95,2298.01,2287.95,2295.38,17761.4984,1778241599999999,40711284.458272,100806,11278.8186,25851842.290403,0
58320-03-27 00:00:00,2295.38,2302.0,2282.46,2284.53,16435.0408,1778245199999999,37665433.475452,120238,6535.0189,14980540.267927,0
58320-05-07 16:00:00,2284.53,2287.0,2269.96,2276.46,28468.8006,1778248799999999,64817990.487031,210503,11981.333,27275714.422795,0
58320-06-18 08:00:00,2276.46,2292.66,2273.32,2285.72,25640.1037,1778252399999999,58549124.903156,237121,10655.3261,24331322.520047,0
58320-07-30 00:00:00,2285.72,2294.44,2274.94,2293.2,14657.397,1778255999999999,33468941.669771,166821,6268.6325,14320149.352299,0
58320-09-09 16:00:00,2293.2,2294.37,2286.42,2289.93,13453.9968,1778259599999999,30812953.862334,113113,5715.0593,13088250.546816,0
58320-10-21 08:00:00,2289.93,2315.63,2289.39,2304.86,23598.5736,1778263199999999,54386695.884674,180787,11210.8339,25837177.123357,0
58320-12-02 00:00:00,2304.87,2321.22,2304.87,2313.49,19654.0122,1778266799999999,45508868.190232,123049,9308.985,21557292.453528,0
58321-01-12 16:00:00,2313.49,2320.36,2312.48,2316.05,19777.938,1778270399999999,45811970.441366,90240,6109.3893,14150222.495039,0
58321-02-23 08:00:00,2316.06,2317.0,2305.36,2306.65,26417.6209,1778273999999999,61048867.47632,73232,4837.0026,11178334.141022,0
58321-04-06 00:00:00,2306.64,2314.94,2304.21,2314.63,14078.5061,1778277599999999,32519324.932045,63932,4076.2867,9415396.369065,0
58321-05-17 16:00:00,2314.62,2319.15,2310.26,2310.98,12732.9721,1778281199999999,29470879.39388,64876,3313.5448,7670897.614056,0
58321-06-28 08:00:00,2310.98,2310.98,2303.19,2307.06,12138.5681,1778284799999999,28003945.425697,48132,2377.0112,5483081.967037,0
58321-08-09 00:00:00,2307.07,2312.03,2304.19,2308.55,11551.954,1778288399999999,26669474.303596,50114,3295.7544,7608942.705963,0
58321-09-19 16:00:00,2308.55,2318.45,2308.23,2314.22,10857.7767,1778291999999999,25117545.608498,55141,4204.8466,9729781.144482,0
58321-10-31 08:00:00,2314.23,2320.3,2313.8,2317.07,9468.173,1778295599999999,21937423.195109,47781,3714.6436,8608034.073221,0
58321-12-12 00:00:00,2317.07,2320.77,2312.6,2315.33,7290.8151,1778299199999999,16886477.528564,41969,2655.9249,6151644.620872,0
58322-01-22 16:00:00,2315.33,2325.33,2311.27,2312.35,27184.841,1778302799999999,62972776.734262,85648,5641.8045,13077120.2823,0
58322-03-05 08:00:00,2312.35,2318.29,2310.9,2314.82,5918.4334,1778306399999999,13702168.424253,30901,2528.1583,5853094.868276,0
58322-04-16 00:00:00,2314.82,2319.59,2312.95,2314.35,10307.9116,1778309999999999,23876788.474309,47295,6630.3141,15358198.046666,0
58322-05-27 16:00:00,2314.35,2318.56,2311.34,2314.69,8349.905,1778313599999999,19333239.511916,35350,4844.7905,11217705.907043,0
58322-07-08 08:00:00,2314.69,2320.53,2314.23,2317.16,8698.3308,1778317199999999,20165312.908829,36899,4639.833,10756191.903768,0
58322-08-19 00:00:00,2317.16,2317.52,2311.37,2313.28,6746.958,1778320799999999,15612745.058916,37116,2214.2156,5123811.357605,0
58322-09-29 16:00:00,2313.28,2315.03,2310.24,2312.5,4778.5919,1778324399999999,11050569.006121,26433,1418.4126,3279977.43777,0
58322-11-10 08:00:00,2312.49,2315.56,2312.49,2314.57,5435.8473,1778327999999999,12580557.532148,22168,1553.6374,3595476.626347,0
58322-12-22 00:00:00,2314.56,2318.27,2313.24,2316.54,5219.3063,1778331599999999,12087954.896899,32212,2076.2151,4809221.053959,0
58323-02-01 16:00:00,2316.54,2316.55,2311.69,2314.34,4773.3348,1778335199999999,11046590.658099,29425,1549.4318,3585601.620074,0
58323-03-15 08:00:00,2314.34,2315.32,2305.21,2308.27,8247.0832,1778338799999999,19041403.715866,68038,3645.8337,8418668.16132,0
58323-04-26 00:00:00,2308.27,2317.64,2300.0,2317.63,12866.0555,1778342399999999,29724522.868476,94092,7136.0781,16493780.166757,0
58323-06-06 16:00:00,2317.64,2325.28,2315.29,2319.99,15466.0099,1778345999999999,35889365.385526,96596,7795.3963,18089952.251138,0
58323-07-18 08:00:00,2320.0,2333.61,2320.0,2329.45,21099.4922,1778349599999999,49154150.827974,127927,9863.3851,22974096.726581,0
58323-08-29 00:00:00,2329.46,2338.37,2328.8,2330.22,11248.546,1778353199999999,26243194.104006,77663,4469.8848,10430468.156538,0
58323-10-09 16:00:00,2330.23,2333.1,2326.54,2332.01,9103.6002,1778356799999999,21208723.186788,47404,3933.5199,9164978.688867,0
58323-11-20 08:00:00,2332.02,2332.81,2327.26,2329.18,5902.3618,1778360399999999,13748495.155772,35696,1491.3764,3473951.754681,0
58324-01-01 00:00:00,2329.17,2331.55,2328.62,2330.82,6093.5171,1778363999999999,14198940.325291,35666,1415.3495,3297767.333935,0
58324-02-11 16:00:00,2330.82,2333.47,2327.22,2329.89,6868.1251,1778367599999999,16009045.702899,45450,2326.4518,5422624.428268,0
58324-03-24 08:00:00,2329.89,2331.96,2324.7,2326.44,6954.1871,1778371199999999,16184258.981752,41641,1915.3223,4457345.651088,0
58324-05-05 00:00:00,2326.43,2329.71,2321.16,2323.89,7913.8234,1778374799999999,18409453.610909,53781,2391.1437,5562161.396407,0
58324-06-15 16:00:00,2323.9,2324.97,2318.33,2323.67,9455.7255,1778378399999999,21952523.570871,58121,2653.3945,6159721.896847,0
58324-07-27 08:00:00,2323.68,2328.0,2320.08,2327.94,7197.4856,1778381999999999,16732924.421769,43573,2395.4533,5569613.847991,0
58324-09-07 00:00:00,2327.94,2332.91,2323.7,2327.76,8711.1021,1778385599999999,20282274.941701,56005,3252.9351,7575265.663064,0
58324-10-18 16:00:00,2327.75,2330.98,2326.1,2328.27,7716.1343,1778389199999999,17963303.60275,48677,2287.0853,5324714.904869,0
58324-11-29 08:00:00,2328.28,2330.0,2326.51,2327.3,6244.9276,1778392799999999,14540898.422262,41591,1969.0117,4584688.264501,0
58325-01-10 00:00:00,2327.3,2330.75,2326.65,2329.3,6968.6838,1778396399999999,16226772.532452,38220,2475.9571,5765186.606389,0
58325-02-20 16:00:00,2329.31,2332.09,2327.36,2327.36,6034.6059,1778399999999999,14056300.215619,33941,1785.9975,4160520.818035,0
58325-04-03 08:00:00,2327.36,2331.83,2326.16,2330.15,7669.5007,1778403599999999,17865537.954726,42701,3176.8005,7400026.940724,0
58325-05-15 00:00:00,2330.16,2333.59,2326.92,2328.22,6313.071,1778407199999999,14708702.368204,41172,1790.7465,4172923.368184,0
58325-06-25 16:00:00,2328.23,2328.82,2323.38,2325.46,7346.5157,1778410799999999,17083076.885694,52947,2211.6082,5142559.042179,0
58325-08-06 08:00:00,2325.46,2327.42,2319.0,2322.58,7550.9118,1778414399999999,17539401.661562,47837,2701.7497,6276293.636178,0
58325-09-17 00:00:00,2322.59,2325.35,2320.87,2324.12,5841.8952,1778417999999999,13573329.153314,38718,1878.0959,4363598.43312,0
58325-10-28 16:00:00,2324.12,2331.99,2323.28,2329.8,11818.9659,1778421599999999,27524007.2951,62292,4587.0954,10681436.601777,0
58325-12-09 08:00:00,2329.8,2335.0,2326.94,2330.9,11780.7508,1778425199999999,27449997.639329,60578,3770.1846,8787100.530475,0
58326-01-20 00:00:00,2330.9,2351.66,2330.9,2347.56,22485.3656,1778428799999999,52629896.685357,139374,11775.6967,27577577.035303,0
58326-03-02 16:00:00,2347.56,2350.85,2340.11,2350.0,17749.1502,1778432399999999,41671208.962374,96283,10846.8661,25470375.165411,0
58326-04-13 08:00:00,2349.99,2368.0,2345.4,2364.1,114535.2366,1778435999999999,269221554.925236,183246,97017.8342,227982798.605867,0
58326-05-25 00:00:00,2364.11,2366.79,2356.63,2358.54,11161.528,1778439599999999,26366068.025043,71144,5143.6663,12148817.331608,0
58326-07-05 16:00:00,2358.53,2366.79,2351.25,2365.54,10978.6451,1778443199999999,25927065.774518,81958,5751.8178,13584206.813154,0
58326-08-16 08:00:00,2365.54,2369.86,2311.83,2328.76,30933.2806,1778446799999999,72372904.47818,281087,12467.159,29180463.580793,0
58326-09-27 00:00:00,2328.76,2336.85,2324.02,2330.8,15363.9227,1778450399999999,35820451.066678,156445,6798.5319,15852378.353421,0
58326-11-07 16:00:00,2330.79,2377.64,2327.92,2373.78,33668.5341,1778453999999999,79450204.614991,340618,18089.7704,42677582.510132,0
58326-12-19 08:00:00,2373.78,2382.53,2367.95,2371.27,22683.1001,1778457599999999,53910395.61924,202440,11902.7306,28296289.851132,0
58327-01-30 00:00:00,2371.26,2374.92,2344.59,2352.35,19323.6984,1778461199999999,45562327.160893,220691,8214.394,19369446.72813,0
58327-03-12 16:00:00,2352.36,2365.58,2345.33,2358.54,9293.8315,1778464799999999,21915224.801515,155018,4971.7006,11723886.368645,0
58327-04-23 08:00:00,2358.54,2360.79,2343.38,2345.39,9280.1867,1778468399999999,21794583.385591,126011,3777.6653,8872773.375326,0
58327-06-04 00:00:00,2345.4,2345.4,2320.01,2330.56,22426.555,1778471999999999,52244002.231214,176953,9788.8754,22798720.036062,0
58327-07-15 16:00:00,2330.56,2335.99,2326.66,2332.85,10862.7775,1778475599999999,25329497.994669,81509,4897.9002,11420702.827978,0
58327-08-26 08:00:00,2332.85,2340.49,2332.05,2335.3,9834.6659,1778479199999999,22974822.67912,61644,4315.0379,10080236.401239,0
58327-10-07 00:00:00,2335.29,2342.44,2330.05,2333.48,9215.668,1778482799999999,21529577.845309,73859,3432.7593,8022618.535068,0
58327-11-17 16:00:00,2333.49,2333.49,2328.25,2330.54,5396.1646,1778486399999999,12575474.814441,56787,1984.5882,4624781.97498,0
58327-12-29 08:00:00,2330.55,2334.66,2326.66,2330.48,7149.0202,1778489999999999,16666158.853856,76466,3449.1412,8041378.902345,0
58328-02-09 00:00:00,2330.48,2338.61,2330.26,2336.08,4110.1503,1778493599999999,9599254.970512,57588,2192.5533,5120554.32183,0
58328-03-21 16:00:00,2336.07,2339.9,2329.93,2329.94,5470.2846,1778497199999999,12775754.036281,68891,2160.4739,5046845.071462,0
58328-05-02 08:00:00,2329.93,2335.8,2327.43,2335.8,4609.631,1778500799999999,10754554.443446,59745,1662.7052,3879487.977856,0
58328-06-13 00:00:00,2335.8,2338.89,2328.79,2329.5,7140.9535,1778504399999999,16663887.387665,92722,2960.5801,6908448.371751,0
58328-07-24 16:00:00,2329.51,2332.86,2314.77,2322.32,15820.0073,1778507999999999,36752625.322362,185730,6487.5615,15073088.988808,0
58328-09-04 08:00:00,2322.31,2328.8,2304.0,2316.48,18307.6063,1778511599999999,42391952.797077,225113,7603.4141,17610218.738876,0
58328-10-16 00:00:00,2316.48,2335.6,2313.4,2333.48,13019.6586,1778515199999999,30299587.697667,160383,6344.8592,14767306.848009,0
58328-11-26 16:00:00,2333.48,2341.21,2327.38,2329.78,15011.5399,1778518799999999,35063767.039356,172499,6312.4404,14747993.386475,0
58329-01-07 08:00:00,2329.79,2343.83,2323.68,2336.71,10465.5371,1778522399999999,24411851.681654,111209,4783.8545,11158326.183898,0
58329-02-18 00:00:00,2336.71,2344.35,2334.55,2335.35,10798.4289,1778525999999999,25271486.005265,94084,4405.1017,10309638.875874,0
58329-03-31 16:00:00,2335.35,2344.0,2331.92,2340.43,7110.3587,1778529599999999,16631705.812276,79377,2960.9947,6927309.485536,0
58329-05-12 08:00:00,2340.44,2345.44,2336.27,2338.15,7593.5702,1778533199999999,17768348.435772,78928,3116.6306,7292406.82615,0
58329-06-23 00:00:00,2338.16,2342.49,2336.36,2340.71,5121.3253,1778536799999999,11981546.882765,57670,2637.8616,6170947.229917,0
58329-08-03 16:00:00,2340.71,2345.68,2336.63,2341.43,5867.5676,1778540399999999,13738159.364784,69970,3124.0331,7314736.749198,0
58329-09-14 08:00:00,2341.43,2342.23,2335.08,2339.87,3732.8681,1778543999999999,8731912.609433,51746,1905.0772,4456385.704729,0
58329-10-26 00:00:00,2339.88,2340.85,2332.13,2333.54,5083.8958,1778547599999999,11873743.972033,68984,2779.4249,6491948.331409,0
58329-12-06 16:00:00,2333.54,2335.66,2295.01,2311.41,27250.3484,1778551199999999,62985980.881283,227497,12153.807,28100334.239099,0
58330-01-17 08:00:00,2311.4,2317.0,2307.2,2315.89,8716.197,1778554799999999,20159087.834224,85533,4696.5564,10863306.920413,0
58330-02-28 00:00:00,2315.89,2317.31,2307.2,2309.37,5742.0484,1778558399999999,13276370.156972,60491,2247.1467,5196921.635889,0
58330-04-10 16:00:00,2309.36,2314.49,2305.65,2310.92,5344.5111,1778561999999999,12349072.341553,41814,2042.7621,4720243.938842,0
58330-05-22 08:00:00,2310.92,2314.08,2309.74,2310.12,6159.8859,1778565599999999,14240763.386333,35706,2165.5958,5007012.329374,0
58330-07-03 00:00:00,2310.13,2313.84,2302.63,2303.89,8109.0135,1778569199999999,18715669.763651,59751,2948.8836,6805227.428536,0
58330-08-13 16:00:00,2303.9,2304.82,2291.63,2295.2,15768.3022,1778572799999999,36246126.746321,95861,6809.4729,15652221.041744,0
58330-09-24 08:00:00,2295.2,2296.27,2280.0,2288.01,25800.4316,1778576399999999,59033653.747479,133264,12297.8368,28137275.984791,0
58330-11-05 00:00:00,2288.0,2295.3,2281.1,2292.84,11101.2573,1778579999999999,25386705.562598,84892,6040.6438,13813715.318816,0
58330-12-16 16:00:00,2292.84,2293.88,2281.42,2286.2,14416.2819,1778583599999999,32959155.622563,79412,5863.0027,13403501.594837,0
58331-01-27 08:00:00,2286.21,2287.09,2278.57,2287.01,9074.8274,1778587199999999,20722649.915559,102041,4108.3326,9383396.742794,0
58331-03-10 00:00:00,2287.02,2294.01,2281.14,2288.97,10709.2451,1778590799999999,24500353.252078,144585,5097.5685,11662594.940518,0
58331-04-20 16:00:00,2288.97,2292.51,2268.88,2271.99,17980.8557,1778594399999999,40993019.500853,229234,6918.3401,15775332.602995,0
58331-06-01 08:00:00,2271.99,2281.89,2262.37,2269.18,18461.4051,1778597999999999,41949082.044257,251894,8610.4526,19571373.025717,0
58331-07-13 00:00:00,2269.18,2274.38,2256.67,2261.85,16513.7723,1778601599999999,37378596.795315,203062,6498.1211,14710974.87216,0
58331-08-23 16:00:00,2261.86,2271.24,2256.27,2263.83,11372.9998,1778605199999999,25747857.65896,161576,5204.78,11784684.975576,0
58331-10-04 08:00:00,2263.83,2278.0,2263.83,2276.59,6397.2953,1778608799999999,14541177.688252,97766,3343.413,7598339.321216,0
58331-11-15 00:00:00,2276.6,2284.6,2274.67,2279.3,6729.2104,1778612399999999,15337931.065531,79823,3393.8065,7736144.421341,0
58331-12-26 16:00:00,2279.31,2287.43,2279.15,2285.09,5237.4283,1778615999999999,11963318.216944,69778,2697.5354,6161206.38874,0
58332-02-06 08:00:00,2285.1,2287.39,2281.32,2285.04,3679.2957,1778619599999999,8405377.047052,44593,1402.6133,3203955.396631,0
58332-03-19 00:00:00,2285.05,2287.64,2282.81,2285.4,3407.4166,1778623199999999,7787457.177838,43095,1671.0079,3818903.386195,0
58332-04-29 16:00:00,2285.41,2291.37,2282.24,2282.34,4370.6133,1778626799999999,9995778.507361,61260,1844.1192,4219105.630381,0
58332-06-10 08:00:00,2282.34,2284.18,2273.88,2274.96,5554.5701,1778630399999999,12656030.912454,58469,1725.0718,3930822.414041,0
58332-07-22 00:00:00,2274.97,2286.79,2273.34,2281.56,4782.3535,1778633999999999,10911891.254264,87489,2338.6869,5336390.342399,0
58332-09-01 16:00:00,2281.56,2295.29,2280.99,2289.98,8336.9621,1778637599999999,19094882.219633,118169,4392.6597,10059996.159265,0
58332-10-13 08:00:00,2289.99,2299.89,2286.96,2293.99,6723.5922,1778641199999999,15425271.314402,88675,3287.6202,7543881.390398,0
58332-11-24 00:00:00,2293.99,2303.77,2292.44,2301.77,5786.8043,1778644799999999,13301837.301082,76347,3072.481,7062304.821509,0
58333-01-04 16:00:00,2301.76,2309.0,2298.47,2306.67,5667.6991,1778648399999999,13056613.997716,66128,2820.1629,6497318.790111,0
58333-02-15 08:00:00,2306.68,2307.48,2295.63,2297.76,6007.4738,1778651999999999,13826723.145033,47726,1445.7466,3326779.939153,0
58333-03-29 00:00:00,2297.77,2305.13,2297.26,2301.84,4402.6754,1778655599999999,10137685.860008,49011,2484.053,5719915.734724,0
58333-05-09 16:00:00,2301.84,2303.03,2296.95,2301.07,4164.7597,1778659199999999,9577542.977442,41774,1896.3744,4361247.369788,0
58333-06-20 08:00:00,2301.07,2316.96,2300.73,2316.64,11302.729,1778662799999999,26103563.938316,88020,6952.1827,16053757.665412,0
58333-08-01 00:00:00,2316.65,2323.36,2314.45,2321.19,12175.5618,1778666399999999,28246576.721551,77088,6711.874,15570693.618074,0
58333-09-11 16:00:00,2321.18,2321.6,2305.55,2308.46,7214.562,1778669999999999,16681091.635877,69442,3130.0189,7235661.053149,0
58333-10-23 08:00:00,2308.46,2308.91,2299.0,2301.82,8961.8603,1778673599999999,20639693.837158,99884,5217.3486,12017184.429599,0
58333-12-04 00:00:00,2301.83,2307.54,2270.01,2284.35,21804.2465,1778677199999999,49851597.662764,220286,9550.025,21852190.433725,0
58334-01-14 16:00:00,2284.35,2288.31,2258.51,2262.8,25468.6809,1778680799999999,57825809.133501,201349,12253.1816,27824594.36893,0
58334-02-25 08:00:00,2262.8,2270.97,2251.05,2267.39,23727.9378,1778684399999999,53692991.956532,138193,12466.7113,28209512.845808,0
58334-04-08 00:00:00,2267.39,2270.25,2234.13,2236.49,30418.8782,1778687999999999,68427499.608908,178651,11656.4196,26228898.132038,0
58334-05-19 16:00:00,2236.48,2253.35,2235.48,2250.75,23968.6256,1778691599999999,53793061.211313,123038,12625.6994,28337170.8852,0
58334-06-30 08:00:00,2250.75,2261.77,2250.75,2258.31,9344.9691,1778695199999999,21091321.726852,70121,4246.8298,9583662.802681,0
58334-08-11 00:00:00,2258.32,2268.49,2258.32,2259.68,14360.4409,1778698799999999,32508952.326272,75000,7211.2787,16326117.986378,0
58334-09-21 16:00:00,2259.67,2260.71,2250.56,2256.53,7585.2544,1778702399999999,17108366.368051,59283,2796.6594,6307973.314739,0
58334-11-02 08:00:00,2256.53,2264.46,2256.43,2263.75,4878.8697,1778705999999999,11027543.276303,37703,2421.4483,5472869.0757,0
58334-12-14 00:00:00,2263.76,2264.07,2253.7,2255.79,3683.1732,1778709599999999,8313398.040208,39167,1391.38,3140159.982034,0
58335-01-24 16:00:00,2255.8,2260.55,2251.0,2259.6,4213.4589,1778713199999999,9503010.512846,51535,2007.0647,4527027.181343,0
58335-03-07 08:00:00,2259.59,2261.79,2254.83,2258.65,3474.1615,1778716799999999,7847776.395846,41521,1804.4544,4076344.311366,0
58335-04-18 00:00:00,2258.66,2269.37,2258.14,2266.58,6486.757,1778720399999999,14696989.330866,76842,3334.6589,7553858.627276,0
58335-05-29 16:00:00,2266.58,2269.37,2259.9,2264.91,4348.5964,1778723999999999,9848223.714694,74245,1765.8714,3999060.302453,0
58335-07-10 08:00:00,2264.9,2266.75,2247.71,2251.53,8195.2617,1778727599999999,18516751.662768,77284,2167.6336,4896130.088342,0
58335-08-21 00:00:00,2251.54,2255.0,2238.64,2242.14,9365.1462,1778731199999999,21027677.670569,135947,3959.1977,8893007.505381,0
58335-10-01 16:00:00,2242.14,2258.25,2239.54,2256.7,5139.3202,1778734799999999,11573317.327876,63985,3036.1538,6836690.406733,0
58335-11-12 08:00:00,2256.69,2273.71,2255.53,2268.44,10348.163,1778738399999999,23435916.810265,95075,5925.4407,13423431.753595,0
58335-12-24 00:00:00,2268.44,2275.2,2266.86,2267.71,8095.9777,1778741999999999,18385282.6513,75696,3686.7662,8372863.533053,0
58336-02-03 16:00:00,2267.72,2270.79,2263.88,2265.48,5020.0728,1778745599999999,11384964.278469,51095,2743.7004,6223129.56985,0
58336-03-16 08:00:00,2265.49,2270.99,2262.05,2266.36,7411.1537,1778749199999999,16800379.580159,59227,4035.5499,9148906.064724,0
58336-04-27 00:00:00,2266.35,2267.72,2252.76,2257.8,8310.4377,1778752799999999,18784676.686169,76573,4120.7196,9315423.482481,0
58336-06-07 16:00:00,2257.8,2265.51,2255.84,2262.14,7115.7591,1778756399999999,16089879.473615,80787,3746.5655,8471825.556378,0
58336-07-19 08:00:00,2262.13,2264.0,2252.53,2253.81,8187.7599,1778759999999999,18479610.29347,72815,5202.8748,11743342.599109,0
58336-08-30 00:00:00,2253.81,2263.24,2248.0,2261.48,8236.3744,1778763599999999,18584335.954448,101965,3760.1756,8484862.818904,0
58336-10-10 16:00:00,2261.48,2265.32,2248.43,2249.42,15476.0602,1778767199999999,34937176.457468,200004,6197.6614,13992187.008719,0
58336-11-21 08:00:00,2249.42,2289.0,2246.13,2286.99,22674.6006,1778770799999999,51511942.651411,270672,13311.638,30245581.890035,0
58337-01-02 00:00:00,2287.0,2299.7,2280.63,2298.48,22364.7492,1778774399999999,51206716.808978,204381,11177.8814,25601747.199023,0
58337-02-12 16:00:00,2298.48,2318.66,2293.96,2316.36,28595.7539,1778777999999999,65938238.550022,250073,15856.3159,36573465.364788,0
58337-03-26 08:00:00,2316.35,2319.33,2296.57,2308.18,20630.7928,1778781599999999,47621166.062352,245246,9533.0677,22007535.478031,0
58337-05-07 00:00:00,2308.17,2316.78,2303.0,2309.63,11885.1714,1778785199999999,27471219.692692,122356,6161.9412,14244091.84747,0
58337-06-17 16:00:00,2309.64,2312.22,2297.5,2298.34,10168.4499,1778788799999999,23420738.586001,105489,4176.2135,9618269.864751,0
58337-07-29 08:00:00,2298.34,2301.43,2288.7,2298.08,8543.8195,1778792399999999,19597729.074634,91649,3928.0909,9012787.198151,0
58337-09-09 00:00:00,2298.08,2300.27,2290.0,2297.19,6869.1293,1778795999999999,15769403.499381,61260,4147.0438,9520945.527846,0
58337-10-20 16:00:00,2297.2,2301.67,2295.2,2298.16,4426.4912,1778799599999999,10173315.044262,59129,2427.2784,5578800.095288,0
58337-12-01 08:00:00,2298.16,2298.16,2280.18,2283.25,8785.0381,1778803199999999,20113056.735551,78612,3349.9176,7671386.249445,0
58338-01-12 00:00:00,2283.26,2300.29,2281.78,2291.39,9357.0866,1778806799999999,21433842.813917,119172,4470.2891,10239076.172626,0
58338-02-22 16:00:00,2291.39,2294.74,2274.06,2275.45,14053.4348,1778810399999999,32093708.586177,129530,3715.1701,8487862.474103,0
58338-04-05 08:00:00,2275.46,2279.26,2260.45,2276.37,21187.1974,1778813999999999,48087551.787995,167740,6337.321,14386682.876138,0
58338-05-17 00:00:00,2276.37,2279.64,2267.98,2273.34,12349.3,1778817599999999,28075451.625884,82915,2747.0877,6244939.920057,0
58338-06-27 16:00:00,2273.35,2273.91,2262.74,2263.33,5390.7915,1778821199999999,12227413.536069,72287,2136.9903,4848199.478799,0
58338-08-08 08:00:00,2263.33,2267.0,2237.95,2245.41,25297.9003,1778824799999999,56916319.260713,190274,9763.9436,21964433.167394,0
58338-09-19 00:00:00,2245.4,2256.92,2243.8,2255.35,8254.6943,1778828399999999,18582805.247382,97395,4264.9435,9601477.515183,0
58338-10-30 16:00:00,2255.36,2271.64,2253.63,2265.11,11363.6377,1778831999999999,25732894.796833,90084,5998.1905,13582069.537422,0
58338-12-11 08:00:00,2265.11,2265.42,2250.0,2257.56,10928.0066,1778835599999999,24668468.715352,109589,5358.3513,12095798.154164,0
58339-01-22 00:00:00,2257.56,2260.0,2250.82,2254.5,5542.7633,1778839199999999,12500424.172039,85415,2781.0476,6272423.347573,0
58339-03-04 16:00:00,2254.5,2264.49,2252.35,2262.44,7868.504,1778842799999999,17768064.679125,94920,4104.4942,9267222.095263,0
58339-04-15 08:00:00,2262.44,2263.95,2257.26,2257.57,6432.378,1778846399999999,14535738.693068,58824,3180.4316,7187024.287691,0
58339-05-27 00:00:00,2257.56,2260.72,2251.14,2254.29,7355.9121,1778849999999999,16591278.578965,92007,3159.9752,7127551.499488,0
58339-07-07 16:00:00,2254.29,2254.29,2210.31,2213.68,42412.9939,1778853599999999,94582856.39288,407955,16735.7302,37303530.420801,0
58339-08-18 08:00:00,2213.69,2223.79,2205.11,2213.35,36623.717,1778857199999999,81078949.202559,368852,16372.9068,36254244.996692,0
58339-09-29 00:00:00,2213.35,2223.96,2209.79,2222.85,11937.2392,1778860799999999,26467640.61299,180391,6861.9411,15215704.195987,0
58339-11-09 16:00:00,2222.86,2231.11,2218.9,2224.59,11576.2953,1778864399999999,25753772.490606,128623,5941.3667,13220044.389811,0
58339-12-21 08:00:00,2224.59,2232.88,2224.26,2229.47,8834.4347,1778867999999999,19685729.055962,93200,4716.7349,10510110.317182,0
58340-02-01 00:00:00,2229.47,2232.86,2224.97,2228.36,6715.7959,1778871599999999,14967878.560841,99202,3638.4436,8109650.842534,0
58340-03-13 16:00:00,2228.35,2228.42,2222.27,2223.35,5728.0131,1778875199999999,12744214.691978,83149,2360.9131,5252640.381118,0
58340-04-24 08:00:00,2223.35,2226.13,2216.99,2220.14,6208.4965,1778878799999999,13790929.908183,76649,2582.0879,5735903.744499,0
58340-06-05 00:00:00,2220.13,2225.08,2215.0,2216.99,5279.6243,1778882399999999,11720595.588888,63949,2073.9642,4604809.863524,0
58340-07-16 16:00:00,2217.0,2225.01,2216.99,2224.18,5017.0896,1778885999999999,11151116.037934,45113,2273.87,5052596.031614,0
58340-08-27 08:00:00,2224.18,2226.29,2222.88,2224.66,2821.2446,1778889599999999,6276227.875978,40073,1607.8377,3576800.098732,0
58340-10-08 00:00:00,2224.65,2231.51,2223.81,2227.0,3301.8064,1778893199999999,7357569.464365,44128,1952.8746,4351739.196766,0
58340-11-18 16:00:00,2226.99,2230.85,2223.53,2229.62,2980.2852,1778896799999999,6637471.673097,50694,1379.8143,3073570.851118,0
58340-12-30 08:00:00,2229.62,2231.5,2227.0,2229.91,2565.1592,1778900399999999,5718943.893914,40202,1511.9801,3371088.518708,0
58341-02-10 00:00:00,2229.91,2230.64,2227.11,2228.01,2329.581,1778903999999999,5193681.864051,30319,1144.339,2551353.158609,0
58341-03-23 16:00:00,2228.0,2228.96,2218.35,2225.98,4171.0714,1778907599999999,9275084.566939,46542,1958.1871,4354830.155342,0
58341-05-04 08:00:00,2225.99,2227.13,2222.69,2225.37,2311.4552,1778911199999999,5144305.631822,32976,1206.6859,2685535.688543,0
58341-06-15 00:00:00,2225.38,2226.89,2209.7,2215.45,8055.167,1778914799999999,17866106.51384,88357,3930.8139,8720025.009563,0
58341-07-26 16:00:00,2215.46,2215.81,2182.0,2194.81,38322.888,1778918399999999,84052736.349344,246083,18394.8006,40312366.783861,0
58341-09-06 08:00:00,2194.81,2196.87,2192.01,2193.26,6028.1463,1778921999999999,13229698.420452,55773,2449.9999,5377511.374876,0
58341-10-18 00:00:00,2193.26,2193.85,2162.6,2173.57,27888.7843,1778925599999999,60639159.614122,208851,11352.2241,24667284.796805,0
58341-11-28 16:00:00,2173.57,2175.0,2162.55,2173.85,18882.4485,1778929199999999,40978125.646955,126254,7136.7953,15487695.047674,0
58342-01-09 08:00:00,2173.85,2181.0,2173.85,2176.1,13389.521,1778932799999999,29163346.666814,64286,7507.4556,16352809.367452,0
58342-02-20 00:00:00,2176.11,2179.26,2173.18,2176.5,8013.1897,1778936399999999,17438601.999907,50242,4274.0189,9301047.501877,0
58342-04-02 16:00:00,2176.5,2180.0,2172.3,2177.12,8775.7986,1778939999999999,19097257.44511,58301,3994.0583,8690161.096336,0
58342-05-14 08:00:00,2177.12,2188.16,2173.51,2179.93,11130.7609,1778943599999999,24244076.969896,77598,5256.8158,11455125.727053,0
58342-06-25 00:00:00,2179.92,2183.79,2176.9,2180.0,10245.234,1778947199999999,22339180.343837,57395,3522.6924,7681745.739244,0
58342-08-05 16:00:00,2180.0,2183.52,2170.5,2174.11,13727.5761,1778950799999999,29874464.642068,70549,4788.1999,10421432.029979,0
58342-09-16 08:00:00,2174.11,2180.79,2174.11,2178.91,3445.3575,1778954399999999,7503786.854409,33672,1950.3922,4247856.557562,0
58342-10-28 00:00:00,2178.91,2185.22,2176.36,2181.35,3877.5329,1778957999999999,8453982.29217,32837,2788.5135,6079900.416037,0
58342-12-08 16:00:00,2181.35,2182.77,2179.23,2179.57,2125.662,1778961599999999,4635704.810076,24596,1224.186,2669791.92761,0
58343-01-19 08:00:00,2179.57,2182.9,2179.57,2181.45,1871.6178,1778965199999999,4083090.881751,24351,1110.9003,2423460.830233,0
58343-03-02 00:00:00,2181.45,2183.54,2180.94,2182.39,1877.715,1778968799999999,4097707.718603,23733,1043.1116,2276369.917911,0
58343-04-12 16:00:00,2182.39,2183.28,2179.77,2180.47,1852.3298,1778972399999999,4040830.26645,27488,822.6978,1794783.805384,0
58343-05-24 08:00:00,2180.46,2183.03,2179.35,2180.77,2119.4883,1778975999999999,4623032.537354,26656,1040.742,2270100.553007,0
58343-07-05 00:00:00,2180.77,2185.6,2174.08,2177.59,4798.1136,1778979599999999,10460178.95651,50492,1909.2396,4165069.958552,0
58343-08-15 16:00:00,2177.6,2183.6,2167.98,2169.18,9613.5951,1778983199999999,20898683.200882,94540,4705.2296,10227574.548515,0
58343-09-26 08:00:00,2169.17,2176.25,2169.17,2174.5,3805.4705,1778986799999999,8271802.045779,54990,2190.8151,4761831.315874,0
58343-11-07 00:00:00,2174.51,2184.5,2174.26,2181.7,4100.2657,1778990399999999,8937846.780616,47463,2358.4741,5140973.001665,0
58343-12-18 16:00:00,2181.71,2190.37,2181.14,2187.61,5607.1694,1778993999999999,12261057.560826,50649,3363.8656,7355317.262617,0
58344-01-29 08:00:00,2187.61,2195.0,2185.63,2185.91,4862.8971,1778997599999999,10648988.403583,41021,3114.348,6820856.503038,0
58344-03-11 00:00:00,2185.91,2188.0,2181.7,2185.02,3780.4218,1779001199999999,8258233.721032,39827,1500.2872,3277698.894629,0
58344-04-21 16:00:00,2185.02,2188.49,2182.53,2186.64,3050.4999,1779004799999999,6667758.417292,35967,1406.8611,3075084.655041,0
58344-06-02 08:00:00,2186.63,2187.06,2183.12,2185.95,2632.7465,1779008399999999,5752922.959386,26431,1506.5745,3291699.067795,0
58344-07-14 00:00:00,2185.95,2191.38,2185.91,2190.23,2889.1747,1779011999999999,6323634.619983,28662,1436.6056,3144558.964174,0
58344-08-24 16:00:00,2190.22,2198.14,2190.22,2194.28,5616.8575,1779015599999999,12325766.07812,69029,3357.6303,7367975.015763,0
58344-10-05 08:00:00,2194.29,2194.72,2188.0,2192.0,4451.9991,1779019199999999,9755960.717752,47135,1877.5901,4115046.682932,0
58344-11-16 00:00:00,2192.0,2198.04,2191.34,2194.3,3964.1553,1779022799999999,8701022.50975,42339,1601.2765,3514910.837522,0
58344-12-27 16:00:00,2194.3,2194.93,2187.29,2192.12,4823.5227,1779026399999999,10572034.542789,52269,2036.6465,4464544.917342,0
58345-02-07 08:00:00,2192.12,2192.39,2178.39,2186.64,6752.4117,1779029999999999,14755944.467207,89770,2712.3218,5927457.134382,0
58345-03-21 00:00:00,2186.64,2188.84,2181.2,2186.51,3341.197,1779033599999999,7302092.506304,53311,1661.8991,3632249.426508,0
58345-05-01 16:00:00,2186.51,2189.12,2182.15,2182.51,2827.4053,1779037199999999,6179687.147953,46473,1320.4046,2886176.52069,0
58345-06-12 08:00:00,2182.52,2184.95,2176.63,2183.67,4289.4198,1779040799999999,9352734.77309,66516,2255.0804,4917516.203526,0
58345-07-24 00:00:00,2183.68,2188.5,2179.13,2188.49,2741.364,1779044399999999,5988290.903038,43154,1487.9957,3251163.868627,0
58345-09-03 16:00:00,2188.5,2193.62,2187.56,2192.53,2510.046,1779047999999999,5499020.538265,40779,1482.9914,3248769.847918,0
58345-10-15 08:00:00,2192.54,2193.68,2186.98,2189.55,2455.0533,1779051599999999,5375976.972148,30449,1262.0184,2763396.403874,0
58345-11-26 00:00:00,2189.55,2194.82,2187.24,2191.81,2300.4023,1779055199999999,5041722.797868,32925,1406.6202,3082804.883459,0
58346-01-06 16:00:00,2191.8,2191.8,2174.01,2179.69,11039.9188,1779058799999999,24081133.628226,133844,4460.6112,9729701.806792,0
58346-02-17 08:00:00,2179.7,2179.7,2091.48,2131.0,72862.7078,1779062399999999,155164993.279398,420570,33383.3544,71073733.81547,0
58346-03-31 00:00:00,2131.0,2132.0,2104.99,2115.46,33448.5802,1779065999999999,70774701.887007,355197,12623.3048,26705216.800709,0
58346-05-11 16:00:00,2115.47,2121.33,2106.5,2117.54,16339.63,1779069599999999,34529646.350768,210620,7013.4082,14824459.708491,0
58346-06-22 08:00:00,2117.54,2124.0,2112.78,2116.64,9170.8986,1779073199999999,19434174.307072,109963,4282.8223,9076189.37251,0
58346-08-03 00:00:00,2116.65,2123.91,2115.89,2118.44,7975.8225,1779076799999999,16904724.175747,89269,3803.4916,8062240.659277,0
58346-09-13 16:00:00,2118.44,2125.5,2114.24,2124.85,6837.7162,1779080399999999,14489194.136955,74966,2842.8841,6024898.481232,0
58346-10-25 08:00:00,2124.85,2125.83,2117.0,2118.25,6453.7777,1779083999999999,13694366.088451,76384,2562.2965,5437602.503344,0
58346-12-06 00:00:00,2118.25,2121.0,2110.0,2119.03,9048.749,1779087599999999,19145377.616014,103638,3933.9715,8326248.649327,0
58347-01-16 16:00:00,2119.04,2123.99,2112.07,2120.82,9795.7552,1779091199999999,20760192.040713,85336,6004.2536,12725810.074459,0
58347-02-27 08:00:00,2120.82,2124.05,2117.48,2121.57,6329.8802,1779094799999999,13424391.20168,59918,3125.4866,6629517.938783,0
58347-04-10 00:00:00,2121.57,2121.93,2116.03,2116.88,4262.8506,1779098399999999,9029010.19535,46534,2054.1011,4350507.101517,0
58347-05-21 16:00:00,2116.88,2117.59,2112.65,2114.55,6334.9378,1779101999999999,13400294.588629,61079,2877.221,6086203.277203,0
58347-07-02 08:00:00,2114.56,2139.75,2110.5,2133.9,15910.7319,1779105599999999,33844779.194565,151792,9232.0057,19636887.601973,0
58347-08-13 00:00:00,2133.9,2157.24,2133.9,2151.01,25623.8435,1779109199999999,55029775.087568,224058,12988.4682,27889880.363529,0
58347-09-23 16:00:00,2151.02,2151.41,2120.25,2130.91,25177.8551,1779112799999999,53733606.4677,300178,10612.4321,22642302.2937,0
58347-11-04 08:00:00,2130.9,2130.9,2098.01,2110.32,31644.5594,1779116399999999,66921429.034686,360052,14211.0234,30054406.25405,0
58347-12-16 00:00:00,2110.32,2111.3,2093.77,2107.48,31279.2744,1779119999999999,65745486.56711,310951,14515.1918,30512444.264395,0
58348-01-26 16:00:00,2107.49,2111.19,2090.56,2097.71,18252.3444,1779123599999999,38341096.842828,208067,7915.2678,16628766.602479,0
58348-03-08 08:00:00,2097.71,2110.19,2095.33,2108.21,10461.8463,1779127199999999,22031394.234017,133301,4998.8242,10525605.111886,0
58348-04-19 00:00:00,2108.21,2109.12,2077.23,2081.32,29604.6277,1779130799999999,61833168.590132,240798,14745.9221,30805876.759168,0
58348-05-30 16:00:00,2081.31,2128.49,2079.64,2125.07,35288.4271,1779134399999999,74442018.201941,374714,19710.8173,41580418.189872,0
58348-07-11 08:00:00,2125.07,2131.03,2115.01,2117.61,10615.7607,1779137999999999,22551268.556932,121850,5149.9342,10942296.591853,0
58348-08-22 00:00:00,2117.62,2142.67,2114.59,2137.38,14324.1322,1779141599999999,30532967.539433,135235,8981.96,19142767.551997,0
58348-10-02 16:00:00,2137.39,2142.57,2130.5,2135.74,12285.9181,1779145199999999,26255628.547256,89872,6521.8313,13939193.61525,0
58348-11-13 08:00:00,2135.73,2139.17,2127.75,2130.08,5410.4744,1779148799999999,11541151.011703,58213,3185.2443,6795059.357012,0
58348-12-25 00:00:00,2130.08,2146.95,2128.44,2135.88,7752.7733,1779152399999999,16570928.616165,119518,4723.0934,10095702.82335,0
58349-02-04 16:00:00,2135.88,2138.4,2123.71,2124.92,8258.8095,1779155999999999,17590048.413004,147525,4480.8575,9543499.490829,0
58349-03-18 08:00:00,2124.92,2135.67,2118.6,2123.31,7646.1533,1779159599999999,16258655.610139,116903,3868.6562,8228775.348339,0
58349-04-29 00:00:00,2123.3,2134.61,2122.06,2131.3,5007.2946,1779163199999999,10664610.679894,71933,2729.6409,5814223.097416,0
58349-06-09 16:00:00,2131.3,2136.65,2128.22,2133.88,4628.4393,1779166799999999,9871687.752876,64420,2424.4215,5171320.094753,0
58349-07-21 08:00:00,2133.88,2137.74,2123.61,2135.21,7384.8264,1779170399999999,15746666.628301,73037,3578.6573,7631574.630248,0
58349-09-01 00:00:00,2135.21,2140.31,2132.71,2137.52,5544.4231,1779173999999999,11843699.029957,66096,2808.8369,6000479.145665,0
58349-10-12 16:00:00,2137.52,2145.0,2135.29,2140.97,7115.4473,1779177599999999,15228997.389074,74307,4088.977,8751453.29519,0
58349-11-23 08:00:00,2140.97,2141.4,2131.01,2133.72,7074.3505,1779181199999999,15111396.602802,76786,3531.0563,7542676.559633,0
58350-01-04 00:00:00,2133.72,2134.5,2111.25,2114.49,12094.7932,1779184799999999,25636391.507389,117683,4515.5188,9566557.972255,0
58350-02-14 16:00:00,2114.49,2121.96,2106.77,2118.36,10403.7765,1779188399999999,21994192.342333,121227,3696.3635,7816990.091262,0
58350-03-28 08:00:00,2118.37,2120.24,2109.22,2110.85,5522.7146,1779191999999999,11677783.230541,71406,1904.0475,4024918.142426,0
58350-05-09 00:00:00,2110.85,2119.35,2108.64,2118.49,5822.6555,1779195599999999,12316956.094562,67763,2648.7453,5603254.682209,0
58350-06-19 16:00:00,2118.5,2127.53,2107.65,2119.03,17708.0004,1779199199999999,37487708.051148,219686,7874.5835,16673940.202597,0
58350-07-31 08:00:00,2119.02,2123.6,2094.47,2106.55,23710.8299,1779202799999999,49963798.765925,296794,9203.6734,19394038.79216,0
58350-09-11 00:00:00,2106.54,2113.42,2103.58,2110.19,8637.8522,1779206399999999,18220120.523005,136260,4523.7495,9542571.634561,0
58350-10-22 16:00:00,2110.2,2122.45,2107.12,2121.12,6845.5703,1779209999999999,14471514.460709,104092,3944.288,8337867.27693,0
58350-12-03 08:00:00,2121.11,2125.07,2112.92,2115.75,6373.8264,1779213599999999,13509185.265269,75676,2878.9622,6102578.121231,0
58351-01-14 00:00:00,2115.75,2119.62,2110.74,2115.28,5018.4948,1779217199999999,10618282.772534,54852,2435.4469,5153636.833469,0
58351-02-24 16:00:00,2115.27,2123.16,2110.14,2113.15,6436.9705,1779220799999999,13617929.864655,69025,2526.9408,5346666.863675,0
58351-04-07 08:00:00,2113.14,2118.82,2112.41,2118.39,2362.188,1779224399999999,4999556.518972,28788,857.2587,1814307.08034,0
58351-05-19 00:00:00,2118.38,2120.59,2116.69,2116.97,3414.5351,1779227999999999,7235069.358199,41479,1280.5506,2713198.319727,0
58351-06-29 16:00:00,2116.97,2116.97,2102.09,2106.4,7180.9732,1779231599999999,15138510.16483,78955,2907.5914,6128587.515274,0
58351-08-10 08:00:00,2106.4,2118.68,2104.66,2111.93,4999.3771,1779235199999999,10564646.213021,62754,2641.756,5582136.154571,0
58351-09-21 00:00:00,2111.93,2115.95,2103.3,2111.29,5979.5179,1779238799999999,12612626.61679,107924,2973.1277,6272476.248627,0
58351-11-01 16:00:00,2111.29,2119.24,2103.29,2115.28,6978.7938,1779242399999999,14728822.983736,135271,3691.3903,7792958.821622,0
58351-12-13 08:00:00,2115.28,2117.14,2106.01,2109.43,3194.6835,1779245999999999,6744599.7501,74485,1402.9539,2962097.291188,0
58352-01-24 00:00:00,2109.42,2116.3,2106.1,2111.6,3161.4843,1779249599999999,6675381.457464,56921,1673.4956,3534157.794785,0
58352-03-05 16:00:00,2111.6,2114.78,2107.3,2113.2,3859.8496,1779253199999999,8151932.568313,48322,1425.5132,3010862.140521,0
58352-04-16 08:00:00,2113.2,2130.38,2113.2,2125.63,14210.0076,1779256799999999,30169783.828505,106800,9097.1457,19307034.153514,0
58352-05-28 00:00:00,2125.63,2134.41,2125.62,2133.75,10055.3538,1779260399999999,21426022.80492,68331,4232.7426,9018979.673222,0
58352-07-08 16:00:00,2133.76,2136.5,2128.51,2129.74,6989.0784,1779263999999999,14906818.551372,54951,3044.8367,6495023.42068,0
58352-08-19 08:00:00,2129.75,2138.0,2128.87,2131.91,8115.6362,1779267599999999,17311207.992715,71455,3889.2502,8297443.010088,0
58352-09-30 00:00:00,2131.91,2133.0,2127.7,2129.36,4337.4143,1779271199999999,9239595.074705,44844,2256.7815,4807263.900888,0
58352-11-10 16:00:00,2129.36,2137.02,2129.36,2130.82,4806.969,1779274799999999,10254376.151104,52608,2905.5522,6198039.391034,0
58352-12-22 08:00:00,2130.82,2132.24,2124.28,2128.3,4923.4052,1779278399999999,10477505.644023,41815,2110.0062,4490171.887667,0
58353-02-02 00:00:00,2128.31,2140.0,2127.02,2134.01,5842.3635,1779281999999999,12459124.398818,57822,3138.3084,6692824.432473,0
58353-03-15 16:00:00,2134.02,2135.73,2115.69,2120.61,16409.0609,1779285599999999,34847093.725049,174683,5981.0732,12704054.368157,0
58353-04-26 08:00:00,2120.62,2139.63,2113.87,2135.25,19511.9975,1779289199999999,41576290.981729,268545,10047.8998,21410304.149956,0
58353-06-07 00:00:00,2135.24,2149.0,2129.02,2136.75,17153.5618,1779292799999999,36710645.157075,201502,8496.8351,18186521.061236,0
58353-07-18 16:00:00,2136.76,2140.51,2124.1,2135.46,9337.6279,1779296399999999,19921071.656458,141203,4422.3246,9436207.440882,0
58353-08-29 08:00:00,2135.46,2148.77,2132.14,2140.5,10779.1126,1779299999999999,23087202.940054,124288,5884.0415,12604498.749711,0
58353-10-10 00:00:00,2140.5,2140.95,2131.3,2132.1,6023.4487,1779303599999999,12868900.191376,79644,2614.7571,5586046.86592,0
58353-11-20 16:00:00,2132.1,2141.45,2129.11,2139.12,6015.4748,1779307199999999,12850873.28756,77857,3586.3852,7660441.341812,0
58354-01-01 08:00:00,2139.12,2140.76,2129.51,2135.93,4957.8493,1779310799999999,10589745.731461,81841,2184.724,4666451.746745,0
58354-02-12 00:00:00,2135.92,2138.59,2130.61,2130.62,3046.6187,1779314399999999,6501108.764758,39135,1257.4934,2683283.507544,0
58354-03-25 16:00:00,2130.61,2130.61,2118.45,2128.32,9689.7947,1779317999999999,20578612.586418,93926,5394.6014,11454330.319345,0
58354-05-06 08:00:00,2128.32,2130.37,2122.59,2129.44,3709.19,1779321599999999,7887431.395933,52332,2201.7429,4681853.303911,0
58354-06-17 00:00:00,2129.44,2145.32,2128.59,2142.92,7646.4745,1779325199999999,16342083.383128,97518,4619.573,9872026.432572,0
58354-07-28 16:00:00,2142.93,2157.5,2139.31,2141.07,11825.5022,1779328799999999,25392635.861453,139459,6178.2084,13268822.637997,0
58354-09-08 08:00:00,2141.08,2148.04,2139.5,2141.5,4768.8843,1779332399999999,10225558.896983,66524,2709.485,5810585.01973,0
58354-10-20 00:00:00,2141.5,2146.85,2140.85,2145.76,3524.1137,1779335999999999,7556143.769775,39159,1898.5678,4070709.829155,0
58354-11-30 16:00:00,2145.76,2148.75,2142.7,2145.0,3552.697,1779339599999999,7622524.553445,40496,1875.912,4025258.82021,0
58355-01-11 08:00:00,2145.0,2148.19,2133.21,2136.3,6291.6025,1779343199999999,13464986.288178,57723,1934.4111,4140751.29065,0
58355-02-22 00:00:00,2136.31,2138.61,2127.64,2128.57,8597.7098,1779346799999999,18339955.898868,81372,3173.7949,6769779.905899,0
58355-04-04 16:00:00,2128.58,2137.0,2124.25,2135.06,8726.5434,1779350399999999,18590027.691949,74272,4800.4528,10229545.675504,0
58355-05-16 08:00:00,2135.07,2148.33,2135.01,2138.26,8282.9493,1779353999999999,17731259.071758,93115,4275.5363,9153840.06908,0
58355-06-27 00:00:00,2138.26,2140.94,2127.96,2127.98,6582.2796,1779357599999999,14042006.764883,72598,2570.8375,5484108.067923,0
58355-08-07 16:00:00,2127.97,2130.09,2110.0,2114.19,19101.5468,1779361199999999,40483734.2098,174418,8805.9818,18670042.420253,0
58355-09-18 08:00:00,2114.2,2119.94,2112.17,2115.27,7699.843,1779364799999999,16295371.783746,83026,4760.3506,10074457.993433,0
58355-10-30 00:00:00,2115.28,2119.91,2112.1,2117.22,11662.3948,1779368399999999,24673616.692542,99983,7954.5605,16828532.573805,0
58355-12-10 16:00:00,2117.22,2124.09,2105.15,2120.46,18106.7457,1779371999999999,38273420.648374,218427,8685.7208,18370948.679768,0
58356-01-21 08:00:00,2120.47,2125.59,2110.68,2121.96,14916.7552,1779375599999999,31616142.025256,188200,7732.7066,16388269.159237,0
58356-03-03 00:00:00,2121.97,2138.05,2119.44,2132.65,21185.7822,1779379199999999,45149122.425242,170444,11844.4873,25240858.925396,0
58356-04-13 16:00:00,2132.64,2136.66,2122.82,2127.79,10087.2837,1779382799999999,21495790.913019,103244,4706.9315,10033128.895209,0
58356-05-25 08:00:00,2127.8,2153.75,2126.0,2146.6,23184.4516,1779386399999999,49682061.409531,252354,12004.9738,25724106.213412,0
58356-07-06 00:00:00,2146.6,2148.0,2121.79,2126.87,13278.9464,1779389999999999,28354325.373795,173736,5064.8893,10813515.080912,0
58356-08-16 16:00:00,2126.87,2145.78,2126.48,2142.83,9421.3256,1779393599999999,20128481.953401,110657,6080.5898,12994547.720207,0
58356-09-27 08:00:00,2142.84,2143.46,2137.13,2138.62,5410.5322,1779397199999999,11579742.657807,51141,3118.8084,6675631.512761,0
58356-11-08 00:00:00,2138.63,2141.0,2134.21,2135.42,2327.6859,1779400799999999,4975756.923727,37783,990.688,2117816.024099,0
58356-12-19 16:00:00,2135.43,2136.87,2131.03,2131.85,2748.6672,1779404399999999,5865083.007588,51006,1213.646,2589588.557076,0
58357-01-30 08:00:00,2131.84,2136.77,2127.27,2133.76,3958.3951,1779407999999999,8444132.740155,49495,1954.9548,4170653.701893,0
58357-03-13 00:00:00,2133.77,2134.99,2129.28,2129.33,2848.6808,1779411599999999,6073357.42996,68247,1439.4994,3068942.145372,0
58357-04-23 16:00:00,2129.32,2137.0,2125.68,2135.88,4953.5599,1779415199999999,10556034.132001,70643,2449.9484,5220356.832063,0
58357-06-04 08:00:00,2135.89,2140.01,2134.47,2137.98,3898.7159,1779418799999999,8332657.604582,64439,1988.8429,4250909.278423,0
58357-07-16 00:00:00,2137.97,2141.39,2135.29,2137.88,2338.1458,1779422399999999,4998977.081704,33989,1410.4385,3015529.274286,0
58357-08-26 16:00:00,2137.89,2141.34,2132.56,2134.0,2394.8956,1779425999999999,5117130.665439,31738,821.9851,1757429.600834,0
58357-10-07 08:00:00,2134.01,2135.95,2127.39,2129.21,4444.6446,1779429599999999,9475125.923305,48723,1777.9655,3791108.905381,0
58357-11-18 00:00:00,2129.21,2130.86,2123.95,2125.68,7164.9518,1779433199999999,15245526.130399,70997,3586.1901,7630888.374019,0
58357-12-29 16:00:00,2125.68,2132.73,2122.22,2128.7,9430.3708,1779436799999999,20080160.526431,60202,5766.0653,12279093.763684,0
58358-02-09 08:00:00,2128.7,2133.34,2119.94,2122.3,14984.4294,1779440399999999,31864919.069001,88048,6573.1635,13979567.91911,0
58358-03-23 00:00:00,2122.29,2125.24,2119.18,2123.98,5671.4006,1779443999999999,12034928.444496,57483,3755.4937,7969211.260369,0
58358-05-03 16:00:00,2123.97,2125.4,2120.81,2123.0,3014.9443,1779447599999999,6401985.325894,47750,1540.7653,3271765.49015,0
58358-06-14 08:00:00,2123.0,2131.01,2120.1,2130.78,7162.4423,1779451199999999,15229838.470763,62724,4727.2741,10049366.175492,0
58358-07-26 00:00:00,2130.78,2138.0,2129.31,2134.99,7605.6003,1779454799999999,16224983.681925,83516,4593.801,9799519.168402,0
58358-09-05 16:00:00,2135.0,2135.75,2124.01,2130.23,11944.0865,1779458399999999,25444649.317639,143600,6407.2573,13650307.75116,0
58358-10-17 08:00:00,2130.23,2130.23,2112.58,2116.94,15843.862,1779461999999999,33613767.594685,171362,9191.3678,19507860.220241,0
58358-11-28 00:00:00,2116.94,2125.49,2112.47,2119.48,6992.4097,1779465599999999,14818499.110296,111868,3511.2172,7442176.866939,0
58359-01-08 16:00:00,2119.49,2124.0,2118.11,2122.78,5125.7528,1779469199999999,10869011.316531,73770,2590.045,5491457.993657,0
58359-02-19 08:00:00,2122.78,2130.0,2119.43,2119.6,7899.4339,1779472799999999,16781627.110397,95564,3346.1235,7110041.007948,0
58359-04-02 00:00:00,2119.61,2121.57,2084.51,2099.99,21305.3854,1779476399999999,44776437.180441,183313,8208.4134,17243780.793638,0
58359-05-13 16:00:00,2099.99,2103.1,2058.0,2065.54,37194.0858,1779479999999999,77123789.193598,335226,17272.9548,35794098.609421,0
58359-06-24 08:00:00,2065.54,2078.85,2064.31,2073.4,12942.2036,1779483599999999,26821080.352399,147684,6718.8812,13925547.594431,0
58359-08-05 00:00:00,2073.4,2079.59,2071.52,2078.18,5974.9709,1779487199999999,12400206.89667,74347,3130.3541,6496472.973759,0
58359-09-15 16:00:00,2078.17,2079.58,2066.55,2072.71,8534.0428,1779490799999999,17691308.266411,94877,3860.018,8002191.921605,0
58359-10-27 08:00:00,2072.72,2077.24,2057.79,2065.85,12114.2393,1779494399999999,25041251.715623,124108,5321.3113,11000844.633717,0
58359-12-08 00:00:00,2065.86,2070.61,2053.0,2064.63,21650.6094,1779497999999999,44673210.151931,188779,9501.5074,19608152.996173,0
58360-01-18 16:00:00,2064.63,2069.92,2062.67,2068.93,6602.3914,1779501599999999,13644060.020506,72069,3286.1382,6792560.783632,0
58360-02-29 08:00:00,2068.93,2070.37,2064.9,2068.52,3598.4243,1779505199999999,7439686.659787,47422,1997.9207,4130835.42995,0
58360-04-11 00:00:00,2068.52,2072.0,2068.21,2070.78,3822.1224,1779508799999999,7912566.766078,37317,1962.2257,4062191.489385,0
58360-05-22 16:00:00,2070.78,2071.19,2065.55,2067.3,2714.5713,1779512399999999,5614043.151408,35162,1220.8818,2524872.201398,0
58360-07-03 08:00:00,2067.29,2068.0,2061.9,2064.85,8142.8652,1779515999999999,16808688.885357,39950,4154.7002,8575277.672149,0
58360-08-14 00:00:00,2064.85,2065.81,2060.71,2061.69,6065.7996,1779519599999999,12511363.983671,39131,3692.7286,7616129.764653,0
58360-09-24 16:00:00,2061.7,2063.06,2009.3,2028.59,58875.9766,1779523199999999,119657992.303701,196001,26517.5232,53872340.048339,0
58360-11-05 08:00:00,2028.58,2032.1,2021.07,2030.32,16144.7589,1779526799999999,32728828.299628,133903,8789.7046,17822530.493664,0
58360-12-17 00:00:00,2030.32,2031.0,2027.1,2027.29,5578.0484,1779530399999999,11318850.553698,57775,3187.8535,6468673.797584,0
58361-01-27 16:00:00,2027.29,2033.79,2027.11,2031.57,4910.3789,1779533999999999,9970099.626575,38453,3247.49,6594375.074042,0
58361-03-10 08:00:00,2031.56,2036.01,2030.84,2031.48,7692.1854,1779537599999999,15637150.672699,44656,5951.1526,12097778.221461,0
58361-04-21 00:00:00,2031.48,2032.07,2027.35,2031.07,7207.2526,1779541199999999,14632772.843676,44652,5540.4385,11249009.162127,0
58361-06-01 16:00:00,2031.08,2046.1,2031.07,2044.89,17647.3733,1779544799999999,36023827.049301,117081,10982.9142,22419405.590016,0
58361-07-13 08:00:00,2044.88,2065.32,2041.12,2061.64,16621.2621,1779548399999999,34098032.042546,129869,10075.4253,20661859.909297,0
58361-08-24 00:00:00,2061.64,2068.68,2055.67,2060.27,13114.3801,1779551999999999,27042013.365791,123027,6903.6632,14237596.18207,0
58361-10-04 16:00:00,2060.27,2065.0,2057.25,2061.65,6913.4983,1779555599999999,14250356.99243,76658,3413.5158,7036100.361987,0
58361-11-15 08:00:00,2061.66,2065.87,2059.28,2063.98,5547.0071,1779559199999999,11442078.490872,62760,3191.6823,6583571.544081,0
58361-12-27 00:00:00,2063.98,2083.64,2063.74,2074.27,14900.8683,1779562799999999,30932772.44405,155429,7643.5034,15864979.028877,0
58362-02-06 16:00:00,2074.27,2081.0,2069.86,2077.33,12501.0114,1779566399999999,25963221.231025,72837,6462.1311,13422042.393002,0
58362-03-20 08:00:00,2077.34,2147.0,2074.84,2146.3,60046.9253,1779569999999999,127200977.989371,427849,33179.3695,70237165.254782,0
58362-05-01 00:00:00,2146.3,2149.95,2106.27,2116.84,33582.9836,1779573599999999,71408083.546381,295858,16308.1895,34669599.701715,0
58362-06-11 16:00:00,2116.84,2120.28,2102.65,2116.83,10882.3546,1779577199999999,22991111.408295,128684,5322.1798,11249099.61393,0
58362-07-23 08:00:00,2116.84,2121.84,2114.42,2117.68,5783.1804,1779580799999999,12251910.099015,76410,3483.2432,7379302.448334,0
58362-09-03 00:00:00,2117.69,2121.5,2113.1,2119.45,5265.7351,1779584399999999,11149415.435966,72220,2916.1465,6175035.727659,0
58362-10-14 16:00:00,2119.45,2125.51,2118.31,2122.56,7831.7549,1779587999999999,16614376.192551,67199,4379.7811,9290940.097492,0
58362-11-25 08:00:00,2122.56,2125.45,2118.3,2122.53,8991.5212,1779591599999999,19084512.067158,62300,4879.3979,10355176.658835,0
58363-01-06 00:00:00,2122.54,2127.28,2116.74,2119.04,7014.0397,1779595199999999,14884763.263162,50237,3470.033,7365785.578712,0
58363-02-16 16:00:00,2119.05,2123.86,2119.05,2120.21,3367.5072,1779598799999999,7144684.585655,32959,1647.9068,3496331.747361,0
58363-03-30 08:00:00,2120.22,2121.39,2113.65,2119.98,8263.4357,1779602399999999,17495354.831993,44207,3225.5252,6829937.936277,0
58363-05-11 00:00:00,2119.98,2129.93,2117.6,2128.13,11806.8896,1779605999999999,25052463.877244,62432,6186.7259,13125237.340929,0
58363-06-21 16:00:00,2128.13,2129.79,2119.49,2121.01,5025.5155,1779609599999999,10670248.687354,46493,2072.6241,4401815.578032,0
58363-08-02 08:00:00,2121.02,2123.23,2119.25,2120.32,3262.6809,1779613199999999,6919312.03854,35938,1583.0963,3357410.121571,0
58363-09-13 00:00:00,2120.33,2124.37,2119.05,2123.41,4630.7973,1779616799999999,9826345.462142,38847,2164.7763,4594383.95068,0
58363-10-24 16:00:00,2123.42,2132.14,2119.38,2122.35,8124.9584,1779620399999999,17259599.583736,76221,4093.9931,8698067.350882,0
58363-12-05 08:00:00,2122.34,2127.82,2122.23,2126.18,4959.7623,1779623999999999,10541809.561666,56163,2478.202,5267232.618654,0
58364-01-16 00:00:00,2126.19,2126.58,2117.32,2119.97,7090.2964,1779627599999999,15036806.348294,58315,4588.4751,9731581.671957,0
58364-02-26 16:00:00,2119.97,2121.05,2105.79,2110.14,12698.9415,1779631199999999,26844880.61151,92580,7080.9781,14967283.883711,0
58364-04-08 08:00:00,2110.14,2112.52,2079.52,2097.98,28777.9189,1779634799999999,60288995.293359,243924,12016.8039,25176845.117595,0
58364-05-20 00:00:00,2097.98,2100.0,2094.14,2095.84,4614.3297,1779638399999999,9675913.483206,64307,2483.7737,5208471.79815,0
58364-06-30 16:00:00,2095.83,2109.0,2095.22,2103.62,7393.3302,1779641999999999,15540566.449071,88959,4102.0339,8623814.862949,0
58364-08-11 08:00:00,2103.61,2106.68,2101.4,2102.88,3026.1939,1779645599999999,6367472.207463,51945,1493.3626,3142068.765564,0
58364-09-22 00:00:00,2102.89,2104.78,2097.8,2099.97,2964.8275,1779649199999999,6229494.1767,44385,1187.9911,2495696.541233,0
58364-11-02 16:00:00,2099.97,2102.58,2096.34,2100.87,3005.6502,1779652799999999,6309596.457694,46627,1564.1904,3283405.234228,0
58364-12-14 08:00:00,2100.87,2102.11,2091.51,2093.15,7064.4411,1779656399999999,14799256.628777,66573,2474.2226,5182937.734404,0
58365-01-25 00:00:00,2093.15,2098.63,2063.0,2070.59,19007.0632,1779659999999999,39477107.19144,195474,7585.671,15744734.256644,0
58365-03-07 16:00:00,2070.59,2099.49,2070.56,2092.37,15066.0813,1779663599999999,31486034.931738,220007,7816.6169,16330575.844536,0
58365-04-18 08:00:00,2092.38,2107.0,2091.67,2099.85,8495.0888,1779667199999999,17833774.358833,109704,4468.3009,9380671.011688,0
58365-05-30 00:00:00,2099.86,2109.4,2099.7,2104.95,5423.3103,1779670799999999,11415733.262974,97815,2867.4883,6036106.370039,0
58365-07-10 16:00:00,2104.96,2107.99,2093.22,2094.13,3994.551,1779674399999999,8399247.147172,77166,1621.6234,3411273.338058,0
58365-08-21 08:00:00,2094.13,2113.25,2094.13,2098.35,9625.7439,1779677999999999,20254627.441554,114528,4994.5637,10506771.684183,0
58365-10-02 00:00:00,2098.35,2100.0,2092.57,2095.58,5087.5028,1779681599999999,10664977.471472,71106,1847.8161,3873608.731848,0
58365-11-12 16:00:00,2095.59,2108.14,2092.26,2105.83,6872.5722,1779685199999999,14434034.198647,68298,3398.929,7139811.108581,0
58365-12-24 08:00:00,2105.83,2111.7,2104.39,2108.22,6681.7523,1779688799999999,14089489.743503,65394,3504.8287,7390373.805424,0
58366-02-04 00:00:00,2108.21,2111.42,2099.27,2108.99,13294.3896,1779692399999999,27982072.970599,85677,5739.1286,12083993.42418,0
58366-03-17 16:00:00,2109.0,2117.55,2106.5,2116.28,15151.6164,1779695999999999,31995244.519818,87439,8891.9555,18779288.81021,0
58366-04-28 08:00:00,2116.29,2117.79,2111.7,2116.82,4505.8336,1779699599999999,9527409.084388,46483,2373.929,5019466.774772,0
58366-06-09 00:00:00,2116.83,2124.1,2116.17,2117.02,6886.8441,1779703199999999,14596632.828258,71192,3928.7475,8327007.609428,0
58366-07-20 16:00:00,2117.03,2121.23,2114.86,2117.03,3718.0519,1779706799999999,7871776.127784,42844,2037.6453,4314058.377971,0
58366-08-31 08:00:00,2117.02,2120.3,2114.26,2114.95,6556.302,1779710399999999,13884625.346826,51319,4346.1737,9205810.519248,0
58366-10-12 00:00:00,2114.95,2119.61,2112.25,2117.34,5452.8587,1779713999999999,11536978.311035,63016,2984.7006,6314973.903589,0
58366-11-22 16:00:00,2117.35,2120.0,2114.27,2116.28,4019.1258,1779717599999999,8505633.358187,51522,2135.5027,4519199.58148,0
58367-01-03 08:00:00,2116.28,2130.24,2115.77,2128.34,9741.5996,1779721199999999,20690724.2616,106111,5427.1607,11526409.118971,0
58367-02-14 00:00:00,2128.35,2138.28,2122.9,2127.12,10474.4014,1779724799999999,22305027.922894,108773,5900.9439,12567865.243159,0
58367-03-27 16:00:00,2127.13,2141.98,2125.14,2136.4,7753.0199,1779728399999999,16530542.112327,89063,4904.5995,10457985.499942,0
58367-05-08 08:00:00,2136.4,2140.52,2128.24,2128.55,5752.7116,1779731999999999,12280790.61281,65514,2059.9082,4398343.440392,0
58367-06-19 00:00:00,2128.54,2133.81,2126.64,2126.85,3516.0069,1779735599999999,7488309.573716,50791,1872.2933,3987559.089163,0
58367-07-30 16:00:00,2126.86,2126.86,2116.55,2121.43,6484.7259,1779739199999999,13760356.96241,70240,2787.291,5913662.509907,0
58367-09-10 08:00:00,2121.42,2123.16,2107.38,2108.64,8784.8301,1779742799999999,18576430.928822,79614,4174.1149,8827645.70498,0
58367-10-22 00:00:00,2108.64,2113.04,2108.0,2110.9,5923.7284,1779746399999999,12503541.279022,69262,3336.7251,7042878.528357,0
58367-12-02 16:00:00,2110.9,2115.68,2102.35,2103.61,7949.3983,1779749999999999,16762384.02621,103651,3513.5592,7409981.594134,0
58368-01-13 08:00:00,2103.6,2113.85,2102.62,2113.01,2777.7212,1779753599999999,5860278.500465,49803,1608.532,3393610.198503,0
58368-02-24 00:00:00,2113.01,2113.89,2084.83,2097.75,13327.6678,1779757199999999,27953423.896711,149515,4690.9025,9839878.384115,0
58368-04-05 16:00:00,2097.74,2100.5,2088.03,2094.35,8023.9683,1779760799999999,16801812.734128,123174,3057.3622,6403251.37912,0
58368-05-17 08:00:00,2094.36,2095.8,2084.79,2088.83,8476.6135,1779764399999999,17720524.057988,100889,2875.4108,6010493.463276,0
58368-06-28 00:00:00,2088.83,2093.84,2084.52,2093.12,4866.8481,1779767999999999,10168343.251573,69377,1978.2265,4134482.79754,0
58368-08-08 16:00:00,2093.11,2096.45,2088.82,2093.67,3649.155,1779771599999999,7638930.410017,46556,1478.1428,3093944.168605,0
58368-09-19 08:00:00,2093.68,2103.65,2092.05,2100.91,5929.0656,1779775199999999,12440145.897648,53364,2177.4069,4568989.862861,0
58368-10-31 00:00:00,2100.9,2104.65,2094.78,2101.73,4410.9459,1779778799999999,9263413.357787,56597,1775.9302,3729961.449409,0
58368-12-11 16:00:00,2101.73,2102.63,2090.65,2095.61,8948.7941,1779782399999999,18755771.786134,72964,4344.219,9104614.918119,0
58369-01-22 08:00:00,2095.61,2100.14,2095.13,2097.25,4538.5124,1779785999999999,9522641.405544,43658,2823.3902,5924225.448301,0
58369-03-05 00:00:00,2097.26,2099.62,2094.1,2096.81,5436.3408,1779789599999999,11397769.154061,55095,2457.413,5152376.142975,0
58369-04-15 16:00:00,2096.8,2137.29,2094.23,2127.56,22774.4048,1779793199999999,48376054.02972,249898,11484.6775,24383859.114777,0
58369-05-27 08:00:00,2127.57,2130.6,2118.6,2121.01,11839.3226,1779796799999999,25139865.940006,104676,5483.7984,11646327.681576,0
58369-07-08 00:00:00,2121.0,2126.93,2111.01,2126.2,14192.1263,1779800399999999,30057564.217125,103354,6743.9267,14284922.630219,0
58369-08-18 16:00:00,2126.2,2131.5,2109.62,2125.3,14084.8761,1779803999999999,29864978.469679,181814,6290.0559,13342338.690641,0
58369-09-29 08:00:00,2125.3,2140.49,2105.85,2109.29,33208.6561,1779807599999999,70524424.613731,333390,14844.4898,31538423.592522,0
58369-11-10 00:00:00,2109.3,2112.2,2078.75,2087.36,32199.2534,1779811199999999,67462922.56965,318297,13898.1234,29119244.798184,0
58369-12-21 16:00:00,2087.36,2089.97,2073.48,2079.56,22306.9078,1779814799999999,46411846.025932,187848,9226.8069,19196621.822117,0
58370-02-01 08:00:00,2079.56,2083.84,2055.06,2070.84,23360.5118,1779818399999999,48310156.294277,230512,10131.4929,20952745.33423,0
58370-03-15 00:00:00,2070.84,2081.21,2066.8,2068.59,12788.1371,1779821999999999,26517856.165862,131831,5530.5965,11468783.856161,0
58370-04-25 16:00:00,2068.6,2076.85,2065.72,2074.29,7453.971,1779825599999999,15442506.956339,97627,3515.4748,7283550.135874,0
58370-06-06 08:00:00,2074.3,2078.51,2073.9,2078.35,4902.9555,1779829199999999,10178635.074328,63855,2683.0721,5569643.840539,0
58370-07-18 00:00:00,2078.35,2078.78,2069.45,2072.85,5570.4949,1779832799999999,11559379.625795,62985,2519.9918,5229425.58422,0
58370-08-28 16:00:00,2072.85,2076.52,2065.98,2068.79,5511.5489,1779836399999999,11412670.508588,79774,2400.5526,4970974.668769,0
58370-10-09 08:00:00,2068.79,2076.85,2068.79,2073.77,4752.2318,1779839999999999,9856729.94743,46656,2873.3822,5959950.598018,0
58370-11-20 00:00:00,2073.77,2084.23,2073.77,2083.36,6285.9592,1779843599999999,13068859.123915,73544,3447.8021,7169051.971382,0
58370-12-31 16:00:00,2083.35,2083.93,2071.86,2074.53,5128.2891,1779847199999999,10647020.139196,65721,2395.611,4972739.088103,0
58371-02-11 08:00:00,2074.53,2076.26,2069.11,2076.26,4885.7176,1779850799999999,10124316.611053,72813,2378.0781,4928769.620323,0
58371-03-25 00:00:00,2076.25,2080.0,2068.9,2070.0,5687.0405,1779854399999999,11798194.4274,67261,2612.3914,5421502.550245,0
58371-05-05 16:00:00,2070.01,2073.08,2056.31,2072.21,9589.4971,1779857999999999,19804599.112699,107353,3714.5161,7673281.556057,0
58371-06-16 08:00:00,2072.21,2079.2,2071.62,2077.37,6758.5665,1779861599999999,14024822.399537,68451,3588.3142,7447183.142988,0
58371-07-28 00:00:00,2077.38,2081.46,2075.01,2079.62,5208.1962,1779865199999999,10825914.337015,63539,2454.24,5101835.363663,0
58371-09-07 16:00:00,2079.62,2084.16,2076.07,2083.78,5639.4319,1779868799999999,11728836.114477,54895,3514.332,7308519.759103,0
58371-10-19 08:00:00,2083.77,2096.71,2083.56,2085.05,10820.8954,1779872399999999,22609594.862059,96089,5702.4545,11915155.430262,0
58371-11-30 00:00:00,2085.06,2087.78,2078.26,2083.36,6725.0615,1779875999999999,14006424.958438,75193,3051.4185,6356337.335683,0
58372-01-10 16:00:00,2083.36,2087.9,2079.47,2079.5,5736.1498,1779879599999999,11950246.385726,54357,2282.7874,4757400.130635,0
58372-02-21 08:00:00,2079.51,2085.29,2078.88,2080.55,5464.4491,1779883199999999,11378569.227329,66206,2437.6668,5076259.486953,0
58372-04-03 00:00:00,2080.56,2097.4,2073.84,2078.76,16450.2159,1779886799999999,34294448.870577,172106,7485.6754,15603335.386683,0
58372-05-14 16:00:00,2078.76,2080.64,2051.96,2064.53,30449.572,1779890399999999,62808137.124049,314718,11754.9429,24244771.801798,0
58372-06-25 08:00:00,2064.52,2071.86,2054.84,2062.62,14769.8158,1779893999999999,30455643.967713,236777,6738.7866,13895612.772465,0
58372-08-06 00:00:00,2062.62,2079.73,2061.21,2071.38,17352.513,1779897599999999,35949729.690556,184807,8688.9001,18000668.906765,0
58372-09-16 16:00:00,2071.39,2074.5,2060.0,2070.15,9732.6873,1779901199999999,20119440.778114,128191,4121.6163,8520803.302004,0
58372-10-28 08:00:00,2070.14,2070.3,2044.08,2052.28,18451.103,1779904799999999,37934142.450765,178186,8089.0804,16627727.410044,0
58372-12-09 00:00:00,2052.27,2056.92,2043.31,2056.71,9687.1711,1779908399999999,19864836.75234,151013,4718.6641,9677115.938439,0
58373-01-19 16:00:00,2056.72,2061.16,2054.42,2057.47,7524.5057,1779911999999999,15484138.809872,84584,4358.317,8969414.862211,0
58373-03-02 08:00:00,2057.47,2066.14,2057.22,2063.29,6848.8096,1779915599999999,14119578.72307,72059,3775.8575,7783412.862475,0
58373-04-13 00:00:00,2063.3,2063.3,2016.0,2021.04,27264.0968,1779919199999999,55394162.236061,280759,9989.7248,20313451.944703,0
58373-05-24 16:00:00,2021.04,2035.0,2016.27,2025.34,18431.624,1779922799999999,37357918.034505,245165,8634.2217,17500073.878896,0
58373-07-05 08:00:00,2025.34,2030.19,2018.17,2024.84,13071.7892,1779926399999999,26455187.282118,143175,5652.74,11437694.303813,0
58373-08-16 00:00:00,2024.83,2029.2,2020.7,2028.23,7260.1374,1779929999999999,14700940.654543,110056,2999.2443,6074744.854043,0
58373-09-26 16:00:00,2028.23,2029.2,2012.7,2020.32,11652.5232,1779933599999999,23540023.643455,183659,5618.8028,11352164.587459,0
58373-11-07 08:00:00,2020.32,2021.99,2014.77,2017.75,6355.0111,1779937199999999,12828147.701311,107404,2648.6886,5346516.71684,0
58373-12-19 00:00:00,2017.75,2020.96,1972.0,1981.55,65339.9056,1779940799999999,129964128.305577,404466,26944.3566,53551292.032586,0
58374-01-29 16:00:00,1981.55,1986.39,1967.0,1982.33,29086.9719,1779944399999999,57552451.106269,241201,12513.8926,24761450.203298,0
58374-03-12 08:00:00,1982.33,1983.55,1975.66,1978.52,15129.2673,1779947999999999,29939389.55103,121126,6170.5457,12210743.001687,0
58374-04-23 00:00:00,1978.52,1984.83,1972.5,1984.07,13330.4358,1779951599999999,26370977.393301,107143,7774.2174,15379835.025339,0
58374-06-03 16:00:00,1984.07,1996.78,1982.41,1995.56,17213.7549,1779955199999999,34289939.601509,94450,12516.3051,24935659.75211,0
58374-07-15 08:00:00,1995.56,1996.23,1985.0,1988.26,10802.4724,1779958799999999,21499703.546805,69403,5852.6351,11649588.471182,0
58374-08-26 00:00:00,1988.27,1995.51,1984.85,1994.04,7182.5251,1779962399999999,14302734.281377,76364,3806.717,7580608.23763,0
58374-10-06 16:00:00,1994.04,1998.4,1988.71,1990.32,8384.457,1779965999999999,16711884.160225,76164,4861.4269,9690946.140668,0
58374-11-17 08:00:00,1990.32,1992.72,1986.53,1989.89,6584.4884,1779969599999999,13101324.057166,63700,2742.1995,5456121.824708,0
58374-12-29 00:00:00,1989.88,1994.58,1981.57,1991.89,8270.5312,1779973199999999,16446145.478276,104705,4172.491,8298281.897674,0
58375-02-08 16:00:00,1991.88,1995.0,1975.35,1981.55,19736.374,1779976799999999,39128882.33517,229382,9095.0464,18032016.534024,0
58375-03-22 08:00:00,1981.55,2002.5,1967.38,1993.62,35350.5205,1779980399999999,70256303.330338,436728,17516.9634,34823640.489687,0
58375-05-03 00:00:00,1993.61,1999.4,1983.84,1990.65,12630.7607,1779983999999999,25154279.551113,189945,6598.3106,13141437.131369,0
58375-06-13 16:00:00,1990.65,2015.0,1985.22,2013.19,21750.7947,1779987599999999,43546173.900284,233218,12572.0158,25175416.032749,0
58375-07-25 08:00:00,2013.18,2027.14,2009.26,2019.51,15166.1217,1779991199999999,30605348.296346,187631,7236.6024,14604306.296535,0
58375-09-05 00:00:00,2019.51,2030.0,2018.24,2025.0,12176.7897,1779994799999999,24652327.93853,143753,6350.015,12855352.206068,0
58375-10-16 16:00:00,2025.0,2025.01,2014.04,2014.55,8204.6713,1779998399999999,16574386.046351,92860,3162.7761,6389444.593173,0
58375-11-27 08:00:00,2014.54,2020.03,2006.44,2014.11,8782.197,1780001999999999,17691676.194312,102838,4275.0912,8613095.960237,0
58376-01-08 00:00:00,2014.12,2024.63,2013.42,2020.17,10806.2659,1780005599999999,21843471.399102,77377,5312.7227,10736931.816918,0
58376-02-18 16:00:00,2020.17,2022.9,2005.43,2005.6,6944.6699,1780009199999999,13969757.008901,94191,2964.4591,5964854.408465,0
58376-03-31 08:00:00,2005.6,2011.96,2005.6,2009.9,5693.2744,1780012799999999,11434952.342099,61267,2375.504,4771361.214649,0
58376-05-12 00:00:00,2009.89,2017.17,2009.89,2012.46,6280.2971,1780016399999999,12651978.769579,87082,3256.0876,6558692.466247,0
58376-06-22 16:00:00,2012.45,2016.47,2005.9,2008.23,4986.0493,1780019999999999,10022380.726962,84667,2647.5549,5322296.200689,0
58376-08-03 08:00:00,2008.23,2010.62,1997.24,1999.22,9165.035,1780023599999999,18368278.946887,103798,4404.2651,8825581.844219,0
58376-09-14 00:00:00,1999.23,2007.86,1999.23,2002.78,3879.1933,1780027199999999,7773204.182702,59544,2113.825,4235449.714058,0
58376-10-25 16:00:00,2002.79,2008.51,1998.4,2008.51,5655.0947,1780030799999999,11329068.592138,65554,3094.6858,6200249.030247,0
58376-12-06 08:00:00,2008.51,2015.3,2008.0,2014.56,6780.8116,1780034399999999,13640910.423117,67057,3582.5253,7207816.99299,0
58377-01-17 00:00:00,2014.56,2021.51,2012.17,2018.09,6848.1442,1780037999999999,13805789.858964,62355,3468.6078,6993740.359002,0
58377-02-27 16:00:00,2018.09,2019.81,2003.46,2007.62,15125.8677,1780041599999999,30384483.406046,79063,8770.0846,17611338.478027,0
58377-04-10 08:00:00,2007.61,2013.91,2005.45,2006.11,12193.2302,1780045199999999,24504458.310076,60106,5611.8743,11277697.736312,0
58377-05-22 00:00:00,2006.11,2016.11,2006.11,2014.85,6224.1342,1780048799999999,12525910.523349,53063,4007.6928,8064322.388183,0
58377-07-02 16:00:00,2014.84,2014.85,2009.77,2011.1,4438.3405,1780052399999999,8932678.804766,41384,1459.6406,2937813.379083,0
58377-08-13 08:00:00,2011.11,2014.29,2002.35,2007.58,5868.3736,1780055999999999,11786070.198754,64535,2686.0664,5395113.707476,0
58377-09-24 00:00:00,2007.58,2007.58,1995.1,1999.78,9243.978,1780059599999999,18494853.307045,110083,4153.6184,8310220.080659,0
58377-11-04 16:00:00,1999.78,2006.16,1988.14,1999.53,14117.2876,1780063199999999,28171256.424157,184535,6863.6649,13694366.027067,0
58377-12-16 08:00:00,1999.53,2004.31,1976.48,2001.84,25392.7096,1780066799999999,50571854.275031,330971,11092.0653,22096700.307692,0
58378-01-27 00:00:00,2001.85,2046.59,1999.45,2031.62,52313.7748,1780070399999999,106120522.716771,461017,27955.9334,56694003.920385,0
58378-03-09 16:00:00,2031.62,2043.0,2022.24,2040.45,21645.7437,1780073999999999,44049185.824957,251990,12937.9662,26327942.48296,0
58378-04-20 08:00:00,2040.46,2044.29,2026.21,2028.27,16364.8231,1780077599999999,33352002.904682,173178,8803.1872,17944894.306526,0
58378-06-01 00:00:00,2028.28,2031.64,2006.21,2011.41,20432.864,1780081199999999,41312006.365735,194223,8468.7099,17127258.128823,0
58378-07-12 16:00:00,2011.41,2022.2,2005.0,2016.96,8916.9858,1780084799999999,17970629.300747,125623,4694.0938,9462713.552249,0
58378-08-23 08:00:00,2016.96,2023.84,2015.0,2018.17,4675.6381,1780088399999999,9444887.368308,69352,2579.3874,5210570.892465,0
58378-10-04 00:00:00,2018.17,2023.99,2008.23,2009.4,6797.6334,1780091999999999,13693000.583421,71481,2879.1593,5799201.80903,0
58378-11-14 16:00:00,2009.41,2017.24,2007.78,2013.83,7115.9381,1780095599999999,14320920.732269,61097,3882.9226,7812983.335711,0
58378-12-26 08:00:00,2013.83,2015.6,2007.0,2014.54,8683.7474,1780099199999999,17463553.302419,63612,2662.0135,5354219.223412,0
58379-02-06 00:00:00,2014.54,2016.18,2010.69,2014.74,3128.7283,1780102799999999,6302113.139864,50612,1552.7531,3127424.534702,0
58379-03-19 16:00:00,2014.75,2021.55,2013.67,2019.46,4722.8622,1780106399999999,9534374.109924,50558,2443.573,4933199.903017,0
58379-04-30 08:00:00,2019.46,2021.34,2017.12,2021.34,2258.5271,1780109999999999,4561957.888449,29877,1190.5344,2404707.332242,0
58379-06-11 00:00:00,2021.34,2023.55,2014.74,2016.83,4535.1738,1780113599999999,9156263.828513,39002,1883.8438,3803998.642996,0
58379-07-22 16:00:00,2016.83,2018.44,2002.0,2010.8,8354.4033,1780117199999999,16777188.446604,81498,3213.2814,6453396.995708,0
58379-09-02 08:00:00,2010.81,2019.5,2008.02,2015.95,5706.8454,1780120799999999,11496647.103057,50140,3508.9454,7068431.405031,0
58379-10-14 00:00:00,2015.95,2020.56,2012.86,2016.98,6091.6475,1780124399999999,12290739.560611,40706,4054.1758,8180602.98855,0
58379-11-24 16:00:00,2016.99,2017.88,2013.62,2016.32,2597.7502,1780127999999999,5235852.967705,24673,1383.3543,2788171.387472,0
58380-01-05 08:00:00,2016.32,2016.32,2013.92,2014.16,1417.5262,1780131599999999,2856159.68649,16629,550.5005,1109171.141121,0
58380-02-16 00:00:00,2014.16,2017.27,2013.92,2016.79,1604.4006,1780135199999999,3234008.693151,26268,969.1167,1953433.603668,0
58380-03-28 16:00:00,2016.79,2022.0,2016.34,2017.98,4377.4383,1780138799999999,8840628.768513,28309,2627.7091,5306728.792644,0
58380-05-09 08:00:00,2017.99,2019.05,2015.19,2017.4,1929.9463,1780142399999999,3892915.22373,19127,739.6304,1491967.448127,0
58380-06-20 00:00:00,2017.4,2020.35,2017.14,2019.86,2239.1744,1780145999999999,4519865.684306,21515,1503.691,3035401.707109,0
58380-07-31 16:00:00,2019.85,2022.77,2017.44,2020.73,3166.302,1780149599999999,6396355.370575,27641,1616.0968,3265222.167873,0
58380-09-11 08:00:00,2020.73,2030.62,2020.61,2026.6,10041.3583,1780153199999999,20353663.966409,92627,6795.1338,13773443.020966,0
58380-10-23 00:00:00,2026.59,2032.0,2024.2,2026.61,7299.1317,1780156799999999,14797419.778993,67473,3335.0242,6762265.812644,0
58380-12-03 16:00:00,2026.63,2028.33,2024.35,2027.09,3401.6208,1780160399999999,6892615.985966,40134,1903.3626,3856869.27194,0
58381-01-14 08:00:00,2027.09,2029.01,2019.5,2027.17,5801.7421,1780163999999999,11742584.591894,59408,3028.7315,6129842.152573,0
58381-02-25 00:00:00,2027.17,2030.01,2024.56,2027.59,3796.4846,1780167599999999,7697364.678381,37925,2316.375,4696801.191418,0
58381-04-07 16:00:00,2027.59,2029.12,2024.54,2028.76,2670.5739,1780171199999999,5413057.359082,28401,1537.7175,3116992.367535,0
58381-05-19 08:00:00,2028.77,2029.68,2025.7,2027.05,4267.5537,1780174799999999,8650857.895668,24669,1299.876,2635607.16575,0
58381-06-30 00:00:00,2027.05,2031.41,2027.05,2028.15,2733.3825,1780178399999999,5547924.394592,24831,1471.4825,2986524.605824,0
58381-08-10 16:00:00,2028.15,2028.15,2020.94,2023.57,3637.0175,1780181999999999,7361173.565256,51169,1594.3758,3226817.635677,0
58381-09-21 08:00:00,2023.56,2026.1,2020.35,2022.44,2197.9442,1780185599999999,4445392.172586,36179,1045.978,2115698.329811,0
58381-11-02 00:00:00,2022.44,2027.83,2020.83,2027.12,2548.323,1780189199999999,5158716.230202,39944,1175.1733,2379482.973411,0
58381-12-13 16:00:00,2027.11,2034.23,2026.85,2029.11,4396.4345,1780192799999999,8929165.073824,55417,2793.6791,5673781.21323,0
58382-01-24 08:00:00,2029.11,2038.0,2027.81,2034.36,7789.8701,1780196399999999,15830202.496944,75805,4603.1466,9354786.055699,0
58382-03-07 00:00:00,2034.35,2036.88,2032.12,2033.41,2971.7798,1780199999999999,6046636.148274,40690,1952.6735,3973362.420743,0
58382-04-17 16:00:00,2033.41,2034.99,2031.27,2033.91,1965.2643,1780203599999999,3995625.969988,30111,954.1228,1939839.496653,0
58382-05-29 08:00:00,2033.9,2033.9,2029.29,2030.18,2805.8879,1780207199999999,5698623.826066,28399,1693.0524,3438168.96689,0
58382-07-10 00:00:00,2030.18,2030.93,2028.52,2029.87,2581.656,1780210799999999,5240230.878428,24269,1270.3052,2578561.828867,0
58382-08-20 16:00:00,2029.87,2029.87,2022.78,2024.01,3809.267,1780214399999999,7715268.831479,41641,1702.8795,3449162.685038,0
58382-10-01 08:00:00,2024.02,2029.11,2022.85,2027.63,6125.52,1780217999999999,12411955.299461,40922,4268.2511,8649737.273117,0
58382-11-12 00:00:00,2027.64,2028.6,2018.35,2021.13,5318.3059,1780221599999999,10768562.435062,45428,2874.6454,5822657.730473,0
58382-12-23 16:00:00,2021.13,2021.65,2015.34,2021.05,6680.2347,1780225199999999,13486039.983417,58683,3608.9218,7286330.61614,0
58383-02-03 08:00:00,2021.05,2024.12,2021.04,2023.27,2875.0791,1780228799999999,5815315.933174,28198,1946.1468,3936368.525722,0
58383-03-17 00:00:00,2023.28,2025.16,2019.69,2022.35,3509.0887,1780232399999999,7097840.412853,33185,1983.7531,4013365.117325,0
58383-04-27 16:00:00,2022.35,2026.5,2019.78,2020.5,4097.6509,1780235999999999,8290054.272336,37657,2343.3568,4741617.491679,0
58383-06-08 08:00:00,2020.5,2021.69,2005.83,2008.06,14507.5503,1780239599999999,29180686.728761,144208,5605.4921,11274606.196264,0
58383-07-20 00:00:00,2008.06,2015.22,2007.57,2010.52,7019.6382,1780243199999999,14118881.817381,67595,3457.1622,6953368.404018,0
58383-08-30 16:00:00,2010.52,2012.42,1997.72,2002.09,14070.5546,1780246799999999,28185934.584605,117285,4227.2776,8469768.407657,0
58383-10-11 08:00:00,2002.09,2007.69,1996.21,2006.0,10508.2552,1780250399999999,21046512.374978,67674,3484.9772,6979227.540021,0
58383-11-22 00:00:00,2006.0,2006.07,1999.0,2000.68,7620.5911,1780253999999999,15258407.454047,45310,1523.2268,3050080.694454,0
58384-01-02 16:00:00,2000.69,2002.49,1993.75,1999.59,8445.0841,1780257599999999,16872877.824288,54074,2156.5747,4308040.266662,0
58384-02-13 08:00:00,1999.58,2008.25,1999.58,2007.09,7603.3129,1780261199999999,15232530.61175,47385,2597.1148,5202917.444646,0
58384-03-26 00:00:00,2007.09,2014.28,2005.0,2012.18,11255.7354,1780264799999999,22618461.737338,99847,4006.7895,8053762.4549,0
58384-05-06 16:00:00,2012.18,2014.42,2004.47,2012.43,10635.5912,1780268399999999,21385306.316853,101315,3542.7376,7123983.254826,0
58384-06-17 08:00:00,2012.43,2023.0,2000.11,2007.01,14594.8209,1780271999999999,29338008.654647,129277,6071.0434,12206227.895966,0
58384-07-29 00:00:00,2007.02,2021.5,1997.0,2015.44,31675.1039,1780275599999999,63701857.896683,176665,11839.4174,23832780.182709,0
58384-09-08 16:00:00,2015.44,2016.73,1994.12,1994.7,14652.2152,1780279199999999,29371882.605348,171993,5437.5553,10898060.45115,0
58384-10-20 08:00:00,1994.7,2017.89,1991.31,2011.47,14969.0754,1780282799999999,30032626.065557,157405,6491.8915,13022901.811535,0
58384-12-01 00:00:00,2011.47,2018.09,2008.66,2009.09,11862.726,1780286399999999,23892126.705072,117798,3737.4432,7528014.587781,0
58385-01-11 16:00:00,2009.09,2011.97,1993.91,1999.99,10434.6135,1780289999999999,20873192.535331,129675,4903.0156,9804759.226665,0
58385-02-22 08:00:00,1999.98,2001.27,1991.65,1994.55,8636.3448,1780293599999999,17232468.55414,92690,4875.1672,9725684.111603,0
58385-04-05 00:00:00,1994.56,1995.34,1980.14,1988.07,11716.6663,1780297199999999,23284542.099529,181228,5702.7821,11333212.379187,0
58385-05-16 16:00:00,1988.08,1990.62,1971.7,1976.43,12802.4757,1780300799999999,25366523.766395,128537,5787.0179,11468053.788103,0
58385-06-27 08:00:00,1976.42,1985.07,1969.9,1983.96,24059.8012,1780304399999999,47562916.428989,135504,13335.9577,26366859.927719,0
58385-08-08 00:00:00,1983.96,1990.11,1983.94,1987.53,9286.2761,1780307999999999,18455568.583275,100412,4784.2223,9508063.718729,0
58385-09-18 16:00:00,1987.53,1988.92,1980.99,1984.49,8569.6815,1780311599999999,17007651.414538,88597,4798.3273,9523662.212171,0
58385-10-30 08:00:00,1984.49,1986.89,1977.07,1981.44,7214.7212,1780315199999999,14301809.662485,88961,2933.1904,5816286.004766,0
58385-12-11 00:00:00,1981.44,1994.39,1967.51,1989.55,16838.7813,1780318799999999,33370757.479225,240973,8936.1085,17710750.13679,0
58386-01-21 16:00:00,1989.55,1990.29,1956.04,1971.22,35385.2037,1780322399999999,69799120.318615,404406,17299.4027,34117747.942756,0
58386-03-04 08:00:00,1971.22,1977.34,1964.64,1968.63,21808.0298,1780325999999999,42951686.502933,273305,11299.1171,22253283.497086,0
58386-04-15 00:00:00,1968.64,1980.24,1960.25,1968.45,16914.1595,1780329599999999,33317592.52281,219022,9260.1591,18242453.274586,0
58386-05-26 16:00:00,1968.45,1978.97,1958.79,1978.15,19836.6047,1780333199999999,39071447.85438,208643,11491.0464,22644146.560898,0
58386-07-07 08:00:00,1978.14,1996.73,1977.72,1990.62,21987.4555,1780336799999999,43706513.538771,202188,14411.6474,28642276.400314,0
58386-08-18 00:00:00,1990.62,1996.0,1983.45,1992.72,12174.7612,1780340399999999,24243994.452148,110550,7876.7701,15688379.315542,0
58386-09-28 16:00:00,1992.72,2008.83,1992.21,2004.53,15909.7164,1780343999999999,31813150.067702,125641,9764.7302,19517676.252066,0
58386-11-09 08:00:00,2004.53,2008.7,2001.14,2005.57,7714.6041,1780347599999999,15465755.935139,65654,4215.4785,8450931.011315,0
58386-12-21 00:00:00,2005.56,2009.2,1992.59,1994.57,16258.5449,1780351199999999,32507165.617391,131395,7068.645,14127889.077065,0
58387-01-31 16:00:00,1994.57,2006.0,1984.5,2004.43,12424.238,1780354799999999,24802754.807734,139125,7362.6293,14701985.544195,0
58387-03-14 08:00:00,2004.42,2008.38,1998.13,2006.73,11296.484,1780358399999999,22641375.852235,115855,6353.8995,12736579.621835,0
58387-04-25 00:00:00,2006.73,2006.78,1995.38,1996.44,6741.6588,1780361999999999,13493222.152956,112192,3004.2178,6012587.337565,0
58387-06-05 16:00:00,1996.43,1999.0,1979.49,1980.15,10093.1539,1780365599999999,20073657.409824,152366,5131.4639,10204532.762072,0
58387-07-17 08:00:00,1980.15,1997.08,1962.76,1997.07,19278.4549,1780369199999999,38191262.883742,242897,10055.3049,19925784.041392,0
58387-08-28 00:00:00,1997.08,2005.0,1995.14,2003.94,10578.9731,1780372799999999,21169164.31329,120227,5954.8703,11914883.078096,0
58387-10-08 16:00:00,2003.94,2006.44,1995.95,1996.85,9026.7399,1780376399999999,18066793.331667,88288,4017.8571,8040915.888664,0
58387-11-19 08:00:00,1996.86,2001.23,1985.0,1985.01,13413.3025,1780379999999999,26713603.235102,128803,5406.8697,10772168.680041,0
58387-12-31 00:00:00,1985.01,1988.88,1978.14,1982.38,12402.1203,1780383599999999,24603468.956277,131989,6432.697,12762466.192129,0
58388-02-10 16:00:00,1982.39,1990.0,1973.88,1981.88,12690.7893,1780387199999999,25166053.247912,137526,6691.854,13270764.441557,0
58388-03-23 08:00:00,1981.89,1989.0,1977.0,1979.21,8983.5578,1780390799999999,17809700.293191,143974,5137.1771,10186031.923991,0
58388-05-04 00:00:00,1979.22,1979.78,1966.69,1975.28,16271.7747,1780394399999999,32109515.714817,175171,7302.1232,14411137.840906,0
58388-06-14 16:00:00,1975.27,1983.88,1971.75,1983.49,16133.2095,1780397999999999,31885362.43427,109653,5646.7557,11166084.768268,0
58388-07-26 08:00:00,1983.49,1983.72,1975.8,1978.53,6228.9322,1780401599999999,12328415.353205,85975,3331.8184,6594038.562609,0
58388-09-06 00:00:00,1978.53,1982.75,1972.57,1976.27,14674.2634,1780405199999999,29002497.703582,130638,4019.0028,7947842.194546,0
58388-10-17 16:00:00,1976.28,1981.79,1970.5,1974.33,13782.8845,1780408799999999,27243796.145185,221990,6736.3933,13316343.8332,0
58388-11-28 08:00:00,1974.34,1975.22,1925.8,1941.36,56685.9633,1780412399999999,110263495.673981,549569,26256.2966,51069869.326012,0
58389-01-09 00:00:00,1941.35,1941.59,1890.0,1914.81,80076.174,1780415999999999,153376344.680063,603249,39073.5202,74867539.31728,0
58389-02-19 16:00:00,1914.81,1943.87,1909.57,1920.59,32465.645,1780419599999999,62571472.92282,360384,18952.5215,36525915.490058,0
58389-04-02 08:00:00,1920.59,1931.53,1919.59,1924.18,12294.3762,1780423199999999,23666419.079018,178183,6976.4443,13428952.3003,0
58389-05-14 00:00:00,1924.18,1928.0,1903.38,1913.11,13900.7456,1780426799999999,26616996.142754,201704,6624.8875,12685063.393438,0
58389-06-24 16:00:00,1913.11,1917.8,1881.01,1912.28,37361.6337,1780430399999999,70998110.407071,331201,16256.2377,30886859.167529,0
58389-08-05 08:00:00,1912.28,1919.01,1895.53,1906.74,18496.8629,1780433999999999,35277263.672171,251575,8730.5243,16653335.445044,0
58389-09-16 00:00:00,1906.75,1911.45,1897.23,1900.34,11944.1531,1780437599999999,22763143.095533,167354,5562.5508,10603331.329298,0
58389-10-27 16:00:00,1900.35,1909.59,1862.23,1868.77,53213.0551,1780441199999999,100313263.856268,532644,24616.5587,46427428.573036,0
58389-12-08 08:00:00,1868.78,1873.37,1839.02,1859.84,70147.1181,1780444799999999,130105127.417166,601759,30553.4499,56651375.537742,0
58390-01-19 00:00:00,1859.84,1874.11,1854.62,1867.35,26805.1575,1780448399999999,50044670.085159,254387,13077.6679,24417505.684166,0
58390-03-01 16:00:00,1867.35,1870.01,1850.0,1864.51,17229.5011,1780451999999999,32056523.330016,237259,7949.919,14795726.930797,0
58390-04-12 08:00:00,1864.52,1864.94,1851.2,1854.09,25684.409,1780455599999999,47710773.783711,176334,14433.0177,26811982.636045,0
58390-05-24 00:00:00,1854.09,1856.71,1816.92,1828.24,53071.3555,1780459199999999,97416656.246174,413622,23566.3933,43238413.511214,0
58390-07-04 16:00:00,1828.24,1852.0,1827.65,1850.84,24723.5033,1780462799999999,45563388.856404,249948,14667.4897,27036853.548346,0
58390-08-15 08:00:00,1850.84,1876.12,1849.99,1873.45,31617.555,1780466399999999,59025328.498174,280022,17452.4142,32580896.561767,0
58390-09-26 00:00:00,1873.44,1884.41,1870.28,1871.87,20166.3912,1780469999999999,37841963.185415,193203,11587.4099,21744829.598216,0
58390-11-06 16:00:00,1871.87,1880.38,1867.97,1878.39,13929.2016,1780473599999999,26138126.509932,123613,8782.7699,16479692.282773,0
58390-12-18 08:00:00,1878.39,1883.43,1873.32,1880.02,11595.7204,1780477199999999,21775390.150687,128576,5690.8623,10687483.697132,0
58391-01-29 00:00:00,1880.01,1886.58,1869.95,1876.28,18298.055,1780480799999999,34362307.871108,158234,9578.7877,17990891.204132,0
58391-03-11 16:00:00,1876.28,1893.07,1875.01,1884.79,13130.3099,1780484399999999,24756785.899068,160648,6970.5659,13142509.630944,0
58391-04-22 08:00:00,1884.79,1888.29,1876.12,1878.16,10219.9521,1780487999999999,19239932.352441,110554,4429.8295,8339206.060133,0
58391-06-03 00:00:00,1878.17,1880.0,1868.02,1876.4,14379.8792,1780491599999999,26943231.134698,176217,7619.0169,14274501.050019,0
58391-07-14 16:00:00,1876.41,1879.68,1861.35,1867.64,18775.4924,1780495199999999,35114905.445194,313511,8903.9516,16655257.106032,0
58391-08-25 08:00:00,1867.64,1868.72,1852.8,1858.51,15577.343,1780498799999999,28966401.832119,320947,7101.1364,13207770.367484,0
58391-10-06 00:00:00,1858.51,1859.75,1836.21,1837.21,29759.5409,1780502399999999,54931955.800767,322052,16266.7633,30029211.395313,0
58391-11-16 16:00:00,1837.22,1844.08,1811.15,1832.68,38869.8731,1780505999999999,71026966.958302,459280,18233.7679,33339421.016631,0
58391-12-28 08:00:00,1832.68,1839.53,1818.14,1828.11,15349.4372,1780509599999999,28059194.998961,257669,7509.9744,13726619.434429,0
58392-02-08 00:00:00,1828.12,1834.41,1821.65,1832.25,10214.0169,1780513199999999,18673406.401876,179970,5388.5985,9852203.320304,0
58392-03-20 16:00:00,1832.25,1833.64,1795.23,1803.41,39961.4127,1780516799999999,72369613.514553,295109,14687.242,26619662.204949,0
58392-05-01 08:00:00,1803.41,1813.11,1769.62,1781.44,48128.0654,1780520399999999,86297929.240893,444149,20409.9086,36593676.89599,0
58392-06-12 00:00:00,1781.44,1850.29,1777.67,1850.1,40851.5527,1780523999999999,74380857.782901,479810,23803.7653,43343744.717697,0
58392-07-23 16:00:00,1850.1,1852.2,1822.77,1829.0,26081.906,1780527599999999,47891596.872452,429933,12975.5906,23827469.567581,0
58392-09-03 08:00:00,1829.01,1830.93,1812.84,1813.05,20340.8507,1780531199999999,37023693.147668,331209,10323.4152,18789227.684501,0
58392-10-15 00:00:00,1813.05,1820.5,1782.6,1793.85,36694.1484,1780534799999999,65979951.990605,555427,18196.0801,32729968.211783,0
58392-11-25 16:00:00,1793.86,1801.06,1755.0,1759.77,45394.2914,1780538399999999,80513854.445968,735560,19591.035,34766198.876014,0
58393-01-06 08:00:00,1759.76,1778.93,1717.28,1766.82,84214.1213,1780541999999999,147294895.081238,610853,37268.824,65231324.619512,0
58393-02-17 00:00:00,1766.83,1812.52,1766.6,1809.24,33743.4977,1780545599999999,60672807.211284,285504,20260.74,36426543.595234,0
58393-03-30 16:00:00,1809.24,1818.0,1802.69,1805.49,16956.1564,1780549199999999,30684875.088811,193827,8820.3315,15965964.720623,0
58393-05-11 08:00:00,1805.49,1805.49,1780.59,1784.06,27581.1214,1780552799999999,49374488.038565,266999,12691.3115,22716983.107582,0
58393-06-22 00:00:00,1784.05,1802.06,1782.07,1789.95,18731.1395,1780556399999999,33589193.890849,221794,9524.876,17081266.424221,0
58393-08-02 16:00:00,1789.96,1790.72,1773.52,1777.45,19717.1342,1780559999999999,35108979.084915,216483,9933.998,17692357.483428,0
58393-09-13 08:00:00,1777.44,1783.27,1763.98,1773.63,21922.8741,1780563599999999,38846500.791202,318276,10155.7165,17998394.513321,0
58393-10-25 00:00:00,1773.63,1774.14,1744.53,1766.52,40911.8062,1780567199999999,71847728.469085,479894,19288.6644,33878894.706026,0
58393-12-05 16:00:00,1766.58,1767.22,1730.13,1736.86,43989.1315,1780570799999999,76808324.697561,464920,18323.1369,32001462.941935,0
58394-01-16 08:00:00,1736.86,1754.67,1732.53,1751.51,34563.049,1780574399999999,60267428.671728,353980,14047.0557,24494843.850058,0
58394-02-27 00:00:00,1751.51,1782.91,1744.29,1778.16,36619.2336,1780577999999999,64664393.095398,487504,20880.5168,36887034.139456,0
58394-04-09 16:00:00,1778.17,1790.0,1755.65,1785.52,32434.3916,1780581599999999,57580999.86324,542330,16012.0555,28438545.403451,0
58394-05-21 08:00:00,1785.53,1794.43,1766.33,1774.38,24657.8169,1780585199999999,43912692.428565,360847,11770.6606,20957283.910069,0
58394-07-02 00:00:00,1774.37,1791.29,1770.64,1777.02,17792.9546,1780588799999999,31662229.732094,294810,9571.5257,17036116.803869,0
58394-08-12 16:00:00,1777.03,1781.25,1766.13,1772.2,13479.112,1780592399999999,23907017.023224,244093,6771.9434,12011751.401998,0
58394-09-23 08:00:00,1772.2,1776.03,1754.0,1768.05,18286.1872,1780595999999999,32269141.171292,251607,9329.2826,16463808.973144,0
58394-11-04 00:00:00,1768.06,1783.64,1760.01,1776.28,16596.9334,1780599599999999,29425959.138128,233164,9943.9806,17633234.570272,0
58394-12-15 16:00:00,1776.27,1787.11,1771.0,1776.94,12182.3413,1780603199999999,21674152.083944,185784,6574.9389,11699191.48923,0
58395-01-26 08:00:00,1776.93,1777.52,1764.66,1774.88,8739.7779,1780606799999999,15480076.044276,156387,4183.6893,7410105.386714,0
58395-03-09 00:00:00,1774.87,1783.02,1757.11,1761.2,14740.525,1780610399999999,26095894.015269,194139,6633.8547,11751149.984078,0
58395-04-19 16:00:00,1761.2,1770.26,1752.46,1768.73,17189.2927,1780613999999999,30255298.909523,369493,7611.713,13402044.040712,0
58395-05-31 08:00:00,1768.74,1777.02,1757.35,1770.77,11169.0678,1780617599999999,19744812.374459,199076,5734.7098,10137688.647782,0
58395-07-12 00:00:00,1770.76,1774.99,1758.51,1759.42,11334.258,1780621199999999,20030689.269422,244137,5420.543,9581164.613514,0
58395-08-22 16:00:00,1759.43,1764.07,1746.52,1753.33,18021.4605,1780624799999999,31611868.533643,318807,8079.7032,14175092.623997,0
58395-10-03 08:00:00,1753.34,1754.9,1727.65,1730.24,35131.516,1780628399999999,61163079.985604,417591,17431.7607,30356383.172757,0
58395-11-14 00:00:00,1730.24,1739.5,1722.36,1729.71,23683.9627,1780631999999999,40989623.066638,360269,10071.9017,17433240.763781,0
58395-12-25 16:00:00,1729.72,1746.05,1718.25,1744.64,29566.1043,1780635599999999,51093271.993674,375173,12686.1748,21944407.705352,0
58396-02-05 08:00:00,1744.64,1747.8,1681.29,1684.16,80235.8593,1780639199999999,136850023.113112,606785,35439.2723,60397725.670505,0
58396-03-18 00:00:00,1684.16,1689.5,1625.78,1656.52,128261.0302,1780642799999999,212738887.096343,1152148,62480.3,103599270.555672,0
58396-04-28 16:00:00,1656.52,1680.0,1633.45,1679.21,75612.2337,1780646399999999,125499114.681752,775869,41135.2375,68307503.24221,0
58396-06-09 08:00:00,1679.22,1679.64,1659.43,1663.87,38257.5135,1780649999999999,63857793.784594,415370,17609.4463,29394274.994408,0
58396-07-21 00:00:00,1663.88,1690.07,1662.85,1682.72,32616.2779,1780653599999999,54773266.666679,381341,18338.7443,30794285.230054,0
58396-08-31 16:00:00,1682.73,1685.03,1672.05,1676.87,22741.5096,1780657199999999,38126887.292935,259659,9459.2093,15860939.062163,0
58396-10-12 08:00:00,1676.86,1681.8,1663.0,1663.44,25803.3693,1780660799999999,43154086.451066,299044,11645.389,19471553.235195,0
58396-11-23 00:00:00,1663.43,1671.47,1646.1,1657.28,40610.0397,1780664399999999,67352843.402144,559773,18382.2297,30491584.11168,0
58397-01-03 16:00:00,1657.28,1677.7,1612.35,1615.04,67988.5831,1780667999999999,112109758.528602,694209,29318.4271,48346730.7809,0
58397-02-14 08:00:00,1615.05,1624.56,1590.8,1600.96,118217.6046,1780671599999999,190088324.588116,1054857,52064.7615,83767964.004473,0
58397-03-28 00:00:00,1600.96,1604.6,1572.22,1583.29,77516.7936,1780675199999999,123104303.162587,791194,34483.3358,54774533.112737,0
58397-05-08 16:00:00,1583.29,1612.44,1547.01,1608.49,100794.1726,1780678799999999,159475208.380874,921262,49907.3914,79078353.292508,0
58397-06-19 08:00:00,1608.48,1612.89,1588.0,1594.28,35170.7111,1780682399999999,56168291.792742,458926,18289.8813,29215251.228644,0
58397-07-31 00:00:00,1594.28,1598.66,1544.68,1553.26,65573.2969,1780685999999999,102741740.459453,614473,33023.4806,51758984.936726,0
58397-09-10 16:00:00,1553.26,1580.3,1540.19,1574.06,65869.8984,1780689599999999,102548992.97846,708625,33583.6963,52291638.11708,0
58397-10-22 08:00:00,1574.07,1608.5,1557.36,1603.38,56901.9952,1780693199999999,90539868.711332,518130,30765.1727,48956003.934139,0
58397-12-03 00:00:00,1603.38,1619.3,1602.45,1609.8,40414.3008,1780696799999999,65123071.773968,323506,21167.7255,34112913.564619,0
58398-01-13 16:00:00,1609.81,1610.25,1589.68,1597.14,33048.5983,1780700399999999,52796887.305784,448946,17078.4465,27283196.605465,0
58398-02-24 08:00:00,1597.14,1603.89,1561.07,1583.4,33642.0715,1780703999999999,53182012.157258,317685,17546.2238,27727630.943996,0
58398-04-07 00:00:00,1583.4,1601.22,1582.71,1593.03,17320.7333,1780707599999999,27622417.999363,234913,7899.9464,12601660.731797,0
58398-05-18 16:00:00,1593.04,1596.77,1578.15,1583.16,12688.5562,1780711199999999,20130038.860571,194160,5773.9301,9158345.187668,0
58398-06-29 08:00:00,1583.16,1585.84,1566.66,1576.2,19596.9168,1780714799999999,30897600.511078,258952,9025.2399,14229787.93195,0
58398-08-10 00:00:00,1576.2,1576.73,1555.28,1563.34,18998.1908,1780718399999999,29742756.014085,282687,8338.3836,13052887.695521,0
58398-09-20 16:00:00,1563.34,1569.57,1510.43,1522.56,53383.6205,1780721999999999,81898823.734047,619434,23233.0452,35626763.018691,0
58398-11-01 08:00:00,1522.57,1569.17,1505.68,1566.71,60261.821,1780725599999999,92890793.6045,581437,27928.2426,43047897.359437,0
58398-12-13 00:00:00,1566.72,1581.62,1556.01,1560.16,38270.1854,1780729199999999,60066188.34744,364634,16864.6027,26482933.94929,0
58399-01-23 16:00:00,1560.1,1580.22,1556.07,1575.14,30120.1676,1780732799999999,47302376.103394,267263,16011.0706,25146941.994639,0
58399-03-06 08:00:00,1575.14,1593.04,1570.01,1582.57,17466.5349,1780736399999999,27652829.732973,254083,9538.3581,15102364.987637,0
58399-04-17 00:00:00,1582.56,1588.53,1565.97,1570.69,18081.3602,1780739999999999,28533590.393403,247099,8557.5598,13512449.2137,0
58399-05-28 16:00:00,1570.7,1570.7,1535.68,1548.27,39259.3562,1780743599999999,60854060.089293,432854,18421.3527,28550898.26828,0
58399-07-09 08:00:00,1548.26,1567.4,1547.24,1558.89,21927.4788,1780747199999999,34192365.54174,273371,12479.9513,19456484.108707,0
58399-08-20 00:00:00,1558.9,1575.82,1551.56,1571.32,25985.715,1780750799999999,40626176.021603,250387,14456.7997,22600800.814359,0
58399-09-30 16:00:00,1571.32,1573.36,1553.92,1557.03,32529.2189,1780754399999999,50763104.657959,252696,14819.9264,23127032.672315,0
58399-11-11 08:00:00,1557.04,1566.96,1556.09,1557.7,26981.8239,1780757999999999,42148565.181564,254673,11007.6683,17194070.0796,0
58399-12-23 00:00:00,1557.71,1565.84,1544.87,1560.45,22450.9311,1780761599999999,34919514.282024,286378,11101.3019,17271047.884694,0
58400-02-02 16:00:00,1560.45,1566.0,1553.36,1563.57,15251.3466,1780765199999999,23789634.938629,209040,9003.3131,14046168.685031,0
58400-03-15 08:00:00,1563.58,1566.51,1547.05,1553.54,20604.7277,1780768799999999,32079876.014089,192723,9553.5084,14874230.892292,0
58400-04-26 00:00:00,1553.53,1566.25,1550.01,1556.58,16596.3515,1780772399999999,25825328.904216,169257,7659.6886,11921285.048675,0
58400-06-06 16:00:00,1556.59,1563.51,1553.52,1554.56,8402.4889,1780775999999999,13085197.188923,126395,4775.2148,7437140.234917,0
58400-07-18 08:00:00,1554.55,1559.99,1550.85,1557.61,11168.9504,1780779599999999,17359342.954283,128172,4272.3182,6641228.35552,0
58400-08-29 00:00:00,1557.62,1565.21,1557.62,1558.2,8365.8031,1780783199999999,13060877.069476,90292,4485.5233,7002768.78915,0
58400-10-09 16:00:00,1558.2,1561.93,1551.57,1558.33,10059.2797,1780786799999999,15658930.733283,167113,5264.6947,8194621.568733,0
58400-11-20 08:00:00,1558.33,1570.06,1556.86,1569.69,12686.8087,1780790399999999,19846022.222316,116940,7129.1854,11152045.080839,0
58401-01-01 00:00:00,1569.68,1572.42,1564.1,1565.03,8353.9229,1780793999999999,13102017.009726,108512,4353.8424,6827890.71539,0
58401-02-11 16:00:00,1565.03,1596.54,1564.16,1590.12,23011.9246,1780797599999999,36522395.571254,296114,12843.2126,20377028.690156,0
58401-03-25 08:00:00,1590.12,1594.92,1582.39,1592.67,12782.3655,1780801199999999,20313991.861637,166729,6714.2874,10670324.88378,0
58401-05-06 00:00:00,1592.67,1600.51,1589.72,1595.01,12634.904,1780804799999999,20141770.192995,150919,6902.3613,11003067.318914,0
58401-06-16 16:00:00,1595.0,1599.1,1585.0,1597.0,12510.2247,1780808399999999,19922463.127138,140890,6575.4496,10471759.634402,0
58401-07-28 08:00:00,1597.0,1609.96,1593.25,1604.02,18551.5494,1780811999999999,29746350.304915,201255,10075.2283,16153449.246735,0
58401-09-08 00:00:00,1604.02,1623.52,1598.54,1612.01,35177.9262,1780815599999999,56752589.853105,245640,17300.0335,27904777.895963,0
58401-10-19 16:00:00,1612.01,1616.46,1606.99,1615.18,22232.506,1780819199999999,35820822.491571,120925,13302.2967,21429890.344081,0
58401-11-30 08:00:00,1615.18,1642.27,1608.39,1641.35,27061.4096,1780822799999999,44024455.686367,226731,16186.9577,26334635.500366,0
58402-01-11 00:00:00,1641.35,1648.7,1627.9,1633.52,23602.6875,1780826399999999,38676502.460433,216735,11323.4313,18562766.696808,0
58402-02-21 16:00:00,1633.53,1635.73,1624.78,1625.7,16264.2458,1780829999999999,26495261.269062,169459,5483.3184,8933843.968542,0
58402-04-04 08:00:00,1625.7,1633.99,1622.22,1630.12,12876.9496,1780833599999999,20963723.513889,158312,5751.0375,9364627.481778,0
58402-05-16 00:00:00,1630.12,1631.24,1607.0,1620.17,25613.3659,1780837199999999,41365789.939324,369595,11741.9877,18960897.225359,0
58402-06-26 16:00:00,1620.17,1623.0,1613.36,1617.46,10211.5277,1780840799999999,16522006.517609,164649,4445.7805,7192901.262519,0
58402-08-07 08:00:00,1617.46,1640.0,1616.91,1628.13,23273.768,1780844399999999,37878380.033081,272473,9691.2526,15778749.06961,0
58402-09-18 00:00:00,1628.12,1636.12,1620.85,1630.07,13937.1281,1780847999999999,22709538.729016,201194,6595.561,10747053.738612,0
58402-10-29 16:00:00,1630.07,1633.52,1623.37,1628.52,13451.8718,1780851599999999,21914869.353839,182102,5933.9564,9667030.630718,0
58402-12-10 08:00:00,1628.52,1638.0,1627.65,1631.35,16797.3291,1780855199999999,27455665.182276,171801,8495.8312,13886917.912947,0
58403-01-21 00:00:00,1631.34,1636.74,1629.0,1630.36,6104.7666,1780858799999999,9968503.92908,104359,2852.6455,4657888.050398,0
58403-03-03 16:00:00,1630.37,1630.56,1604.0,1613.11,23850.4789,1780862399999999,38474260.163961,280504,10332.147,16663192.802411,0
58403-04-14 08:00:00,1613.1,1631.65,1609.43,1628.14,10940.1669,1780865999999999,17764561.905127,169070,5430.7491,8820099.873052,0
58403-05-26 00:00:00,1628.14,1634.57,1623.72,1634.53,7293.2485,1780869599999999,11880051.610751,109044,4074.7568,6637837.918638,0
58403-07-06 16:00:00,1634.53,1721.93,1629.05,1672.56,60333.9938,1780873199999999,101271636.814233,587030,30604.24,51348564.719838,0
58403-08-17 08:00:00,1672.55,1691.93,1670.76,1690.51,21412.3298,1780876799999999,35988594.363634,281633,11923.4895,20044083.203378,0
58403-09-28 00:00:00,1690.5,1711.58,1683.24,1697.59,28454.8885,1780880399999999,48299887.244198,357233,13715.5644,23286577.892509,0
58403-11-08 16:00:00,1697.6,1700.2,1670.94,1687.34,23391.1458,1780883999999999,39387883.07759,373648,10561.1338,17780594.785674,0
58403-12-20 08:00:00,1687.34,1689.5,1678.07,1683.9,12316.9254,1780887599999999,20735577.153671,199903,5791.5332,9750068.360484,0
58404-01-31 00:00:00,1683.91,1692.62,1677.0,1680.01,10307.0788,1780891199999999,17348018.375649,151880,4532.243,7630833.075783,0
58404-03-12 16:00:00,1680.02,1681.0,1655.95,1657.05,19001.8609,1780894799999999,31631307.442823,211434,7712.1488,12835087.270277,0
58404-04-23 08:00:00,1657.05,1659.87,1645.0,1653.68,17369.8858,1780898399999999,28702058.461569,229612,7064.2113,11671392.010858,0
58404-06-04 00:00:00,1653.68,1669.99,1652.78,1666.53,13339.657,1780901999999999,22200017.245123,192802,7211.5475,11997233.547407,0
58404-07-15 16:00:00,1666.54,1683.49,1661.63,1673.47,23970.6156,1780905599999999,40114164.540932,183438,13342.4184,22335754.319489,0
58404-08-26 08:00:00,1673.46,1673.46,1658.76,1661.17,18124.4271,1780909199999999,30192190.83703,179746,7791.5947,12979121.122939,0
58404-10-07 00:00:00,1661.17,1672.0,1657.21,1671.1,18578.4603,1780912799999999,30923475.233796,203092,7920.4666,13188288.507361,0
58404-11-17 16:00:00,1671.09,1676.95,1663.32,1672.36,11779.2015,1780916399999999,19671748.748478,147949,5513.3225,9208034.917091,0
58404-12-29 08:00:00,1672.37,1696.77,1667.81,1683.76,25263.313,1780919999999999,42561873.663203,286692,13668.0552,23034230.785779,0
58405-02-09 00:00:00,1683.77,1698.9,1667.46,1695.61,30493.8863,1780923599999999,51268780.819064,349324,17145.4416,28828231.034441,0
58405-03-22 16:00:00,1695.6,1696.82,1678.44,1681.59,36905.2183,1780927199999999,62263262.830339,449031,24252.4168,40917452.707154,0
58405-05-03 08:00:00,1681.59,1694.46,1676.55,1691.25,35379.9467,1780930799999999,59673920.561956,372277,21600.5208,36442047.663945,0
58405-06-14 00:00:00,1691.24,1706.22,1688.69,1691.59,26426.2471,1780934399999999,44838514.267738,372528,13825.3584,23461180.568234,0
58405-07-25 16:00:00,1691.59,1703.88,1682.69,1682.7,21935.6251,1780937999999999,37164592.389839,254708,9854.7749,16694967.242497,0
58405-09-05 08:00:00,1682.7,1687.86,1675.8,1686.8,18300.3767,1780941599999999,30776085.2875,217073,9676.6346,16273273.236189,0
58405-10-17 00:00:00,1686.81,1692.54,1678.69,1684.71,12223.9236,1780945199999999,20608802.009802,153761,5911.4661,9967307.73761,0
58405-11-27 16:00:00,1684.71,1691.76,1681.14,1684.78,20181.1462,1780948799999999,34043625.68231,182949,9616.2441,16222262.443518,0
58406-01-08 08:00:00,1684.78,1689.71,1679.25,1689.71,10762.7791,1780952399999999,18133333.589769,133224,5639.3461,9501470.233157,0
58406-02-19 00:00:00,1689.71,1714.5,1689.71,1703.52,19220.6599,1780955999999999,32802769.716509,183614,10999.5045,18761142.480702,0
58406-04-01 16:00:00,1703.51,1704.19,1688.36,1703.22,10883.8658,1780959599999999,18458062.503135,176044,5102.0141,8652466.901808,0
58406-05-13 08:00:00,1703.21,1714.45,1686.72,1690.49,15416.1776,1780963199999999,26159951.105951,197659,7173.2658,12172176.485241,0
58406-06-24 00:00:00,1690.48,1696.88,1660.0,1663.26,28703.4582,1780966799999999,48083676.50506,360670,11017.8531,18457075.437313,0
58406-08-04 16:00:00,1663.26,1674.27,1658.8,1669.02,11633.8082,1780970399999999,19396209.638632,211920,5557.3328,9265570.076373,0
58406-09-15 08:00:00,1669.01,1672.19,1654.63,1667.89,16612.0973,1780973999999999,27631246.008738,178137,4615.7675,7678097.887453,0
58406-10-27 00:00:00,1667.88,1671.68,1663.83,1669.44,8667.1447,1780977599999999,14452673.988581,130771,3591.9502,5990110.85729,0
58406-12-07 16:00:00,1669.44,1696.41,1664.33,1686.35,17666.9291,1780981199999999,29688355.283023,181563,9902.6009,16652221.595695,0
58407-01-18 08:00:00,1686.36,1695.23,1681.53,1688.25,10451.0191,1780984799999999,17654324.684232,151152,5906.1733,9977772.270013,0
58407-03-01 00:00:00,1688.25,1695.49,1684.06,1685.98,12296.1588,1780988399999999,20775600.871251,132661,6158.1275,10404154.372286,0
58407-04-11 16:00:00,1685.99,1691.59,1675.2,1679.86,15280.924,1780991999999999,25690383.091189,124697,5257.9689,8843315.995749,0
58407-05-23 08:00:00,1679.86,1680.64,1668.16,1675.28,13033.6705,1780995599999999,21827008.102686,122595,5607.7618,9391683.459005,0
58407-07-04 00:00:00,1675.28,1680.16,1665.0,1670.61,9977.7465,1780999199999999,16684006.80507,103098,4562.9566,7631275.185803,0
58407-08-14 16:00:00,1670.6,1676.41,1667.11,1674.72,8285.7183,1781002799999999,13851766.634405,95885,4387.1567,7334798.27134,0
58407-09-25 08:00:00,1674.72,1675.46,1666.12,1671.96,7742.4269,1781006399999999,12936135.286707,99813,3146.887,5257486.887434,0
58407-11-06 00:00:00,1671.96,1683.32,1671.04,1676.9,15615.6314,1781009999999999,26186116.708541,124136,7608.6524,12759022.849999,0
58407-12-17 16:00:00,1676.9,1680.63,1664.05,1666.71,22526.1705,1781013599999999,37665706.882247,219312,9116.8888,15244616.445703,0
58408-01-28 08:00:00,1666.71,1670.84,1633.84,1645.9,43940.3185,1781017199999999,72410069.59011,493922,20018.2374,32982549.298951,0
58408-03-10 00:00:00,1645.9,1653.89,1634.45,1636.4,27668.7811,1781020799999999,45470655.932137,318207,12610.9144,20729164.366515,0
58408-04-20 16:00:00,1636.4,1639.35,1614.02,1632.27,36381.0701,1781024399999999,59226013.031247,449383,17346.0846,28234055.734386,0
58408-06-01 08:00:00,1632.28,1649.76,1632.18,1643.04,19699.237,1781027999999999,32363601.721029,256472,10032.4503,16480378.496312,0
58408-07-13 00:00:00,1643.03,1655.49,1639.87,1652.28,11940.1195,1781031599999999,19686316.964383,166296,6097.1327,10053360.207728,0
58408-08-23 16:00:00,1652.27,1658.64,1647.82,1657.33,13801.8096,1781035199999999,22814218.28081,171496,6588.6205,10891411.015088,0
58408-10-04 08:00:00,1657.33,1663.77,1655.34,1660.59,7896.3684,1781038799999999,13099951.278232,101360,4700.3943,7797800.925929,0
58408-11-15 00:00:00,1660.59,1661.69,1647.29,1650.33,6653.733,1781042399999999,11003412.690463,72812,2897.7785,4791580.197384,0
58408-12-26 16:00:00,1650.32,1655.0,1639.52,1640.0,6633.8767,1781045999999999,10925187.84625,106539,2951.3695,4862544.312666,0
58409-02-06 08:00:00,1640.01,1642.87,1630.36,1639.52,11039.0175,1781049599999999,18077834.596178,128619,4780.4852,7829346.390503,0
58409-03-20 00:00:00,1639.52,1646.83,1629.52,1645.74,8118.2128,1781053199999999,13307262.006794,141468,4096.4344,6717248.135667,0
58409-04-30 16:00:00,1645.75,1646.91,1633.55,1638.98,7176.757,1781056799999999,11779395.864235,159653,3598.53,5907999.298549,0
58409-06-11 08:00:00,1638.99,1642.5,1621.77,1624.22,8216.5385,1781060399999999,13382165.888361,156299,3500.5261,5700912.645986,0
58409-07-23 00:00:00,1624.21,1636.53,1623.52,1630.82,4424.3258,1781063999999999,7213115.143712,97892,2442.3918,3982062.983913,0
58409-09-02 16:00:00,1630.82,1632.92,1622.45,1625.98,4591.328,1781067599999999,7470362.716745,100926,2149.5322,3497591.093877,0
58409-10-14 08:00:00,1625.99,1630.0,1616.33,1627.99,8002.8075,1781071199999999,12991399.34591,124377,2941.0559,4776609.709129,0
58409-11-25 00:00:00,1628.0,1634.41,1622.76,1632.08,8041.7926,1781074799999999,13100681.409573,99560,4805.9933,7829889.49368,0
58410-01-05 16:00:00,1632.08,1643.58,1630.73,1640.09,8126.5566,1781078399999999,13310219.231286,106670,4123.7973,6755849.472239,0
58410-02-16 08:00:00,1640.1,1640.89,1618.18,1621.34,14750.5467,1781081999999999,24001825.500896,154487,6489.4957,10548868.40687,0
58410-03-30 00:00:00,1621.35,1626.44,1606.01,1623.67,12606.9916,1781085599999999,20390133.428253,201200,6419.2064,10386364.859244,0
58410-05-10 16:00:00,1623.67,1629.99,1618.1,1628.23,5500.8261,1781089199999999,8933958.237869,118263,2754.7014,4475099.549569,0
58410-06-21 08:00:00,1628.23,1630.22,1612.0,1620.05,17819.1598,1781092799999999,28853503.012009,248595,8510.4356,13778411.650266,0
58410-08-02 00:00:00,1620.06,1645.46,1615.91,1635.4,20732.8935,1781096399999999,33847661.00182,281728,11800.6691,19260400.940482,0
58410-09-12 16:00:00,1635.4,1667.96,1632.0,1651.81,21809.4649,1781099999999999,36017602.797614,362518,12178.555,20117311.932752,0
58410-10-24 08:00:00,1651.82,1655.64,1637.27,1646.72,15637.5251,1781103599999999,25750229.758436,309348,8103.2825,13350446.445077,0
58410-12-05 00:00:00,1646.72,1665.05,1635.85,1657.97,20813.253,1781107199999999,34323342.116046,373857,10569.263,17438498.591821,0
58411-01-15 16:00:00,1657.98,1658.73,1632.5,1641.99,17206.2115,1781110799999999,28334650.935078,300999,8752.0646,14411451.736915,0
58411-02-26 08:00:00,1641.99,1647.59,1622.51,1632.32,19894.0712,1781114399999999,32478553.738727,290152,9353.4968,15269453.568189,0
58411-04-09 00:00:00,1632.32,1636.88,1622.52,1631.13,10584.2028,1781117999999999,17251568.617973,196575,5514.8381,8989311.559435,0
58411-05-20 16:00:00,1631.13,1633.69,1623.13,1630.15,7568.5195,1781121599999999,12330054.519183,164796,3611.4489,5884875.752525,0
58411-07-01 08:00:00,1630.15,1636.21,1623.15,1630.65,8748.524,1781125199999999,14256055.015101,147752,4441.19,7237337.151518,0
58411-08-12 00:00:00,1630.64,1630.64,1603.44,1611.44,15299.0185,1781128799999999,24743220.528126,194811,6068.8977,9812449.711469,0
58411-09-22 16:00:00,1611.45,1622.38,1604.62,1616.52,13595.3575,1781132399999999,21934396.903823,210315,6489.349,10472267.17758,0
58411-11-03 08:00:00,1616.52,1625.09,1609.39,1621.59,11526.3974,1781135999999999,18640840.810888,137789,5765.7039,9326340.133682,0
58411-12-15 00:00:00,1621.6,1634.72,1621.6,1628.64,7724.4295,1781139599999999,12584055.39871,136750,4588.9735,7475029.373482,0
58412-01-25 16:00:00,1628.63,1647.88,1628.57,1642.83,7074.6638,1781143199999999,11608790.084478,131091,3999.4427,6560917.448253,0
58412-03-07 08:00:00,1642.83,1645.5,1630.9,1641.07,5910.6333,1781146799999999,9684674.072713,107000,3182.079,5214286.112196,0
58412-04-18 00:00:00,1641.06,1661.3,1636.09,1653.95,15578.307,1781150399999999,25690581.994987,147586,8907.5392,14688441.647016,0
58412-05-29 16:00:00,1653.94,1659.72,1650.0,1656.89,6886.6593,1781153999999999,11391383.819356,98880,3276.3379,5419497.383114,0
58412-07-10 08:00:00,1656.89,1656.9,1647.63,1647.95,7974.1931,1781157599999999,13165173.786664,85948,4029.2465,6652071.567051,0
58412-08-21 00:00:00,1647.96,1663.14,1646.2,1654.82,16221.9728,1781161199999999,26893659.904684,120566,8222.0835,13629467.471917,0
58412-10-01 16:00:00,1654.81,1658.3,1651.7,1654.41,5480.1414,1781164799999999,9066488.356692,67218,2594.0633,4291695.747515,0
58412-11-12 08:00:00,1654.4,1664.14,1654.33,1659.96,7619.2871,1781168399999999,12647529.012906,72598,3709.8079,6158688.014671,0
58412-12-24 00:00:00,1659.97,1662.0,1656.47,1658.98,4916.5793,1781171999999999,8155703.234275,67244,2368.2458,3928791.594394,0
58413-02-03 16:00:00,1658.97,1661.58,1654.28,1658.85,6620.7696,1781175599999999,10978841.037928,77181,3308.5583,5487589.855551,0
58413-03-17 08:00:00,1658.85,1673.5,1656.43,1666.84,11246.0665,1781179199999999,18723565.535711,123872,6851.7532,11404593.345945,0
58413-04-28 00:00:00,1666.84,1666.88,1642.12,1651.84,20236.8797,1781182799999999,33445585.745634,234583,10153.1343,16777094.314413,0
58413-06-08 16:00:00,1651.85,1659.52,1644.45,1653.24,11181.1521,1781186399999999,18472959.105689,200624,5198.0045,8588539.444627,0
58413-07-20 08:00:00,1653.24,1655.4,1638.95,1643.04,13211.5386,1781189999999999,21773052.59758,246256,6789.4972,11191531.933438,0
58413-08-31 00:00:00,1643.04,1650.83,1636.19,1645.55,11179.5317,1781193599999999,18377979.012963,196201,5728.0156,9417897.529571,0
58413-10-11 16:00:00,1645.56,1649.5,1638.35,1639.75,7669.8854,1781197199999999,12607598.848866,135595,3833.7582,6301727.746443,0
58413-11-22 08:00:00,1639.74,1693.59,1632.71,1688.66,45791.8573,1781200799999999,76387578.757252,404313,24177.9659,40321737.282959,0
58414-01-03 00:00:00,1688.65,1691.85,1676.98,1683.98,17473.6364,1781204399999999,29424371.76627,225060,9355.5069,15757256.32001,0
58414-02-13 16:00:00,1683.97,1693.55,1675.98,1681.26,14280.2674,1781207999999999,24051360.81636,181500,7195.0863,12118001.291549,0
58414-03-27 08:00:00,1681.26,1683.01,1667.18,1672.37,11476.2253,1781211599999999,19204885.329483,86452,5467.5554,9151200.471623,0
58414-05-08 00:00:00,1672.37,1683.29,1672.14,1677.0,8304.8025,1781215199999999,13944507.856842,81005,5119.68,8596702.235898,0
58414-06-18 16:00:00,1676.99,1683.21,1675.43,1676.17,7951.566,1781218799999999,13350912.478756,100369,5224.5034,8772115.687975,0
58414-07-30 08:00:00,1676.16,1679.25,1670.19,1673.46,6496.6753,1781222399999999,10874575.73495,82371,3474.9904,5816814.95225,0
58414-09-10 00:00:00,1673.46,1677.74,1669.86,1672.74,4281.8456,1781225999999999,7167471.726442,88913,2364.0784,3957694.602147,0
58414-10-21 16:00:00,1672.74,1672.74,1660.93,1667.09,7875.9261,1781229599999999,13124836.256512,113254,3636.7182,6061678.648292,0
58414-12-02 08:00:00,1667.08,1678.42,1666.87,1675.59,4970.8546,1781233199999999,8322334.877541,76396,2912.4196,4875420.45845,0
58415-01-13 00:00:00,1675.6,1676.6,1668.81,1673.25,3530.8234,1781236799999999,5907392.204753,53416,2198.3356,3678537.738384,0
58415-02-23 16:00:00,1673.25,1682.0,1669.29,1677.47,5441.5155,1781240399999999,9124939.86426,75044,3312.7829,5555104.4528,0
58415-04-06 08:00:00,1677.48,1677.86,1662.31,1664.23,7801.1597,1781243999999999,13012810.451813,93120,3718.4324,6201389.300319,0
58415-05-18 00:00:00,1664.23,1666.82,1652.09,1657.34,8649.4647,1781247599999999,14343186.287037,116036,3848.563,6383084.891673,0
58415-06-28 16:00:00,1657.35,1664.99,1656.23,1662.12,8331.4353,1781251199999999,13833722.834625,76546,4767.4326,7916863.449946,0
58415-08-09 08:00:00,1662.12,1678.22,1662.12,1673.53,15418.7017,1781254799999999,25771109.916015,131424,10538.5702,17612140.406195,0
58415-09-20 00:00:00,1673.53,1685.65,1671.48,1680.16,8197.0023,1781258399999999,13769912.36544,114796,4363.3082,7329799.349697,0
58415-10-31 16:00:00,1680.16,1683.35,1671.91,1674.85,6173.9875,1781261999999999,10353261.699774,98037,2711.653,4548142.415612,0
58415-12-12 08:00:00,1674.85,1678.51,1672.1,1673.89,3363.2193,1781265599999999,5635365.300368,77631,1531.0484,2565469.653532,0
58416-01-23 00:00:00,1673.88,1673.88,1663.07,1666.54,6467.2057,1781269199999999,10786555.291634,112130,3204.3049,5344229.418003,0
58416-03-04 16:00:00,1666.55,1668.91,1653.74,1657.6,11710.1544,1781272799999999,19447418.772629,208190,5619.5081,9329387.813905,0
58416-04-15 08:00:00,1657.6,1685.93,1656.26,1685.64,16504.3485,1781276399999999,27596940.848745,319148,9399.8099,15715870.525863,0
58416-05-27 00:00:00,1685.65,1691.07,1658.75,1660.08,28712.9287,1781279999999999,48218267.576774,350202,13273.8056,22304427.359923,0
58416-07-07 16:00:00,1660.08,1675.81,1657.38,1672.9,16259.7209,1781283599999999,27134174.658088,237025,10189.8727,17007550.721761,0
58416-08-18 08:00:00,1672.91,1678.1,1667.37,1668.84,9374.8496,1781287199999999,15668068.428206,129671,4160.9727,6957550.742964,0
58416-09-29 00:00:00,1668.84,1673.57,1663.6,1666.87,7832.5232,1781290799999999,13069259.883055,112309,3289.8935,5488657.18136,0
58416-11-09 16:00:00,1666.86,1672.47,1664.9,1665.92,8724.7737,1781294399999999,14555122.814615,103229,3248.9602,5420527.311189,0
58416-12-21 08:00:00,1665.92,1667.85,1662.02,1664.92,3958.8659,1781297999999999,6594497.077802,59251,1688.5436,2812377.216948,0
58417-02-01 00:00:00,1664.93,1668.01,1663.21,1664.19,3024.2087,1781301599999999,5037423.22104,43137,1419.8427,2364898.791912,0
58417-03-14 16:00:00,1664.18,1667.49,1661.46,1662.6,2376.0563,1781305199999999,3953019.310611,51975,1161.4388,1932199.567796,0
58417-04-25 08:00:00,1662.6,1666.41,1659.02,1666.41,2906.4389,1781308799999999,4831069.991212,47637,1275.3501,2120223.378909,0
58417-06-06 00:00:00,1666.42,1669.34,1665.31,1667.47,2920.1254,1781312399999999,4868944.670878,44694,1684.1336,2808011.37484,0
58417-07-17 16:00:00,1667.47,1675.9,1666.53,1674.03,5623.2701,1781315999999999,9401124.967799,58159,3500.1354,5850834.651378,0
58417-08-28 08:00:00,1674.03,1674.52,1665.69,1668.02,4867.9917,1781319599999999,8128852.680047,50971,1944.4949,3247778.202358,0
58417-10-09 00:00:00,1668.03,1669.57,1663.36,1665.25,2988.2057,1781323199999999,4977312.843776,40911,1388.9189,2313486.667176,0
58417-11-19 16:00:00,1665.25,1668.28,1663.52,1664.51,2235.5465,1781326799999999,3723982.985951,31942,1328.3795,2212626.690735,0
58417-12-31 08:00:00,1664.52,1665.61,1662.2,1665.22,3000.8241,1781330399999999,4994273.225589,38507,1632.8133,2717458.765595,0
58418-02-11 00:00:00,1665.22,1670.25,1663.88,1669.7,3290.8776,1781333999999999,5484038.839324,37774,2286.2185,3809822.278503,0
58418-03-24 16:00:00,1669.71,1677.74,1668.47,1676.38,7516.4797,1781337599999999,12583495.387576,50644,4666.1818,7811113.800526,0
58418-05-05 08:00:00,1676.38,1679.92,1673.63,1674.57,7578.6282,1781341199999999,12702697.72928,57120,4213.0374,7061196.154585,0
58418-06-16 00:00:00,1674.57,1676.3,1672.93,1673.7,3898.675,1781344799999999,6528131.864606,40620,2340.8962,3919719.295283,0
58418-07-27 16:00:00,1673.7,1676.37,1672.8,1674.18,3139.3227,1781348399999999,5256164.411419,38920,1863.1914,3119424.931949,0
58418-09-07 08:00:00,1674.19,1678.96,1673.55,1678.34,3875.3902,1781351999999999,6499114.977881,41266,2299.7884,3856891.03621,0
58418-10-19 00:00:00,1678.33,1683.77,1676.99,1680.53,4637.8032,1781355599999999,7789337.01359,49564,2775.1894,4661318.964131,0
58418-11-29 16:00:00,1680.52,1681.58,1676.69,1678.02,4422.2372,1781359199999999,7426246.749747,54845,2345.494,3938984.228471,0
58419-01-10 08:00:00,1678.02,1681.47,1677.82,1679.97,3196.0956,1781362799999999,5368830.064575,47178,1782.4888,2994345.001505,0
58419-02-21 00:00:00,1679.98,1686.56,1678.5,1682.15,7674.3014,1781366399999999,12911508.172864,84201,4160.9118,7001395.820412,0
58419-04-03 16:00:00,1682.14,1682.48,1671.44,1676.74,12322.1686,1781369999999999,20640541.582448,107360,5127.3912,8590034.704103,0
58419-05-15 08:00:00,1676.74,1678.4,1673.23,1674.31,3585.258,1781373599999999,6009063.627249,56233,1634.299,2739184.50419,0
58419-06-26 00:00:00,1674.31,1682.63,1674.2,1678.53,2724.5849,1781377199999999,4575675.465207,39695,1144.367,1921701.905988,0
58419-08-06 16:00:00,1678.53,1680.0,1675.86,1678.29,2737.3428,1781380799999999,4593800.149393,32428,1316.3545,2208926.780515,0
58419-09-17 08:00:00,1678.3,1678.3,1675.11,1676.53,2067.6627,1781384399999999,3466894.163378,33259,1303.6949,2185842.453325,0
58419-10-29 00:00:00,1676.53,1697.28,1674.91,1686.44,6677.2933,1781387999999999,11257676.382447,92778,3759.721,6337814.006652,0
58419-12-09 16:00:00,1686.44,1686.65,1681.62,1681.63,3324.1624,1781391599999999,5598041.647069,51455,1868.069,3146024.711096,0
58420-01-20 08:00:00,1681.62,1684.2,1678.1,1681.18,2447.3607,1781395199999999,4113433.101294,42455,1360.8258,2287272.222226,0
58420-03-02 00:00:00,1681.19,1683.52,1678.83,1681.91,2635.5197,1781398799999999,4431260.560247,42689,1643.7066,2763680.589733,0
58420-04-12 16:00:00,1681.9,1690.36,1680.3,1683.99,3518.0414,1781402399999999,5931085.370835,52127,2207.6812,3721644.508582,0
58420-05-24 08:00:00,1683.98,1685.7,1681.59,1682.47,1929.4039,1781405999999999,3248085.706824,30144,1096.0609,1845216.265069,0
58420-07-05 00:00:00,1682.46,1683.28,1679.85,1681.73,2324.9353,1781409599999999,3909588.273208,32885,1297.1571,2181040.887282,0
58420-08-15 16:00:00,1681.74,1682.66,1676.35,1677.95,3535.006,1781413199999999,5935190.511662,38134,2191.6384,3679828.927342,0
58420-09-26 08:00:00,1677.95,1679.14,1674.0,1678.13,4061.9516,1781416799999999,6811751.112626,39876,2436.1074,4085729.625838,0
58420-11-07 00:00:00,1678.13,1682.5,1675.3,1676.39,5066.5632,1781420399999999,8502274.040634,48948,2949.8068,4950227.623155,0
58420-12-18 16:00:00,1676.4,1677.55,1673.72,1675.91,2927.6836,1781423999999999,4905534.407328,28804,2112.4218,3539592.638027,0
58421-01-29 08:00:00,1675.91,1678.92,1674.73,1675.58,3088.9448,1781427599999999,5180461.191484,27604,2246.8861,3768459.745837,0
58421-03-12 00:00:00,1675.58,1679.0,1669.15,1678.49,7430.344,1781431199999999,12430280.306257,63055,2730.8881,4570301.083823,0
58421-04-22 16:00:00,1678.48,1678.55,1673.13,1673.13,1896.0713,1781434799999999,3178519.524302,32334,759.4411,1273157.996454,0
58421-06-03 08:00:00,1673.13,1677.15,1672.36,1673.73,2400.9129,1781438399999999,4020907.695474,29591,1125.9929,1885913.149166,0
58421-07-15 00:00:00,1673.73,1674.58,1665.35,1666.9,4560.2496,1781441999999999,7615198.865771,50424,1911.7068,3192473.617525,0
58421-08-25 16:00:00,1666.9,1669.15,1664.5,1666.54,4290.0889,1781445599999999,7150249.616747,54969,1804.0877,3007088.707768,0
58421-10-06 08:00:00,1666.53,1670.2,1654.9,1659.76,10746.8189,1781449199999999,17847662.806165,120414,4743.7918,7878863.629156,0
58421-11-17 00:00:00,1659.76,1664.67,1659.6,1662.95,4335.407,1781452799999999,7209154.216188,60421,2625.9728,4366504.00826,0
58421-12-28 16:00:00,1662.95,1668.57,1659.36,1661.38,6515.369,1781456399999999,10842205.571696,59467,2823.4752,4700420.555686,0
58422-02-08 08:00:00,1661.37,1666.52,1660.92,1662.09,5151.4048,1781459999999999,8571157.009422,59141,2884.3417,4798978.500293,0
58422-03-22 00:00:00,1662.09,1663.27,1658.95,1662.08,3057.1103,1781463599999999,5077998.835492,41537,1590.4731,2641854.137159,0
58422-05-02 16:00:00,1662.07,1667.93,1661.13,1665.43,3219.0946,1781467199999999,5362142.079956,37371,1641.6131,2733952.98503,0
58422-06-13 08:00:00,1665.44,1673.72,1662.67,1670.48,4358.5103,1781470799999999,7272281.953258,49102,2444.8658,4079737.254304,0
58422-07-25 00:00:00,1670.48,1732.28,1669.97,1718.67,48781.2516,1781474399999999,83337486.914776,451737,25289.7894,43179067.007028,0
58422-09-04 16:00:00,1718.68,1729.1,1712.34,1722.62,28043.4797,1781477999999999,48281070.55055,332205,13297.8103,22895532.387096,0
58422-10-16 08:00:00,1722.62,1726.43,1716.79,1725.62,14135.7917,1781481599999999,24352755.649847,153012,7067.0694,12175285.025472,0
58422-11-27 00:00:00,1725.63,1733.04,1719.78,1720.83,14570.9812,1781485199999999,25144573.062022,107105,6592.5815,11381136.273124,0
58423-01-07 16:00:00,1720.83,1721.91,1709.66,1715.79,12097.9798,1781488799999999,20757631.161305,110675,4913.6815,8432415.669071,0
58423-02-18 08:00:00,1715.8,1726.96,1714.23,1716.78,8966.2582,1781492399999999,15424769.762965,85682,3764.6928,6475855.74404,0
58423-04-01 00:00:00,1716.78,1724.17,1715.55,1720.78,11155.8651,1781495999999999,19198392.571367,82092,4369.5157,7520252.025609,0
58423-05-12 16:00:00,1720.78,1720.78,1716.0,1717.04,11426.7749,1781499599999999,19636190.124909,71286,4030.6285,6926301.979718,0
58423-06-23 08:00:00,1717.05,1722.63,1715.95,1720.66,6961.6259,1781503199999999,11966522.217281,48199,3108.1179,5343048.199034,0
58423-08-04 00:00:00,1720.67,1723.29,1718.25,1719.82,6607.7047,1781506799999999,11371680.268415,51277,2508.4132,4316958.386748,0
58423-09-14 16:00:00,1719.82,1723.8,1716.49,1716.59,8177.2779,1781510399999999,14062876.18081,58777,3186.0417,5479733.426706,0
58423-10-26 08:00:00,1716.6,1721.91,1715.6,1720.36,6027.9286,1781513999999999,10364436.724339,51334,2617.3236,4499783.642173,0
58423-12-07 00:00:00,1720.35,1726.94,1712.17,1718.65,14597.5107,1781517599999999,25091409.654166,73210,6461.77,11106953.960453,0
58424-01-17 16:00:00,1718.65,1748.6,1718.27,1737.77,26756.9662,1781521199999999,46335032.904616,131529,16267.1684,28164137.395419,0
58424-02-28 08:00:00,1737.77,1769.0,1734.11,1764.67,38954.8902,1781524799999999,68344785.475173,299356,21645.6148,37966933.863495,0
58424-04-10 00:00:00,1764.67,1777.77,1760.28,1777.48,27438.198,1781528399999999,48562984.925256,141252,13340.3716,23611903.299794,0
58424-05-21 16:00:00,1777.48,1827.67,1774.6,1814.12,70367.2004,1781531999999999,127230062.294956,348250,35815.2651,64676798.29073,0
58424-07-02 08:00:00,1814.12,1818.58,1804.71,1814.55,25775.3832,1781535599999999,46698702.561176,168485,12504.971,22660088.675639,0
58424-08-13 00:00:00,1814.55,1849.54,1813.15,1845.53,47178.9802,1781539199999999,86475848.893538,244407,24794.7422,45453725.296585,0
58424-09-23 16:00:00,1845.53,1847.13,1837.48,1842.85,28115.059,1781542799999999,51789038.00695,189202,12504.2621,23037582.416543,0
58424-11-04 08:00:00,1842.85,1842.86,1823.58,1829.19,23706.4793,1781546399999999,43391823.294716,153619,10938.6815,20016245.579611,0
58424-12-16 00:00:00,1829.19,1835.58,1825.85,1828.13,9996.5735,1781549999999999,18294410.87573,98714,5405.7896,9892851.169853,0
58425-01-26 16:00:00,1828.12,1834.44,1811.66,1821.89,16646.39,1781553599999999,30348914.345381,149205,7912.0427,14433788.210872,0
58425-03-09 08:00:00,1821.88,1826.62,1815.33,1816.95,8446.3884,1781557199999999,15379231.984178,92932,4412.571,8035388.301234,0
58425-04-20 00:00:00,1816.94,1822.15,1809.53,1811.35,8869.859,1781560799999999,16107422.924297,90677,3988.5927,7244791.699548,0
58425-05-31 16:00:00,1811.36,1813.55,1787.0,1789.68,16216.3254,1781564399999999,29133547.923963,168905,6882.0522,12364569.311297,0
58425-07-12 08:00:00,1789.69,1797.58,1782.82,1796.13,15076.6555,1781567999999999,26995213.8378,119946,8943.5577,16019399.939772,0
58425-08-23 00:00:00,1796.14,1802.09,1789.0,1789.6,9861.7639,1781571599999999,17708314.748906,93946,4712.9162,8465369.929588,0
58425-10-03 16:00:00,1789.59,1797.42,1789.13,1792.27,5337.8699,1781575199999999,9576121.488784,69791,2894.582,5193257.193662,0
58425-11-14 08:00:00,1792.26,1794.1,1767.4,1770.13,20732.5293,1781578799999999,36825580.794924,136234,9028.6352,16032627.432536,0
58425-12-26 00:00:00,1770.13,1780.73,1764.84,1779.16,14600.4649,1781582399999999,25907702.486601,84884,7729.6002,13717130.430084,0
58426-02-05 16:00:00,1779.16,1783.32,1758.0,1760.64,17722.5148,1781585999999999,31327255.002132,98447,6365.6632,11253192.951244,0
58426-03-19 08:00:00,1760.65,1766.0,1760.57,1762.05,11474.8532,1781589599999999,20234352.817264,72608,4604.1717,8118866.814266,0
58426-04-30 00:00:00,1762.06,1774.17,1762.06,1771.4,11200.0573,1781593199999999,19808328.395896,68287,5170.6709,9145877.930041,0
58426-06-10 16:00:00,1771.41,1776.47,1769.02,1774.24,10004.5098,1781596799999999,17736699.813692,65144,4525.3278,8023037.91232,0
58426-07-22 08:00:00,1774.25,1807.97,1773.25,1803.23,22080.5005,1781600399999999,39479897.469111,207654,13202.8777,23611471.125327,0
58426-09-02 00:00:00,1803.23,1805.79,1787.07,1789.63,13315.7417,1781603999999999,23898614.279214,157358,6312.6559,11333165.675912,0
58426-10-13 16:00:00,1789.63,1800.0,1788.61,1793.95,13040.3844,1781607599999999,23408410.581291,120096,7545.2516,13547060.699268,0
58426-11-24 08:00:00,1793.95,1800.0,1790.7,1799.59,8788.3291,1781611199999999,15779031.853069,109669,4683.6867,8411905.210192,0
58427-01-05 00:00:00,1799.6,1839.77,1796.71,1814.88,38221.0614,1781614799999999,69542151.818208,378561,21340.7194,38827237.019455,0
58427-02-15 16:00:00,1814.89,1817.1,1791.57,1797.88,32836.3553,1781618399999999,59216986.804971,380259,15275.9367,27557322.183337,0
58427-03-29 08:00:00,1797.86,1805.57,1763.36,1780.56,37636.9685,1781621999999999,67095594.342737,432145,17353.4452,30932170.349361,0
58427-05-10 00:00:00,1780.56,1788.32,1774.52,1782.44,15292.7715,1781625599999999,27243692.218923,231397,8521.6334,15183159.669019,0
58427-06-20 16:00:00,1782.43,1785.58,1773.03,1777.89,10107.1978,1781629199999999,17972251.780109,160896,4598.1326,8176335.619375,0
58427-08-01 08:00:00,1777.9,1799.45,1777.38,1795.1,11225.1737,1781632799999999,20082386.322777,160317,6426.3671,11498662.525441,0
58427-09-12 00:00:00,1795.1,1808.44,1792.58,1799.21,14940.9438,1781636399999999,26898907.698429,173210,8005.2086,14414545.6735,0
58427-10-23 16:00:00,1799.2,1801.04,1790.14,1795.41,11864.4825,1781639999999999,21306393.384812,151718,5565.3447,9994605.544873,0
58427-12-04 08:00:00,1795.41,1798.5,1789.53,1797.82,7360.8483,1781643599999999,13208097.454571,91762,4013.6839,7203056.321096,0
58428-01-15 00:00:00,1797.82,1800.48,1790.57,1796.52,6138.1935,1781647199999999,11022433.242686,78353,3386.0678,6080705.017639,0
58428-02-25 16:00:00,1796.53,1799.49,1791.03,1796.21,5783.0483,1781650799999999,10378046.671202,72776,2841.1358,5099037.995783,0
58428-04-07 08:00:00,1796.22,1798.89,1791.26,1792.99,4010.9856,1781654399999999,7198613.123031,55688,1831.5397,3286601.853882,0
58428-05-19 00:00:00,1793.0,1799.01,1791.95,1794.22,3837.3514,1781657999999999,6889069.83882,73967,2130.5211,3824830.697671,0
58428-06-29 16:00:00,1794.22,1799.12,1778.99,1797.76,9518.8319,1781661599999999,17025410.740582,145091,4791.8552,8573002.813544,0
58428-08-10 08:00:00,1797.76,1810.21,1788.78,1795.59,11539.6186,1781665199999999,20756075.170652,150043,5932.153,10674237.187291,0
58428-09-21 00:00:00,1795.59,1797.36,1787.65,1793.58,6278.7011,1781668799999999,11253327.066116,86739,3879.3152,6953378.745962,0
58428-11-01 16:00:00,1793.58,1801.79,1792.0,1794.3,4566.9498,1781672399999999,8202773.999185,63224,2806.2602,5040838.649321,0
58428-12-13 08:00:00,1794.3,1799.45,1789.13,1793.98,6224.9179,1781675999999999,11167017.422797,80915,3248.5155,5827352.734115,0
58429-01-24 00:00:00,1793.98,1797.2,1786.44,1790.38,5350.7783,1781679599999999,9583330.182225,89937,2783.1864,4985008.064249,0
58429-03-06 16:00:00,1790.38,1792.34,1778.71,1785.08,7467.6536,1781683199999999,13337539.82517,111666,3473.7116,6205526.658818,0
58429-04-17 08:00:00,1785.09,1786.15,1760.4,1765.31,15038.4696,1781686799999999,26609494.811101,188398,5586.3218,9884354.447963,0
58429-05-29 00:00:00,1765.3,1777.78,1765.0,1773.07,6492.4868,1781690399999999,11502331.56257,107452,3183.2621,5640184.387583,0
58429-07-09 16:00:00,1773.08,1776.05,1767.14,1768.38,4720.795,1781693999999999,8362629.872334,101987,2069.7337,3666706.895423,0
58429-08-20 08:00:00,1768.39,1770.77,1759.35,1763.92,8865.8541,1781697599999999,15650017.837499,150988,3755.2728,6629526.433869,0
58429-10-01 00:00:00,1763.93,1765.99,1742.94,1759.44,22647.9494,1781701199999999,39685399.500059,243198,10329.1011,18095427.91008,0
58429-11-11 16:00:00,1759.42,1771.91,1754.72,1761.25,20823.4439,1781704799999999,36727694.674144,245376,8765.9075,15458383.102286,0
58429-12-23 08:00:00,1761.24,1765.52,1741.05,1754.96,21946.5289,1781708399999999,38507648.190525,303653,9172.0162,16099847.106967,0
58430-02-03 00:00:00,1754.97,1776.94,1751.21,1773.41,16711.5499,1781711999999999,29490397.297256,217521,7223.6759,12757016.757569,0
58430-03-16 16:00:00,1773.42,1791.73,1769.52,1772.02,20521.2125,1781715599999999,36490909.441633,233325,9964.96,17723115.493623,0
58430-04-27 08:00:00,1772.03,1796.08,1767.54,1789.27,12709.6191,1781719199999999,22626817.239237,163029,5983.2012,10653468.411321,0
58430-06-08 00:00:00,1789.27,1789.4,1746.42,1770.32,45097.9103,1781722799999999,79807171.301685,547194,21423.9923,37902727.084025,0
58430-07-19 16:00:00,1770.31,1775.85,1729.26,1734.72,48044.2229,1781726399999999,83844508.50936,482616,19753.8907,34512287.966457,0
58430-08-30 08:00:00,1734.73,1747.92,1732.97,1747.36,12478.2946,1781729999999999,21717531.900827,132213,6914.6189,12034441.652667,0
58430-10-11 00:00:00,1747.37,1748.01,1736.39,1738.9,6882.8113,1781733599999999,11991747.165624,83297,3386.7829,5900527.906176,0
58430-11-21 16:00:00,1738.91,1746.6,1725.34,1740.31,10769.2064,1781737199999999,18705374.102514,106297,5463.3422,9491210.625409,0
58431-01-02 08:00:00,1740.31,1751.66,1740.1,1750.6,5962.9002,1781740799999999,10417878.690666,67337,4001.4764,6990609.102397,0
58431-02-13 00:00:00,1750.61,1759.49,1749.98,1752.97,8434.4626,1781744399999999,14799965.624846,89917,4166.6627,7310961.121824,0
58431-03-26 16:00:00,1752.97,1762.99,1752.64,1754.92,6736.3083,1781747999999999,11843825.284325,83695,3266.8683,5744861.727319,0
58431-05-07 08:00:00,1754.93,1759.0,1750.34,1755.85,5941.1809,1781751599999999,10433311.385229,71078,3654.2558,6417348.085659,0
58431-06-18 00:00:00,1755.86,1756.26,1741.46,1744.17,9869.8515,1781755199999999,17251515.485061,98305,5368.6935,9385501.158222,0
58431-07-29 16:00:00,1744.17,1745.92,1730.0,1730.64,10827.0106,1781758799999999,18789579.769039,121564,3976.5164,6901798.914884,0
58431-09-09 08:00:00,1730.63,1733.0,1722.24,1730.97,9504.6066,1781762399999999,16424218.315289,119528,4166.4713,7199836.448611,0
58431-10-21 00:00:00,1730.97,1736.79,1725.53,1735.56,9171.8836,1781765999999999,15884488.976332,83853,4213.0039,7297103.289462,0
58431-12-01 16:00:00,1735.56,1753.29,1732.91,1749.79,14499.706,1781769599999999,25291296.494387,90689,8104.0816,14142157.818525,0
58432-01-12 08:00:00,1749.8,1753.61,1743.7,1747.67,16995.3259,1781773199999999,29716359.196345,96127,5133.5531,8981117.548587,0
58432-02-23 00:00:00,1747.67,1751.87,1742.53,1746.07,9188.0766,1781776799999999,16044751.327527,89741,2861.7801,4999443.64779,0
58432-04-04 16:00:00,1746.07,1752.84,1739.46,1746.9,10293.2199,1781780399999999,17950138.650728,117077,5552.4616,9684400.36692,0
58432-05-16 08:00:00,1746.9,1749.39,1739.11,1743.31,10599.3506,1781783999999999,18483386.176671,118296,5736.814,10005663.068798,0
58432-06-27 00:00:00,1743.31,1753.06,1741.88,1750.41,9678.6003,1781787599999999,16920474.413382,123622,5457.7372,9540385.467557,0
58432-08-07 16:00:00,1750.41,1752.51,1729.08,1736.78,14466.2432,1781791199999999,25164496.695769,219882,6752.5384,11750771.845723,0
58432-09-18 08:00:00,1736.78,1745.46,1729.66,1739.79,15628.5169,1781794799999999,27152232.308769,272082,7537.4945,13097564.59897,0
58432-10-30 00:00:00,1739.78,1740.09,1680.0,1682.23,54756.2373,1781798399999999,93411884.056801,516039,24778.1934,42281443.294955,0
58432-12-10 16:00:00,1682.23,1692.95,1680.39,1686.93,23218.7247,1781801999999999,39176948.304728,280168,12592.5389,21248284.689961,0
58433-01-21 08:00:00,1686.96,1687.68,1671.79,1679.42,18337.1074,1781805599999999,30819484.383538,200570,8282.5995,13920438.356111,0
58433-03-04 00:00:00,1679.41,1689.4,1676.35,1685.38,11493.0957,1781809199999999,19344660.256259,152625,6200.0581,10435981.744532,0
58433-04-14 16:00:00,1685.38,1707.48,1682.78,1705.39,12972.023,1781812799999999,22014527.50958,131475,8041.8505,13648047.197652,0
58433-05-26 08:00:00,1705.4,1717.23,1705.4,1710.47,10803.4729,1781816399999999,18499246.808453,125190,5714.4184,9784330.892464,0
58433-07-07 00:00:00,1710.47,1711.96,1701.64,1708.39,8309.8533,1781819999999999,14181773.01453,79019,3750.5045,6400572.160987,0
58433-08-17 16:00:00,1708.39,1708.56,1700.19,1706.81,5388.0262,1781823599999999,9187192.323372,60357,2759.9522,4706198.374435,0
58433-09-28 08:00:00,1706.81,1712.38,1702.96,1711.11,5368.0816,1781827199999999,9169743.230076,64067,2856.4041,4879095.408796,0
58433-11-09 00:00:00,1711.11,1716.3,1708.64,1713.84,5697.9599,1781830799999999,9760041.796403,68311,3190.7178,5466960.679393,0
58433-12-20 16:00:00,1713.85,1719.51,1706.19,1713.5,4979.2932,1781834399999999,8527804.658352,82762,2854.804,4890219.708493,0
58434-01-31 08:00:00,1713.5,1715.21,1701.29,1707.15,7104.6248,1781837999999999,12128873.402146,82199,2974.7053,5078014.508217,0
58434-03-14 00:00:00,1707.15,1708.28,1682.35,1697.69,19909.1455,1781841599999999,33714201.321928,188243,8959.6213,15164153.313855,0
58434-04-24 16:00:00,1697.7,1702.97,1686.0,1689.72,9047.7131,1781845199999999,15319157.993054,121080,3970.1308,6728674.370675,0
58434-06-05 08:00:00,1689.72,1697.75,1689.39,1697.51,6751.5611,1781848799999999,11443872.052477,90767,3911.3635,6631073.340585,0
58434-07-17 00:00:00,1697.51,1703.4,1696.18,1700.26,5912.1887,1781852399999999,10046560.76831,82853,3796.1654,6451250.893416,0
58434-08-27 16:00:00,1700.27,1700.98,1690.09,1695.82,10871.0575,1781855999999999,18423735.683027,94374,6263.3268,10614284.024535,0
58434-10-08 08:00:00,1695.82,1699.11,1693.66,1697.94,4871.7774,1781859599999999,8264563.001174,76750,2752.429,4669144.805531,0
58434-11-19 00:00:00,1697.94,1699.82,1688.72,1689.2,5546.9736,1781863199999999,9387395.202451,99120,2619.3068,4432783.191346,0
58434-12-30 16:00:00,1689.21,1694.67,1687.05,1692.61,5996.3839,1781866799999999,10132585.840024,93881,2956.5086,4996145.559109,0
58435-02-10 08:00:00,1692.6,1694.24,1688.84,1691.74,3329.0739,1781870399999999,5632946.295952,66330,1663.1233,2814268.570601,0
58435-03-24 00:00:00,1691.74,1696.12,1679.11,1695.36,9586.951,1781873999999999,16178266.567628,153335,4559.0986,7697665.563669,0
58435-05-04 16:00:00,1695.37,1711.59,1687.75,1703.47,11636.3177,1781877599999999,19781732.536699,202225,7126.8031,12117158.354735,0
58435-06-15 08:00:00,1703.46,1709.98,1696.51,1706.97,8226.3952,1781881199999999,14017748.184767,142190,4595.8287,7831391.208439,0
58435-07-27 00:00:00,1706.96,1712.06,1698.37,1707.86,9090.8157,1781884799999999,15500701.695735,134982,4586.4678,7822824.473671,0
58435-09-06 16:00:00,1707.87,1711.76,1695.09,1696.8,7276.0252,1781888399999999,12407132.792244,122864,3863.8897,6591199.864184,0
58435-10-18 08:00:00,1696.8,1706.25,1693.7,1704.85,7369.5848,1781891999999999,12528894.509643,118544,4103.4325,6975892.70607,0
58435-11-29 00:00:00,1704.85,1705.45,1698.3,1702.7,3812.1693,1781895599999999,6491356.058403,66088,2080.4674,3543038.406029,0
58436-01-09 16:00:00,1702.69,1704.61,1698.15,1701.2,3987.7458,1781899199999999,6784502.566629,52091,1864.367,3171671.454672,0
58436-02-20 08:00:00,1701.21,1709.37,1698.89,1708.96,3414.0082,1781902799999999,5818968.676868,55121,1945.1133,3315643.38367,0
58436-04-02 00:00:00,1708.97,1708.97,1701.52,1702.03,2847.9389,1781906399999999,4856177.201414,51187,1440.3539,2456343.973789,0
58436-05-13 16:00:00,1702.02,1710.38,1700.45,1707.61,4493.571,1781909999999999,7668373.622941,48942,2567.6525,4382209.54915,0
58436-06-24 08:00:00,1707.61,1715.0,1704.88,1711.19,3318.923,1781913599999999,5674779.96638,45529,1895.7899,3241993.290673,0
58436-08-05 00:00:00,1711.18,1718.0,1708.41,1708.8,6468.2301,1781917199999999,11073743.8558,88822,3275.5244,5608810.200044,0
58436-09-15 16:00:00,1708.8,1713.36,1706.62,1709.89,2947.0758,1781920799999999,5038058.834875,53780,1451.2943,2481083.125095,0
58436-10-27 08:00:00,1709.89,1710.52,1704.06,1704.85,3058.5958,1781924399999999,5219663.66647,56549,1314.9226,2244019.595407,0
58436-12-08 00:00:00,1704.85,1709.33,1704.56,1708.17,2012.5022,1781927999999999,3435478.382308,33636,952.438,1626093.895999,0
58437-01-18 16:00:00,1708.18,1715.47,1706.51,1713.52,4256.5601,1781931599999999,7287996.55531,51210,2427.2283,4155379.345324,0
58437-03-01 08:00:00,1713.52,1733.89,1712.25,1726.1,15425.5681,1781935199999999,26621359.232948,141099,9449.6474,16305679.741489,0
58437-04-12 00:00:00,1726.11,1729.84,1723.98,1727.67,4389.7401,1781938799999999,7579622.651273,59418,2668.3526,4607704.052356,0
58437-05-23 16:00:00,1727.66,1729.56,1723.05,1725.82,4567.4772,1781942399999999,7886750.715837,44896,2567.1806,4432862.798435,0
58437-07-04 08:00:00,1725.81,1726.9,1721.25,1722.83,4169.4426,1781945999999999,7187464.556247,46440,2173.1258,3745925.085639,0
58437-08-15 00:00:00,1722.83,1730.0,1722.83,1728.47,3920.341,1781949599999999,6770562.148686,52475,2374.7855,4101113.246028,0
58437-09-25 16:00:00,1728.46,1729.53,1725.26,1727.62,2117.895,1781953199999999,3658189.357662,35169,1009.7798,1744222.195234,0
58437-11-06 08:00:00,1727.63,1731.76,1725.84,1727.18,3102.374,1781956799999999,5361988.910778,33507,2102.1708,3633579.565508,0
58437-12-18 00:00:00,1727.18,1730.35,1723.61,1726.86,3168.5393,1781960399999999,5472635.773352,49587,1473.5254,2544991.40701,0
58438-01-28 16:00:00,1726.86,1727.21,1712.81,1717.56,7508.8306,1781963999999999,12908144.944017,105274,3200.7216,5500806.983466,0
58438-03-11 08:00:00,1717.56,1746.67,1708.11,1733.48,17301.3976,1781967599999999,29883906.470053,235092,7861.6916,13589281.409693,0
58438-04-22 00:00:00,1733.49,1749.55,1729.44,1740.63,17584.9923,1781971199999999,30594681.061941,194091,10355.0549,18014372.775384,0
58438-06-02 16:00:00,1740.63,1740.91,1730.9,1733.92,4672.2434,1781974799999999,8105391.677899,93018,2260.9246,3921512.537274,0
58438-07-14 08:00:00,1733.92,1733.93,1721.03,1726.86,4887.2409,1781978399999999,8439621.877629,99409,2290.8558,3956044.148237,0
58438-08-25 00:00:00,1726.87,1732.0,1726.0,1726.63,4045.8504,1781981999999999,6992677.651547,46222,2664.0333,4604606.805087,0
58438-10-05 16:00:00,1726.62,1730.18,1725.24,1729.27,9864.4156,1781985599999999,17037248.873773,55101,4339.5482,7494800.565264,0
58438-11-16 08:00:00,1729.27,1731.34,1726.53,1730.98,2561.062,1781989199999999,4429783.361545,35000,1217.1142,2105292.778675,0
58438-12-28 00:00:00,1730.98,1738.01,1730.38,1735.33,10038.6089,1781992799999999,17415319.723813,65372,7225.9627,12535478.617051,0
58439-02-07 16:00:00,1735.33,1746.17,1732.96,1743.32,13257.529,1781996399999999,23066115.813988,116656,8504.0553,14791582.092476,0
58439-03-21 08:00:00,1743.32,1743.76,1740.52,1741.08,8465.3091,1781999999999999,14746252.954275,50765,2281.4501,3973959.48014,0
58439-05-02 00:00:00,1741.08,1741.09,1736.19,1737.92,3498.051,1782003599999999,6080734.967609,45764,1782.1952,3097333.096728,0
58439-06-12 16:00:00,1737.92,1740.0,1734.5,1737.01,2282.0442,1782007199999999,3963359.317059,39462,1167.1485,2027078.885571,0
58439-07-24 08:00:00,1737.0,1738.18,1735.66,1736.09,1633.6497,1782010799999999,2837485.390719,30178,760.6803,1321172.793998,0
58439-09-04 00:00:00,1736.08,1741.45,1733.51,1737.87,4072.1839,1782014399999999,7074483.951924,58932,1562.3311,2715363.794668,0
58439-10-15 16:00:00,1737.88,1741.41,1731.63,1732.85,3580.8594,1782017999999999,6217540.708559,53599,1439.4506,2499740.184668,0
58439-11-26 08:00:00,1732.85,1736.27,1729.8,1733.47,3450.4994,1782021599999999,5979932.334278,49000,1578.2724,2735469.716774,0
58440-01-07 00:00:00,1733.46,1738.66,1732.52,1736.14,8991.4845,1782025199999999,15594655.112409,48476,7287.0542,12637911.080014,0
58440-02-17 16:00:00,1736.14,1736.44,1731.79,1732.36,3125.8122,1782028799999999,5420636.142753,27253,1078.5004,1870228.367117,0
58440-03-30 08:00:00,1732.36,1733.22,1724.0,1729.1,4507.568,1782032399999999,7790969.276704,51280,1516.3392,2620776.82323,0
58440-05-11 00:00:00,1729.11,1734.37,1725.89,1732.78,3081.6477,1782035999999999,5332901.64096,45914,1504.8154,2604323.74167,0
58440-06-21 16:00:00,1732.77,1737.02,1731.03,1731.38,3584.3482,1782039599999999,6214185.167086,42717,1427.5101,2474960.293109,0
58440-08-02 08:00:00,1731.39,1734.81,1718.56,1725.36,8436.5416,1782043199999999,14563074.356999,90458,3085.8642,5324218.44621,0
58440-09-13 00:00:00,1725.37,1726.93,1717.14,1726.0,8012.7232,1782046799999999,13797195.525317,90302,3731.1087,6424858.148652,0
58440-10-24 16:00:00,1725.99,1728.14,1722.12,1725.15,3705.3006,1782050399999999,6393205.412849,67021,2030.5862,3504023.324433,0
58440-12-05 08:00:00,1725.15,1728.46,1721.78,1728.44,3406.0189,1782053999999999,5871641.915521,45323,1668.191,2876133.807415,0
58441-01-16 00:00:00,1728.45,1732.57,1727.12,1730.72,3875.8192,1782057599999999,6707119.265216,61289,1875.0331,3244791.568427,0
58441-02-26 16:00:00,1730.71,1730.71,1722.21,1728.15,5613.9679,1782061199999999,9697499.360302,69390,2946.6052,5090955.716023,0
58441-04-09 08:00:00,1728.16,1731.54,1725.97,1727.36,4651.9746,1782064799999999,8040194.848886,42560,2405.4249,4157818.445843,0
58441-05-21 00:00:00,1727.37,1737.81,1721.67,1735.39,7082.1654,1782068399999999,12269300.666758,97607,3772.594,6535941.71192,0
58441-07-01 16:00:00,1735.4,1739.32,1733.59,1734.14,2837.2696,1782071999999999,4925614.287823,50890,1552.5084,2695406.055519,0
58441-08-12 08:00:00,1734.14,1735.34,1717.3,1721.3,5585.8071,1782075599999999,9633688.280699,83545,2003.7313,3456175.888135,0
58441-09-23 00:00:00,1721.32,1724.19,1702.0,1718.6,13883.6198,1782079199999999,23784274.200617,171722,6572.633,11260064.680774,0
58441-11-03 16:00:00,1718.59,1721.38,1708.57,1717.65,6845.1093,1782082799999999,11741204.193306,132215,3585.1366,6150315.24163,0
58441-12-15 08:00:00,1717.64,1717.64,1704.25,1706.94,8018.0035,1782086399999999,13708688.732172,163702,3812.0941,6517317.820548,0
58442-01-26 00:00:00,1706.94,1732.2,1706.94,1726.95,10130.3805,1782089999999999,17437982.179411,200186,5895.5736,10147280.259926,0
58442-03-08 16:00:00,1726.95,1759.84,1724.56,1743.82,22702.9713,1782093599999999,39584462.230752,298475,12263.5601,21393979.1618,0
58442-04-19 08:00:00,1743.83,1745.28,1737.28,1737.28,6300.0591,1782097199999999,10968981.660853,124365,3122.3919,5437247.132396,0
58442-05-31 00:00:00,1737.27,1740.98,1726.54,1730.0,9112.5799,1782100799999999,15799170.475048,136645,4405.1323,7640979.436446,0
58442-07-11 16:00:00,1730.0,1735.96,1727.69,1735.31,6465.2801,1782104399999999,11204224.584774,85084,3711.0057,6431177.077051,0
58442-08-22 08:00:00,1735.3,1739.83,1734.2,1736.85,5508.6624,1782107999999999,9569461.532235,77339,3102.6606,5389880.640448,0
58442-10-03 00:00:00,1736.85,1740.21,1733.21,1735.06,6815.1664,1782111599999999,11833287.826196,67423,3402.7705,5908639.114876,0
58442-11-13 16:00:00,1735.07,1751.58,1734.76,1746.34,12767.3267,1782115199999999,22284057.288848,97472,6158.1892,10749076.648418,0
58442-12-25 08:00:00,1746.34,1752.23,1743.56,1747.79,6440.1179,1782118799999999,11255902.615422,94623,3346.2386,5848925.182084,0
58443-02-05 00:00:00,1747.8,1750.38,1743.75,1746.2,7565.4243,1782122399999999,13219745.391419,72225,2669.3792,4664272.593971,0
58443-03-18 16:00:00,1746.19,1751.58,1745.23,1748.81,3656.4425,1782125999999999,6394832.656751,56979,1925.314,3367321.232853,0
58443-04-29 08:00:00,1748.81,1774.7,1747.48,1767.68,22291.9665,1782129599999999,39257501.969631,200411,12280.9539,21622722.484349,0
58443-06-10 00:00:00,1767.68,1772.0,1761.29,1764.0,13529.9672,1782133199999999,23892091.394176,155915,7207.1271,12727823.620131,0
58443-07-21 16:00:00,1764.0,1779.9,1762.06,1777.51,20616.359,1782136799999999,36529613.171391,230460,10976.68,19452458.086899,0
58443-09-01 08:00:00,1777.52,1778.0,1749.85,1754.61,17137.5904,1782140399999999,30172868.162802,248815,7640.2779,13450554.570484,0
58443-10-13 00:00:00,1754.62,1758.06,1742.41,1744.74,13111.6886,1782143999999999,22968301.810061,192411,5054.7197,8855478.155462,0
58443-11-23 16:00:00,1744.75,1746.29,1733.71,1740.1,17031.0108,1782147599999999,29628296.566745,200778,7867.1556,13686017.015341,0
58444-01-04 08:00:00,1740.1,1743.12,1731.32,1740.93,9084.9434,1782151199999999,15779884.231678,115330,5401.0021,9380595.722973,0
58444-02-15 00:00:00,1740.92,1747.7,1729.42,1733.51,12571.1935,1782154799999999,21854992.770981,120938,5391.7985,9372556.630624,0
58444-03-27 16:00:00,1733.51,1736.82,1729.15,1734.59,10968.9943,1782158399999999,19008158.890736,124652,5129.4894,8888899.609193,0
58444-05-08 08:00:00,1734.59,1740.07,1731.14,1734.61,5535.2997,1782161999999999,9606203.297423,68106,3039.9339,5276043.723271,0
58444-06-19 00:00:00,1734.61,1737.53,1726.83,1732.74,5705.2922,1782165599999999,9884344.419207,78839,3255.7308,5640593.322764,0
58444-07-30 16:00:00,1732.74,1735.93,1717.02,1724.15,11341.6732,1782169199999999,19549191.318841,164426,5169.0954,8911443.330308,0
58444-09-10 08:00:00,1724.16,1730.6,1721.38,1728.19,6266.7921,1782172799999999,10817362.343878,91146,3636.8562,6277861.993236,0
58444-10-22 00:00:00,1728.19,1731.74,1719.75,1731.27,5627.0099,1782176399999999,9712868.078773,109838,2956.9463,5105891.377028,0
58444-12-02 16:00:00,1731.26,1736.25,1721.22,1730.61,5962.0236,1782179999999999,10311293.35905,117194,3414.9519,5907568.662708,0
58445-01-13 08:00:00,1730.61,1735.04,1726.36,1732.65,3137.1425,1782183599999999,5432562.81924,79368,1851.987,3207846.675415,0
58445-02-24 00:00:00,1732.65,1733.11,1725.98,1729.9,4003.4996,1782187199999999,6920648.244729,63764,1838.8125,3178873.591824,0
58445-04-06 16:00:00,1729.91,1731.25,1717.75,1719.07,5982.7941,1782190799999999,10314170.35826,79456,1953.283,3367262.924301,0
58445-05-18 08:00:00,1719.07,1721.38,1710.5,1713.44,9724.8299,1782194399999999,16680591.033176,157876,4375.2834,7505920.402499,0
58445-06-29 00:00:00,1713.51,1713.7,1680.52,1692.29,25365.4413,1782197999999999,42959622.802737,304222,11157.4031,18883133.185901,0
58445-08-09 16:00:00,1692.3,1696.47,1682.34,1683.01,10843.585,1782201599999999,18328852.745735,127090,5979.076,10107731.319791,0
58445-09-20 08:00:00,1683.02,1684.8,1635.65,1648.48,45421.5785,1782205199999999,75231015.107223,445780,22042.3697,36481311.627964,0
58445-11-01 00:00:00,1648.47,1654.39,1648.15,1650.97,9665.8399,1782208799999999,15963634.267298,100464,3729.7331,6159599.403609,0
58445-12-12 16:00:00,1650.97,1658.91,1649.37,1652.65,7703.6216,1782212399999999,12742028.058065,101588,3637.3596,6017018.572124,0
58446-01-23 08:00:00,1652.65,1663.9,1652.65,1660.9,8465.12,1782215999999999,14046778.012205,100270,4917.3987,8158685.21272,0
58446-03-06 00:00:00,1660.9,1662.59,1653.6,1654.53,8770.3273,1782219599999999,14537900.528599,117010,3619.1939,5999714.685753,0
58446-04-16 16:00:00,1654.54,1664.13,1645.52,1662.83,18188.6396,1782223199999999,30083812.083737,293756,7760.922,12843397.208289,0
58446-05-28 08:00:00,1662.82,1672.0,1658.04,1662.1,11900.4381,1782226799999999,19808136.879351,262968,6037.7835,10050535.702776,0
58446-07-09 00:00:00,1662.1,1663.39,1651.39,1659.78,9981.5495,1782230399999999,16534937.646122,161564,4807.3629,7964410.825559,0
58446-08-19 16:00:00,1659.78,1673.89,1656.99,1659.35,16753.287,1782233999999999,27882412.397856,154903,8766.922,14590271.492261,0
58446-09-30 08:00:00,1659.34,1664.87,1654.67,1656.85,5433.1762,1782237599999999,9015194.023484,105920,2699.5032,4479107.859862,0
58446-11-11 00:00:00,1656.86,1660.64,1650.0,1655.53,9237.5786,1782241199999999,15293802.98548,118813,5068.2906,8393065.087071,0
58446-12-22 16:00:00,1655.53,1663.97,1655.47,1662.58,7258.075,1782244799999999,12048293.599488,124349,3721.0679,6176807.073459,0
58447-02-02 08:00:00,1662.57,1667.64,1661.42,1664.13,5425.2313,1782248399999999,9029075.192325,75904,3014.4698,5017208.78326,0
58447-03-16 00:00:00,1664.12,1668.37,1663.52,1666.75,3885.2737,1782251999999999,6473660.762349,62024,2135.2712,3557713.117127,0
58447-04-26 16:00:00,1666.74,1672.92,1663.0,1664.67,4377.063,1782255599999999,7298017.739748,68780,2400.8541,4003433.582831,0
58447-06-07 08:00:00,1664.67,1669.55,1660.27,1667.13,5148.8868,1782259199999999,8567779.318936,82378,2747.2844,4571757.992496,0
58447-07-19 00:00:00,1667.13,1674.72,1666.75,1671.37,4670.7478,1782262799999999,7802184.909044,127052,2448.2906,4089894.420196,0
58447-08-29 16:00:00,1671.37,1680.46,1666.12,1672.71,6893.0807,1782266399999999,11536959.421673,141873,3687.3762,6173042.355008,0
58447-10-10 08:00:00,1672.71,1673.62,1663.53,1664.03,4564.5059,1782269999999999,7612749.890462,98631,2104.8938,3510683.565564,0
58447-11-21 00:00:00,1664.03,1670.09,1658.18,1666.67,6262.17,1782273599999999,10420911.505237,58133,3053.3526,5081961.699908,0
58448-01-01 16:00:00,1666.67,1671.01,1658.22,1669.0,6413.2087,1782277199999999,10679701.830381,52435,2614.0113,4353336.621753,0
58448-02-12 08:00:00,1669.0,1679.57,1667.8,1674.48,6618.8595,1782280799999999,11083008.862675,46833,3657.1555,6122801.406711,0
58448-03-25 00:00:00,1674.48,1677.0,1670.54,1674.89,5038.4681,1782284399999999,8437786.690857,44041,2588.226,4334969.700442,0
58448-05-05 16:00:00,1674.89,1678.53,1670.94,1673.12,6333.9631,1782287999999999,10602410.526256,92098,3335.7887,5583936.939217,0
58448-06-16 08:00:00,1673.13,1675.2,1669.23,1673.28,5571.6204,1782291599999999,9319037.201599,70359,3317.1573,5548416.913818,0
58448-07-28 00:00:00,1673.28,1673.38,1665.29,1667.15,6153.8632,1782295199999999,10267309.923124,82763,3245.2228,5413849.677029,0
58448-09-07 16:00:00,1667.14,1668.0,1662.88,1663.69,7390.6395,1782298799999999,12310679.372057,100311,4321.8597,7199137.40436,0
58448-10-19 08:00:00,1663.68,1693.67,1655.76,1679.57,14579.9312,1782302399999999,24386813.15068,196962,7886.4214,13194742.817555,0
58448-11-30 00:00:00,1679.57,1681.29,1670.52,1671.53,8195.6948,1782305999999999,13742797.529493,144530,4005.3514,6717711.142806,0
58449-01-10 16:00:00,1671.53,1672.17,1641.44,1645.43,27387.7547,1782309599999999,45259783.651023,511529,13117.734,21674417.660463,0
58449-02-21 08:00:00,1645.42,1657.4,1638.14,1647.26,23273.2898,1782313199999999,38333094.305406,397358,11379.472,18747491.788064,0
58449-04-04 00:00:00,1647.27,1651.24,1616.8,1618.08,29543.9569,1782316799999999,48219204.546987,429657,11936.3887,19484808.273946,0
58449-05-15 16:00:00,1618.08,1636.08,1585.2,1589.87,48596.7881,1782320399999999,78254187.83027,539206,22971.3236,37010266.948312,0
58449-06-26 08:00:00,1589.86,1597.83,1552.95,1560.66,44350.5832,1782323999999999,69808503.648534,694121,20049.0714,31561347.850794,0
58449-08-07 00:00:00,1560.66,1585.11,1556.86,1572.26,27727.0215,1782327599999999,43596798.469036,412201,14079.6883,22140262.59981,0
58449-09-17 16:00:00,1572.27,1585.39,1567.12,1584.58,14632.3502,1782331199999999,23069890.180362,232394,8906.5694,14045934.186045,0
58449-10-29 08:00:00,1584.59,1622.12,1580.0,1613.63,23963.5871,1782334799999999,38537884.744244,399980,13697.6111,22023502.513432,0
58449-12-10 00:00:00,1613.63,1621.81,1606.09,1621.37,10321.2757,1782338399999999,16654218.726282,141364,6017.2062,9710919.576979,0
58450-01-20 16:00:00,1621.37,1629.82,1613.65,1615.46,11234.9187,1782341999999999,18200425.96446,144983,5296.7725,8583017.840377,0
58450-03-03 08:00:00,1615.45,1623.46,1613.75,1622.17,6010.0615,1782345599999999,9729965.065003,95285,3475.2951,5626402.306594,0
58450-04-14 00:00:00,1622.18,1626.51,1616.56,1619.12,10082.8277,1782349199999999,16343599.415342,141681,5030.7457,8154311.710598,0
58450-05-25 16:00:00,1619.12,1624.24,1614.69,1620.72,5059.8255,1782352799999999,8194012.823726,109141,2508.0068,4061852.066604,0
58450-07-06 08:00:00,1620.73,1621.47,1615.04,1621.0,3603.6797,1782356399999999,5832603.975601,76255,1875.706,3036024.344059,0
58450-08-17 00:00:00,1621.01,1624.12,1616.23,1619.6,5190.7625,1782359999999999,8407364.212533,82614,2266.1125,3670529.158549,0
58450-09-27 16:00:00,1619.61,1636.52,1617.12,1635.03,10616.0313,1782363599999999,17267857.603805,117483,6259.4047,10184611.812824,0
58450-11-08 08:00:00,1635.04,1652.23,1633.58,1645.89,29374.7463,1782367199999999,48336952.152088,226731,17447.0096,28707066.372443,0
58450-12-20 00:00:00,1645.89,1660.54,1644.15,1653.95,13089.7778,1782370799999999,21616653.58787,135861,8186.2678,13518878.981265,0
58451-01-30 16:00:00,1653.95,1659.89,1651.22,1657.19,10508.2479,1782374399999999,17394718.63008,118583,5818.3098,9631499.869358,0
58451-03-13 08:00:00,1657.2,1658.98,1651.03,1652.92,5137.7257,1782377999999999,8495559.053666,71450,2427.8002,4014338.837111,0
58451-04-24 00:00:00,1652.93,1655.41,1646.62,1648.88,5291.9171,1782381599999999,8731909.079111,64493,2916.4948,4813081.780786,0
58451-06-04 16:00:00,1648.89,1649.83,1633.6,1636.58,12280.2774,1782385199999999,20159810.138881,97898,6522.9488,10711530.891351,0
58451-07-16 08:00:00,1636.58,1639.17,1628.05,1633.27,21315.38,1782388799999999,34789632.197781,182482,13413.3953,21892852.122146,0
58451-08-27 00:00:00,1633.28,1650.38,1624.71,1635.81,14082.1411,1782392399999999,23049970.482293,134433,6998.4249,11452798.666952,0
58451-10-07 16:00:00,1635.82,1640.98,1532.9,1538.15,69978.661,1782395999999999,110126262.38279,603953,31572.7483,49674977.208162,0
58451-11-18 08:00:00,1538.15,1593.07,1538.15,1568.37,74239.2585,1782399599999999,116265526.444357,793058,39541.2066,61937832.955665,0
58451-12-30 00:00:00,1568.37,1573.55,1544.68,1570.01,40193.9689,1782403199999999,62716373.457562,349757,21219.8806,33119135.16848,0
58452-02-09 16:00:00,1570.01,1587.7,1558.17,1562.04,27455.6057,1782406799999999,43189238.437771,245000,16353.4216,25735463.938933,0
58452-03-22 08:00:00,1562.04,1575.43,1557.56,1574.92,16173.2073,1782410399999999,25377763.041316,197128,9191.487,14423608.540132,0
58452-05-03 00:00:00,1574.92,1577.49,1560.0,1567.56,15081.155,1782413999999999,23657584.112519,152109,8456.4204,13266289.249171,0
58452-06-13 16:00:00,1567.56,1567.83,1554.6,1559.42,11610.4484,1782417599999999,18109434.285576,119693,5546.106,8649800.054749,0
58452-07-25 08:00:00,1559.41,1570.74,1556.73,1560.33,9081.7274,1782421199999999,14203307.62696,91234,5113.8875,7996229.976932,0
58452-09-05 00:00:00,1560.33,1583.09,1560.14,1580.77,11363.3588,1782424799999999,17855485.97891,122961,6789.3267,10665025.637518,0
58452-10-16 16:00:00,1580.76,1583.65,1566.62,1570.3,10594.8086,1782428399999999,16660815.736335,129542,5673.2829,8921667.621472,0
58452-11-27 08:00:00,1570.29,1579.82,1564.57,1567.84,9265.4654,1782431999999999,14582523.694021,91040,5118.6341,8057586.127052,0
58453-01-08 00:00:00,1567.86,1571.78,1563.69,1564.72,4929.4635,1782435599999999,7732219.973704,102203,2445.9318,3837162.150849,0
58453-02-18 16:00:00,1564.73,1568.65,1555.33,1560.13,7050.3691,1782439199999999,11002931.764973,120243,2955.4456,4612567.282596,0
58453-04-01 08:00:00,1560.13,1560.94,1520.0,1524.7,35180.3739,1782442799999999,53920183.490417,350291,15735.0081,24108573.455864,0
58453-05-13 00:00:00,1524.7,1563.65,1512.0,1557.93,36405.7942,1782446399999999,55833164.78089,311444,19035.756,29240145.08181,0
58453-06-23 16:00:00,1557.93,1560.7,1547.41,1549.79,8921.6847,1782449999999999,13860407.058772,125804,4776.7869,7423167.043839,0
58453-08-04 08:00:00,1549.8,1559.22,1548.4,1555.69,11399.796,1782453599999999,17717694.473139,88504,6058.1781,9413655.364746,0
58453-09-15 00:00:00,1555.68,1574.02,1543.43,1570.99,15077.4482,1782457199999999,23491105.690029,142793,7245.9341,11294088.236493,0
58453-10-26 16:00:00,1571.0,1586.5,1570.65,1581.12,33337.5574,1782460799999999,52696883.078562,164019,20980.8512,33161224.915304,0
58453-12-07 08:00:00,1581.12,1582.43,1563.55,1566.43,27853.2557,1782464399999999,43777939.32111,159295,13798.3139,21692475.541587,0
58454-01-18 00:00:00,1566.44,1567.28,1549.33,1552.99,16726.1838,1782467999999999,26098137.094057,180031,7169.8014,11189232.404033,0
58454-02-28 16:00:00,1552.99,1556.15,1545.0,1548.37,10405.9714,1782471599999999,16139792.506574,124521,5233.4792,8116871.271613,0
58454-04-11 08:00:00,1548.36,1555.2,1541.01,1545.14,15853.2916,1782475199999999,24540006.38568,163091,6026.5384,9329446.285119,0
58454-05-23 00:00:00,1545.15,1560.61,1527.81,1536.28,20616.5501,1782478799999999,31781848.695117,276002,10714.0051,16516236.975038,0
58454-07-03 16:00:00,1536.29,1571.4,1521.54,1569.4,35433.1384,1782482399999999,54726559.14536,315613,19166.327,29608820.358987,0
58454-08-14 08:00:00,1569.4,1575.36,1553.66,1559.98,33128.1114,1782485999999999,51815499.485896,353398,17557.1481,27462827.553193,0
58454-09-25 00:00:00,1559.98,1588.23,1559.56,1580.14,30928.0575,1782489599999999,48810366.690973,288175,16380.1717,25841535.551137,0
58454-11-05 16:00:00,1580.13,1594.7,1572.44,1577.84,19277.1459,1782493199999999,30502898.49313,186783,10235.673,16199138.002239,0
58454-12-17 08:00:00,1577.83,1589.03,1576.59,1581.92,14613.1395,1782496799999999,23146163.172901,127260,8030.5851,12719817.100821,0
58455-01-28 00:00:00,1581.91,1585.51,1570.32,1573.34,9649.542,1782500399999999,15219034.568845,97202,5001.1853,7886445.842388,0
58455-03-10 16:00:00,1573.35,1584.2,1570.5,1574.51,10709.8894,1782503999999999,16909320.865013,109728,5419.5438,8554830.625197,0
58455-04-21 08:00:00,1574.51,1583.4,1568.0,1571.03,12801.7066,1782507599999999,20149949.647443,107073,7345.2556,11563064.059148,0
58455-06-02 00:00:00,1571.02,1579.4,1568.43,1575.18,5129.5189,1782511199999999,8073385.099061,46022,3043.0997,4789338.376663,0
58455-07-13 16:00:00,1575.17,1579.45,1569.44,1577.95,4444.5729,1782514799999999,6997929.307435,43482,2393.8501,3769573.389609,0
58455-08-24 08:00:00,1577.94,1580.76,1574.44,1578.68,3818.8772,1782518399999999,6026653.061491,27605,2385.4003,3764701.018932,0
58455-10-05 00:00:00,1578.68,1582.07,1571.55,1576.82,3878.2438,1782521999999999,6113073.308438,44994,1791.6213,2824772.098012,0
58455-11-15 16:00:00,1576.83,1577.7,1574.0,1576.01,1579.7964,1782525599999999,2489634.045654,33257,810.0864,1276727.476986,0
58455-12-27 08:00:00,1576.0,1587.17,1574.64,1583.13,5372.9276,1782529199999999,8506992.831208,71791,3396.6638,5377303.98496,0
58456-02-07 00:00:00,1583.13,1585.09,1578.41,1580.62,8297.5749,1782532799999999,13122287.665677,54522,2311.9399,3655874.235426,0
58456-03-19 16:00:00,1580.62,1585.22,1579.0,1579.48,3722.0811,1782536399999999,5890313.957846,39256,1634.1809,2586625.120131,0
58456-04-30 08:00:00,1579.48,1581.12,1577.0,1578.65,4219.369,1782539999999999,6663587.318971,30181,1587.2967,2506813.786039,0
58456-06-11 00:00:00,1578.66,1584.61,1575.2,1582.71,3621.2467,1782543599999999,5722785.847219,32595,1917.3497,3030759.331788,0
58456-07-22 16:00:00,1582.71,1586.38,1580.39,1585.71,3657.5886,1782547199999999,5791102.903385,36508,1976.5915,3129722.441711,0
58456-09-02 08:00:00,1585.72,1585.95,1582.05,1584.18,5115.6115,1782550799999999,8102064.517897,43737,1857.0481,2940899.935446,0
58456-10-14 00:00:00,1584.18,1584.91,1579.39,1582.93,3278.6379,1782554399999999,5186230.793281,36439,1289.4851,2039865.222166,0
58456-11-24 16:00:00,1582.93,1584.97,1582.18,1584.31,2292.3254,1782557999999999,3630344.148595,20654,1268.2406,2008581.256626,0
58457-01-05 08:00:00,1584.31,1585.12,1579.0,1584.0,2769.0168,1782561599999999,4380765.256652,25031,1556.5603,2462561.379548,0
58457-02-16 00:00:00,1584.0,1586.49,1581.42,1585.95,3471.4236,1782565199999999,5498753.063537,25937,2156.8458,3416796.885701,0
58457-03-29 16:00:00,1585.95,1593.23,1584.98,1592.3,8300.5495,1782568799999999,13186144.613478,74114,5341.6481,8484877.330587,0
58457-05-10 08:00:00,1592.31,1598.88,1589.49,1594.68,7439.2954,1782572399999999,11861726.53504,82371,4366.6242,6962663.847627,0
58457-06-21 00:00:00,1594.68,1611.02,1594.09,1605.68,14977.0937,1782575999999999,24027135.08083,101056,9681.6873,15529888.92032,0
58457-08-01 16:00:00,1605.68,1607.92,1601.7,1606.97,4657.1413,1782579599999999,7472609.006643,63897,2315.7444,3716010.949082,0
58457-09-12 08:00:00,1606.98,1607.1,1588.6,1591.42,10759.7153,1782583199999999,17155505.408079,87328,4657.7807,7425794.267246,0
58457-10-24 00:00:00,1591.42,1594.7,1589.2,1593.92,2775.8577,1782586799999999,4419335.157371,48362,1251.5901,1992918.722274,0
58457-12-04 16:00:00,1593.91,1595.25,1573.36,1578.51,11430.8918,1782590399999999,18060519.361371,108565,6146.6645,9706957.00502,0
58458-01-15 08:00:00,1578.51,1583.24,1578.48,1581.48,2379.6934,1782593999999999,3762895.765687,26294,1295.0533,2047728.499581,0
58458-02-26 00:00:00,1581.48,1585.69,1573.93,1575.38,5770.0474,1782597599999999,9117952.334598,39498,3203.0991,5063039.861463,0
58458-04-08 16:00:00,1575.38,1579.56,1562.86,1578.98,7609.1967,1782601199999999,11961164.852582,88917,3622.1324,5693312.895399,0
58458-05-20 08:00:00,1578.98,1581.58,1570.55,1573.99,4217.0343,1782604799999999,6644715.878691,66520,1950.2515,3073994.762643,0
58458-07-01 00:00:00,1574.0,1578.08,1572.71,1574.75,2955.0191,1782608399999999,4655738.343571,31312,1257.9352,1981996.928129,0
58458-08-11 16:00:00,1574.74,1576.95,1570.0,1575.11,3504.1895,1782611999999999,5515996.785182,31449,1558.0214,2451804.196481,0
58458-09-22 08:00:00,1575.11,1580.05,1569.07,1572.0,4027.3051,1782615599999999,6339079.377529,50084,1566.8846,2467242.225461,0
58458-11-03 00:00:00,1572.01,1576.11,1572.01,1575.08,1672.754,1782619199999999,2633274.879493,28751,761.6752,1199058.636382,0
58458-12-14 16:00:00,1575.08,1577.34,1570.64,1574.32,3089.3636,1782622799999999,4864161.610929,41056,1566.8244,2466616.092084,0
58459-01-25 08:00:00,1574.32,1574.33,1564.33,1569.17,6581.5522,1782626399999999,10322598.375725,84188,2895.0899,4540689.759332,0
58459-03-08 00:00:00,1569.18,1570.65,1562.41,1567.84,5839.1572,1782629999999999,9147895.074422,72967,3355.2307,5256600.62291,0
58459-04-18 16:00:00,1567.85,1577.13,1567.84,1575.96,5527.1852,1782633599999999,8694687.816686,46043,4084.7187,6424790.438058,0
58459-05-30 08:00:00,1575.96,1585.32,1573.75,1581.58,8339.7096,1782637199999999,13180926.353965,70481,4375.0732,6917067.999065,0
58459-07-11 00:00:00,1581.58,1586.35,1578.37,1579.09,6148.2754,1782640799999999,9726242.940607,50064,3613.836,5717422.814097,0
58459-08-21 16:00:00,1579.08,1581.42,1572.23,1577.16,5257.7219,1782644399999999,8290294.904813,35607,1968.0749,3103964.249386,0
58459-10-02 08:00:00,1577.16,1584.0,1575.9,1582.87,4122.2234,1782647999999999,6515638.892907,39752,1990.0527,3145311.82736,0
58459-11-13 00:00:00,1582.86,1588.82,1578.21,1583.56,8975.4982,1782651599999999,14203474.266382,70298,5133.1367,8124345.830675,0
58459-12-24 16:00:00,1583.56,1583.85,1575.04,1579.68,4303.2526,1782655199999999,6798912.731576,52976,2072.6222,3274825.912079,0
58460-02-04 08:00:00,1579.68,1586.36,1577.92,1581.56,4893.5491,1782658799999999,7744239.139501,58961,2651.373,4196647.615191,0
58460-03-17 00:00:00,1581.55,1585.36,1577.2,1580.89,5502.2554,1782662399999999,8701478.175129,61003,2287.9037,3618313.790834,0
58460-04-27 16:00:00,1580.9,1581.94,1566.62,1572.85,9393.4685,1782665999999999,14774481.819345,102552,4569.379,7191048.351203,0
58460-06-08 08:00:00,1572.84,1577.36,1563.53,1572.35,6830.0724,1782669599999999,10720563.112633,76312,3733.6755,5862565.466521,0
58460-07-20 00:00:00,1572.34,1575.15,1569.08,1571.78,3637.0534,1782673199999999,5717451.42424,38487,1803.4398,2834873.557361,0
58460-08-30 16:00:00,1571.79,1574.55,1556.81,1564.62,6915.1044,1782676799999999,10816457.181206,59355,2791.0331,4365269.871773,0
58460-10-11 08:00:00,1564.61,1576.42,1564.3,1573.2,4705.0587,1782680399999999,7393128.976464,65604,2712.9634,4261102.904753,0
58460-11-22 00:00:00,1573.2,1573.87,1559.21,1563.62,4084.214,1782683999999999,6400653.880743,46124,1743.0071,2731487.712597,0
58461-01-02 16:00:00,1563.63,1582.29,1548.37,1557.09,15493.9496,1782687599999999,24232808.60506,192279,6804.6489,10645756.321541,0
58461-02-13 08:00:00,1557.08,1580.1,1555.35,1571.96,8383.2092,1782691199999999,13154448.854796,100923,4764.3963,7474788.179438,0
58461-03-27 00:00:00,1571.96,1574.69,1552.21,1573.53,9360.7204,1782694799999999,14630040.819051,181745,4187.3709,6547271.280559,0
58461-05-07 16:00:00,1573.53,1574.28,1560.19,1568.7,5801.2428,1782698399999999,9096889.584042,117933,2898.1216,4544314.756818,0
58461-06-18 08:00:00,1568.71,1579.15,1550.43,1576.6,12263.5163,1782701999999999,19239110.155352,156675,6392.8932,10029367.860433,0
58461-07-30 00:00:00,1576.6,1589.75,1576.6,1584.78,9914.2931,1782705599999999,15698498.053322,99217,5630.6123,8916479.010512,0
58461-09-09 16:00:00,1584.77,1585.05,1574.65,1575.5,4238.9336,1782709199999999,6696362.653538,57861,1749.002,2762767.470296,0
58461-10-21 08:00:00,1575.5,1583.1,1562.26,1583.1,8554.5454,1782712799999999,13442506.905675,115515,4641.9835,7296193.905241,0
58461-12-02 00:00:00,1583.1,1589.08,1579.81,1582.82,5429.1652,1782716399999999,8601161.193389,55980,2679.2461,4245444.24108,0
58462-01-12 16:00:00,1582.82,1584.9,1577.92,1580.16,5938.948,1782719999999999,9388664.935925,74630,2660.7091,4206493.290065,0
58462-02-23 08:00:00,1580.17,1582.33,1569.85,1572.98,7152.0886,1782723599999999,11269050.849177,87586,2584.6772,4073289.532147,0
58462-04-06 00:00:00,1572.98,1580.44,1570.49,1576.2,7628.9728,1782727199999999,12016895.539213,69447,3685.0865,5803711.001648,0
58462-05-17 16:00:00,1576.2,1587.0,1576.2,1578.6,7670.0029,1782730799999999,12126076.231036,80173,3622.3205,5726731.492425,0
58462-06-28 08:00:00,1578.6,1582.54,1570.32,1574.93,10782.3057,1782734399999999,16974404.383125,90971,5518.2479,8687545.814476,0
58462-08-09 00:00:00,1574.93,1597.28,1566.6,1576.11,29333.7411,1782737999999999,46456083.57757,245357,15111.7749,23918975.77028,0
58462-09-19 16:00:00,1576.12,1588.82,1564.85,1572.74,22887.3389,1782741599999999,36049227.225367,220733,10336.979,16282876.75439,0
58462-10-31 08:00:00,1572.74,1579.34,1557.35,1572.9,25528.2616,1782745199999999,40018353.765829,239462,14444.6392,22642786.788509,0
58462-12-12 00:00:00,1572.9,1585.41,1561.7,1580.26,22851.741,1782748799999999,35982313.54683,185248,12770.9133,20117949.596068,0
58463-01-22 16:00:00,1580.26,1587.71,1574.06,1585.37,13677.845,1782752399999999,21628527.116073,106341,7495.1357,11854200.612525,0
58463-03-05 08:00:00,1585.37,1637.58,1585.37,1628.03,47576.4852,1782755999999999,77085161.798916,347669,24270.2465,39296231.093356,0
58463-04-16 00:00:00,1628.04,1628.61,1618.37,1621.1,11128.5518,1782759599999999,18068573.119427,98416,5084.7698,8254224.020274,0
58463-05-27 16:00:00,1621.1,1627.36,1616.23,1625.6,8541.6103,1782763199999999,13858707.675965,88182,3803.0493,6170433.547347,0
58463-07-08 08:00:00,1625.6,1626.65,1617.37,1617.66,11491.5988,1782766799999999,18653984.196566,62736,5860.2054,9511789.734174,0
58463-08-19 00:00:00,1617.66,1623.0,1611.5,1619.99,8484.7618,1782770399999999,13724870.010593,63775,4199.6149,6794071.128143,0
58463-09-29 16:00:00,1620.0,1622.11,1610.36,1612.9,7654.4177,1782773999999999,12369207.318934,54039,2654.874,4292597.823605,0
58463-11-10 08:00:00,1612.9,1613.98,1607.41,1613.07,6077.8868,1782777599999999,9792799.882267,60037,2731.0302,4400133.268184,0
58463-12-22 00:00:00,1613.07,1614.41,1592.71,1594.41,14031.367,1782781199999999,22459234.264843,93557,7889.8961,12621687.170504,0
58464-02-01 16:00:00,1594.42,1599.83,1589.0,1593.92,9136.2958,1782784799999999,14559091.015432,66186,4193.8302,6683616.103917,0
58464-03-14 08:00:00,1593.92,1593.93,1586.49,1590.57,6252.3613,1782788399999999,9945222.078474,57681,2523.7047,4014329.410413,0
58464-04-25 00:00:00,1590.57,1596.18,1586.58,1587.18,5380.6859,1782791999999999,8563505.033642,51663,2783.2812,4430815.999483,0
58464-06-05 16:00:00,1587.18,1590.99,1579.79,1588.11,8118.7324,1782795599999999,12875520.300425,56401,3023.1122,4795251.046857,0
58464-07-17 08:00:00,1588.1,1592.02,1585.22,1591.6,6208.8648,1782799199999999,9865144.279373,44916,3051.6455,4848573.285424,0
58464-08-28 00:00:00,1591.61,1594.65,1589.0,1593.72,4198.2353,1782802799999999,6682125.694286,42074,2461.4684,3917665.429333,0
58464-10-08 16:00:00,1593.72,1596.25,1590.07,1592.51,6659.2553,1782806399999999,10606140.518563,56908,3233.8625,5150619.037107,0
58464-11-19 08:00:00,1592.51,1594.28,1579.54,1583.98,12844.0851,1782809999999999,20359459.279685,90887,6526.8163,10344774.998187,0
58464-12-31 00:00:00,1583.97,1587.03,1581.49,1585.35,6708.2319,1782813599999999,10628279.654301,54306,2910.5448,4611946.278164,0
58465-02-10 16:00:00,1585.35,1586.93,1582.23,1584.51,5569.3034,1782817199999999,8825365.74054,54885,1997.8941,3165869.355459,0
58465-03-24 08:00:00,1584.52,1586.15,1575.85,1578.58,8676.2458,1782820799999999,13715629.294983,76082,3284.3134,5191606.142442,0
58465-05-05 00:00:00,1578.57,1578.58,1551.33,1552.79,21763.4864,1782824399999999,34043917.762458,210282,8350.972,13068317.758341,0
58465-06-15 16:00:00,1552.8,1567.51,1550.2,1567.29,25249.4669,1782827999999999,39351026.180786,241720,12253.3992,19106502.779485,0
58465-07-27 08:00:00,1567.29,1578.0,1561.33,1563.52,14106.087,1782831599999999,22150727.805702,198866,6852.49,10760131.165023,0
58465-09-07 00:00:00,1563.52,1576.94,1557.35,1565.18,12920.771,1782835199999999,20234599.00016,152549,6545.3204,10251173.681948,0
58465-10-18 16:00:00,1565.19,1575.0,1561.84,1572.38,10466.6846,1782838799999999,16398660.473493,83683,6104.5625,9563153.522026,0
58465-11-29 08:00:00,1572.38,1577.1,1568.64,1570.86,6056.3848,1782842399999999,9520633.246524,70664,2475.7693,3891951.907191,0
58466-01-10 00:00:00,1570.87,1581.83,1569.59,1579.11,9113.0683,1782845999999999,14361277.11565,67297,4213.9171,6641187.052454,0
58466-02-20 16:00:00,1579.1,1581.92,1575.56,1580.53,6894.013,1782849599999999,10885158.419251,62883,3466.6645,5473752.6107,0
58466-04-03 08:00:00,1580.52,1582.98,1573.4,1575.99,6496.5523,1782853199999999,10250707.782482,53906,2842.4672,4484815.231599,0
58466-05-15 00:00:00,1575.99,1577.26,1570.0,1571.68,4676.418,1782856799999999,7353845.234268,40154,2137.1565,3360245.540757,0
58466-06-25 16:00:00,1571.68,1575.3,1566.81,1567.64,5732.2341,1782860399999999,9002160.057823,46348,2541.7507,3992247.066457,0
58466-08-06 08:00:00,1567.64,1572.8,1566.0,1572.01,4798.3738,1782863999999999,7532850.647082,39840,2715.0012,4262065.748548,0
58466-09-17 00:00:00,1572.0,1576.7,1566.13,1575.07,5170.8349,1782867599999999,8129095.514765,54522,2954.5982,4645852.370709,0
58466-10-28 16:00:00,1575.07,1586.6,1552.92,1577.91,20972.9935,1782871199999999,32929652.232648,167041,11137.6888,17503026.552642,0
58466-12-09 08:00:00,1577.91,1589.55,1574.53,1586.3,9847.6845,1782874799999999,15596523.967194,125020,5645.5885,8943520.452591,0
58467-01-20 00:00:00,1586.3,1599.19,1582.45,1594.81,13735.444,1782878399999999,21840565.645165,121525,8735.1433,13888868.987852,0
58467-03-02 16:00:00,1594.81,1604.02,1590.89,1599.35,10850.5559,1782881999999999,17334293.524647,100283,5222.6653,8340404.445653,0
58467-04-13 08:00:00,1599.35,1600.83,1591.21,1593.0,7409.7686,1782885599999999,11821915.46023,59392,3847.8654,6138770.459133,0
58467-05-25 00:00:00,1593.0,1593.15,1571.5,1575.99,14828.2999,1782889199999999,23423192.941863,87588,7148.734,11290317.840175,0
58467-07-05 16:00:00,1575.99,1581.19,1572.5,1578.36,6847.453,1782892799999999,10798577.252415,72835,3583.8613,5651479.092971,0
58467-08-16 08:00:00,1578.36,1582.37,1568.51,1582.37,6285.3084,1782896399999999,9895691.674363,65183,3091.3256,4866912.242666,0
58467-09-27 00:00:00,1582.36,1585.33,1578.68,1581.01,7492.7088,1782899999999999,11845910.598826,54315,3691.8361,5837289.920764,0
58467-11-07 16:00:00,1581.0,1581.52,1572.11,1573.43,5702.4791,1782903599999999,8986221.651297,58520,2287.3627,3603922.724927,0
58467-12-19 08:00:00,1573.43,1575.96,1567.13,1569.89,6688.4104,1782907199999999,10516625.264374,56357,3266.8568,5138313.805536,0
58468-01-30 00:00:00,1569.88,1572.49,1565.26,1570.24,7560.239,1782910799999999,11858160.69619,90406,4091.6636,6418222.819053,0
58468-03-11 16:00:00,1570.24,1598.0,1570.0,1597.22,20616.9671,1782914399999999,32629614.867567,216742,11488.0566,18181314.967048,0
58468-04-22 08:00:00,1597.22,1617.04,1591.2,1601.18,38319.4006,1782917999999999,61498216.665478,296821,18269.8442,29324160.255322,0
58468-06-03 00:00:00,1601.19,1631.0,1600.98,1620.09,28006.7756,1782921599999999,45381649.690498,203030,13464.1846,21813810.003142,0
58468-07-14 16:00:00,1620.1,1629.26,1612.77,1614.54,13891.3461,1782925199999999,22501742.333156,113107,7451.2368,12074003.829603,0
58468-08-25 08:00:00,1614.54,1624.79,1607.17,1622.72,10580.0853,1782928799999999,17122927.776687,98163,5776.3881,9347363.806737,0
58468-10-06 00:00:00,1622.72,1624.5,1612.01,1616.59,7761.2219,1782932399999999,12563300.934717,66585,3680.2727,5957857.217064,0
58468-11-16 16:00:00,1616.59,1624.0,1614.42,1618.09,8988.5581,1782935999999999,14557748.825906,90166,3704.8134,5999593.48971,0
58468-12-28 08:00:00,1618.07,1620.46,1610.38,1617.68,8568.5384,1782939599999999,13839435.831774,74140,4356.4862,7037548.725054,0
58469-02-08 00:00:00,1617.67,1638.63,1617.55,1632.12,18296.0103,1782943199999999,29764500.204764,144283,10653.8722,17335459.209783,0
58469-03-21 16:00:00,1632.11,1646.26,1620.58,1621.63,17822.8349,1782946799999999,29112747.480882,146389,9041.3626,14769407.582431,0
58469-05-02 08:00:00,1621.62,1621.63,1608.35,1609.58,10292.3927,1782950399999999,16612355.637391,116185,3777.7952,6098031.196102,0
58469-06-13 00:00:00,1609.59,1609.8,1597.22,1603.42,10412.1329,1782953999999999,16693987.037687,89188,4563.8404,7317834.555436,0
58469-07-24 16:00:00,1603.42,1625.0,1602.63,1620.48,8577.1529,1782957599999999,13847597.59757,86286,5303.8303,8563960.159168,0
58469-09-04 08:00:00,1620.47,1624.45,1614.64,1620.68,6676.4185,1782961199999999,10817087.363577,65480,2727.8232,4419740.263671,0
58469-10-16 00:00:00,1620.69,1642.32,1618.12,1639.47,19491.7734,1782964799999999,31812805.768597,131363,13080.8381,21348706.103403,0
58469-11-26 16:00:00,1639.46,1639.94,1630.44,1632.71,10670.8888,1782968399999999,17450788.362636,83425,4723.2466,7720912.587777,0
58470-01-07 08:00:00,1632.71,1634.84,1625.21,1626.5,6765.4143,1782971999999999,11027419.122302,85511,2805.5454,4574536.570331,0
58470-02-18 00:00:00,1626.51,1629.88,1617.51,1619.14,8049.3462,1782975599999999,13072451.850919,95100,3441.6962,5590106.108173,0
58470-03-31 16:00:00,1619.14,1619.88,1614.32,1615.97,14349.358,1782979199999999,23199501.973313,96952,6526.1935,10551655.328801,0
58470-05-12 08:00:00,1615.97,1626.35,1615.08,1624.92,8243.2229,1782982799999999,13366584.339016,69022,4937.7222,8006198.422422,0
58470-06-23 00:00:00,1624.91,1651.95,1620.34,1643.33,27834.7307,1782986399999999,45692397.526242,169296,16039.0292,26325685.310298,0
58470-08-03 16:00:00,1643.32,1649.62,1641.48,1646.12,12264.0883,1782989999999999,20181061.038684,119800,7502.7452,12345549.00629,0
58470-09-14 08:00:00,1646.12,1657.53,1644.53,1650.32,22336.0921,1782993599999999,36856378.028205,116549,11200.3977,18481508.216984,0
58470-10-26 00:00:00,1650.31,1669.72,1647.66,1662.82,25143.5073,1782997199999999,41722672.04321,212567,14953.7664,24817427.307047,0
58470-12-06 16:00:00,1662.81,1713.77,1660.73,1710.72,70316.272,1783000799999999,119318977.171553,467136,42009.3077,71282808.221634,0
58471-01-17 08:00:00,1710.73,1725.0,1692.96,1701.55,46156.9842,1783004399999999,78803296.338887,389614,23405.5288,39982100.444813,0
58471-02-28 00:00:00,1701.55,1703.5,1688.72,1697.05,15806.44,1783007999999999,26839488.345971,151677,7956.3824,13510719.555421,0
58471-04-10 16:00:00,1697.06,1704.0,1686.49,1699.67,15511.6102,1783011599999999,26301027.045675,126658,7599.5388,12887589.898254,0
58471-05-22 08:00:00,1699.66,1705.94,1694.51,1695.89,10016.6606,1783015199999999,17033582.071458,111987,4453.4827,7573182.997108,0
58471-07-03 00:00:00,1695.88,1707.14,1695.45,1702.06,6185.1802,1783018799999999,10529851.470528,54794,2680.6652,4563440.969129,0
58471-08-13 16:00:00,1702.05,1705.53,1694.75,1700.15,6640.0703,1783022399999999,11293768.317995,63326,3096.061,5266317.004086,0
58471-09-24 08:00:00,1700.15,1706.68,1696.08,1705.75,6054.8546,1783025999999999,10298314.988447,54573,3134.7249,5331343.581274,0
58471-11-05 00:00:00,1705.75,1705.89,1697.36,1700.23,6841.1257,1783029599999999,11643142.448007,44086,2585.9216,4398378.507775,0
58471-12-16 16:00:00,1700.23,1700.98,1694.2,1696.88,4106.7179,1783033199999999,6970375.250494,46478,2168.1046,3680081.335806,0
58472-01-27 08:00:00,1696.88,1701.8,1692.13,1700.57,5003.4662,1783036799999999,8491325.617654,68695,2890.1587,4905440.019815,0
58472-03-09 00:00:00,1700.57,1702.98,1694.72,1696.75,6275.857,1783040399999999,10661074.598573,112325,2590.2995,4401132.534145,0
58472-04-19 16:00:00,1696.75,1718.97,1695.34,1712.33,14375.0928,1783043999999999,24611112.614379,118377,8778.994,15026419.599306,0
58472-05-31 08:00:00,1712.33,1715.33,1696.23,1704.76,8846.1544,1783047599999999,15093440.186303,126109,3794.9448,6473892.754783,0
58472-07-12 00:00:00,1704.75,1712.11,1699.53,1706.43,4972.0058,1783051199999999,8486155.086328,55748,3101.3092,5293928.415317,0
58472-08-22 16:00:00,1706.43,1708.5,1702.34,1703.08,5425.9664,1783054799999999,9250925.978247,46006,2798.0452,4770756.885058,0
58472-10-03 08:00:00,1703.07,1721.8,1702.28,1714.92,8051.4626,1783058399999999,13798116.347475,74147,4594.6919,7872920.820131,0
58472-11-14 00:00:00,1714.93,1721.53,1712.94,1716.03,5814.7847,1783061999999999,9982794.537466,68892,2947.4485,5060283.301172,0
58472-12-25 16:00:00,1716.03,1722.21,1713.97,1717.77,11185.8006,1783065599999999,19224541.730875,89675,5147.4191,8846725.011135,0
58473-02-05 08:00:00,1717.77,1735.13,1715.68,1719.89,16499.8712,1783069199999999,28479552.960645,146076,9247.8841,15963510.70193,0
58473-03-19 00:00:00,1719.89,1731.25,1717.03,1726.28,8910.3848,1783072799999999,15380577.18423,110185,4313.7701,7445841.697402,0
58473-04-29 16:00:00,1726.27,1749.0,1726.26,1742.16,17896.7277,1783076399999999,31110642.348745,195153,10557.2452,18354478.953449,0
58473-06-10 08:00:00,1742.17,1748.0,1737.47,1742.54,11215.5541,1783079999999999,19544845.572504,111046,5274.8555,9194225.587537,0
58473-07-22 00:00:00,1742.54,1745.03,1731.55,1736.44,8572.5906,1783083599999999,14894323.020394,75866,3827.9389,6652831.568959,0
58473-09-01 16:00:00,1736.44,1753.29,1736.09,1748.15,18552.7621,1783087199999999,32364702.142268,122457,11013.3236,19212443.442458,0
58473-10-13 08:00:00,1748.14,1748.15,1728.99,1737.14,16334.1686,1783090799999999,28359912.223925,166931,7836.8305,13608803.299682,0
58473-11-24 00:00:00,1737.15,1745.9,1729.75,1731.24,9633.8875,1783094399999999,16732452.586219,135311,4754.0854,8257160.084455,0
58474-01-04 16:00:00,1731.24,1735.5,1727.87,1733.63,4503.3655,1783097999999999,7799930.92535,77590,2202.8354,3815815.982684,0
58474-02-15 08:00:00,1733.62,1741.86,1732.33,1738.18,5441.9173,1783101599999999,9454962.838834,84072,2782.2245,4834692.967009,0
58474-03-29 00:00:00,1738.19,1741.13,1736.19,1738.77,4412.3928,1783105199999999,7669784.206007,62035,2310.7503,4016494.88661,0
58474-05-09 16:00:00,1738.78,1753.0,1737.34,1745.38,12018.8234,1783108799999999,20986516.221558,108781,6819.5889,11909615.93755,0
58474-06-20 08:00:00,1745.39,1774.0,1743.61,1766.15,23241.5026,1783112399999999,40931199.302459,200858,13644.8327,24029304.935286,0
58474-08-01 00:00:00,1766.15,1775.78,1756.75,1763.46,12003.7722,1783115999999999,21175686.545348,151449,6489.3868,11450161.426206,0
58474-09-11 16:00:00,1763.46,1764.06,1756.0,1757.52,6188.9657,1783119599999999,10886067.220074,62999,2563.6787,4509594.782195,0
58474-10-23 08:00:00,1757.53,1762.03,1755.45,1758.21,4043.0576,1783123199999999,7111936.068261,56379,2436.7526,4286608.961303,0
58474-12-04 00:00:00,1758.22,1764.0,1756.5,1758.7,3683.7169,1783126799999999,6483362.898748,46164,2037.2996,3585949.755488,0
58475-01-14 16:00:00,1758.7,1758.7,1746.0,1747.93,7014.5287,1783130399999999,12275257.729567,95382,2766.109,4839742.873982,0
58475-02-25 08:00:00,1747.93,1751.04,1744.09,1749.31,3003.3672,1783133999999999,5249026.897248,68689,1427.5781,2495306.623478,0
58475-04-08 00:00:00,1749.31,1756.74,1747.26,1753.92,4996.5654,1783137599999999,8751768.29226,61044,2975.8588,5213489.75511,0
58475-05-19 16:00:00,1753.91,1764.61,1752.0,1761.67,5721.9484,1783141199999999,10056563.158078,49770,3066.3383,5390083.250978,0
58475-06-30 08:00:00,1761.68,1761.68,1753.27,1755.99,5276.3624,1783144799999999,9268550.613184,38595,3199.3574,5619549.139105,0
58475-08-11 00:00:00,1755.98,1761.27,1751.72,1754.77,10308.1591,1783148399999999,18091229.79198,85638,4975.6181,8731870.410698,0
58475-09-21 16:00:00,1754.78,1759.67,1752.86,1758.19,6166.4406,1783151999999999,10825378.493914,83892,3339.2162,5860662.310225,0
58475-11-02 08:00:00,1758.18,1765.55,1757.39,1762.31,4156.4202,1783155599999999,7319454.140744,88471,2147.4071,3781635.968884,0
58475-12-14 00:00:00,1762.3,1763.05,1755.0,1758.13,4166.5661,1783159199999999,7328077.690264,91729,1789.9937,3148229.903784,0
58476-01-24 16:00:00,1758.12,1760.88,1757.12,1759.14,5248.4058,1783162799999999,9234142.130754,74577,2498.5955,4396043.316567,0
58476-03-06 08:00:00,1759.14,1760.15,1756.19,1758.24,3639.5401,1783166399999999,6397528.917399,52466,1695.5794,2980625.357471,0
58476-04-17 00:00:00,1758.23,1766.45,1758.23,1764.22,5574.7721,1783169999999999,9828586.193347,63707,2971.1195,5238491.462149,0
58476-05-28 16:00:00,1764.22,1778.63,1761.62,1764.06,12097.1614,1783173599999999,21401082.173882,116082,6646.8494,11758065.229679,0
58476-07-09 08:00:00,1764.05,1775.0,1763.92,1772.23,7318.7116,1783177199999999,12957781.460922,84805,4754.1966,8416915.853009,0
58476-08-20 00:00:00,1772.23,1799.92,1772.22,1791.09,27008.3286,1783180799999999,48341883.356795,204544,15475.2144,27689387.066786,0
58476-09-30 16:00:00,1791.08,1792.0,1783.32,1786.81,9177.8041,1783184399999999,16409171.218142,117105,4489.5055,8027754.637289,0
58476-11-11 08:00:00,1786.81,1807.65,1779.0,1799.36,29134.5021,1783187999999999,52201011.325138,205294,13913.871,24958431.516953,0
58476-12-23 00:00:00,1799.36,1805.84,1791.58,1793.63,11047.1945,1783191599999999,19868478.919546,131861,6098.315,10968993.627609,0
58477-02-02 16:00:00,1793.62,1797.66,1788.47,1792.83,5951.6743,1783195199999999,10675651.938422,53260,3065.1976,5499016.521054,0
58477-03-16 08:00:00,1792.83,1795.81,1783.84,1787.15,5589.824,1783198799999999,9999683.974834,58824,2925.2045,5234922.820453,0
58477-04-27 00:00:00,1787.15,1794.25,1786.24,1789.25,2648.906,1783202399999999,4741991.586183,31323,1527.6944,2735241.944472,0
58477-06-07 16:00:00,1789.25,1789.45,1782.19,1784.73,2861.6926,1783205999999999,5108662.662055,28716,1427.0544,2547288.204467,0
58477-07-19 08:00:00,1784.73,1785.59,1772.1,1780.64,9087.5575,1783209599999999,16160006.38628,52167,3702.5923,6582938.340539,0
58477-08-30 00:00:00,1780.64,1780.75,1769.64,1772.71,6958.1122,1783213199999999,12344684.914151,54491,2569.7876,4559201.431745,0
58477-10-10 16:00:00,1772.7,1774.66,1760.72,1766.62,10008.1144,1783216799999999,17679029.779887,86872,4076.3152,7200882.322325,0
58477-11-21 08:00:00,1766.61,1767.79,1757.0,1760.88,13241.5343,1783220399999999,23322577.50686,107010,4206.6281,7411358.453559,0
58478-01-02 00:00:00,1760.87,1764.0,1757.76,1761.59,6232.6391,1783223999999999,10976484.793661,73876,3367.4712,5930259.984061,0
58478-02-12 16:00:00,1761.58,1772.69,1760.07,1767.54,13059.2661,1783227599999999,23083211.061736,119741,6353.8708,11230280.121484,0
58478-03-26 08:00:00,1767.53,1767.87,1760.5,1765.98,16392.0146,1783231199999999,28928092.094361,136338,8285.6309,14622754.335604,0
58478-05-07 00:00:00,1765.98,1768.0,1762.01,1764.69,33430.8825,1783234799999999,59000776.002194,162353,15640.9022,27604381.951644,0
58478-06-17 16:00:00,1764.69,1772.35,1761.76,1770.1,34375.0591,1783238399999999,60692649.204215,212218,16238.7661,28671730.815234,0
58478-07-29 08:00:00,1770.09,1773.27,1766.46,1767.71,37769.8138,1783241999999999,66798350.812935,226262,17352.5578,30688535.749297,0
58478-09-09 00:00:00,1767.72,1767.83,1748.79,1757.98,128409.6927,1783245599999999,225890685.476843,526153,61501.2677,108187511.042679,0
58478-10-20 16:00:00,1757.99,1761.96,1755.03,1761.39,5053.513,1783249199999999,8889616.54074,40983,2521.6746,4436319.727248,0
58478-12-01 08:00:00,1761.39,1765.0,1758.7,1760.08,4765.4416,1783252799999999,8394915.809144,38885,1927.7928,3396323.324668,0
58479-01-12 00:00:00,1760.08,1769.44,1756.03,1765.12,4749.4524,1783256399999999,8373185.476863,44189,2918.5769,5146411.899509,0
58479-02-22 16:00:00,1765.12,1767.55,1761.51,1766.26,2946.7199,1783259999999999,5201073.50989,51923,1075.7799,1898851.578193,0
58479-04-05 08:00:00,1766.25,1772.77,1764.96,1772.56,3839.5301,1783263599999999,6788084.808857,58506,2093.821,3702006.980395,0
58479-05-17 00:00:00,1772.56,1781.28,1770.11,1774.67,8462.2846,1783267199999999,15024463.499049,102312,4816.2333,8550936.153221,0
58479-06-27 16:00:00,1774.66,1777.5,1770.31,1773.0,4477.9769,1783270799999999,7939259.196599,44376,2400.3291,4255391.547694,0
58479-08-08 08:00:00,1773.0,1785.75,1772.99,1779.48,6807.844,1783274399999999,12119360.452305,87561,2912.8744,5185845.431292,0
58479-09-19 00:00:00,1779.47,1786.23,1777.8,1781.28,4040.3175,1783277999999999,7197056.520266,49499,1871.4469,3333803.301906,0
58479-10-30 16:00:00,1781.28,1784.52,1777.7,1781.43,2877.4016,1783281599999999,5125594.796957,43731,1066.8665,1900714.359892,0
58479-12-11 08:00:00,1781.44,1783.53,1776.26,1777.1,1915.6405,1783285199999999,3408013.264565,32340,706.386,1256681.846458,0
58480-01-22 00:00:00,1777.1,1793.25,1769.29,1786.88,10803.2629,1783288799999999,19240321.951414,94069,5334.7275,9509260.035832,0
58480-03-03 16:00:00,1786.91,1808.0,1784.34,1790.0,19757.5895,1783292399999999,35487116.626847,182281,11972.1717,21507745.197892,0
58480-04-14 08:00:00,1789.99,1802.75,1782.75,1785.65,9299.3158,1783295999999999,16668514.39574,134332,4903.278,8789333.534103,0
58480-05-26 00:00:00,1785.65,1794.13,1774.35,1793.28,10212.8482,1783299599999999,18224051.444736,118090,5289.6748,9443328.784377,0
58480-07-06 16:00:00,1793.27,1799.02,1785.4,1786.31,5674.4473,1783303199999999,10170854.17705,101213,2879.7071,5163303.020476,0
58480-08-17 08:00:00,1786.31,1790.28,1779.26,1783.71,6310.4752,1783306799999999,11256213.224532,78892,2713.0309,4841004.707042,0
58480-09-28 00:00:00,1783.71,1784.99,1772.22,1779.71,6649.5881,1783310399999999,11825949.064787,80176,2860.9192,5088252.418134,0
58480-11-08 16:00:00,1779.7,1784.79,1776.34,1777.98,9109.7617,1783313999999999,16224479.27851,64814,5211.1965,9282381.376094,0
58480-12-20 08:00:00,1777.98,1778.18,1764.42,1774.06,7877.246,1783317599999999,13955662.245565,82407,2968.5167,5259339.909832,0
58481-01-31 00:00:00,1774.06,1775.28,1769.23,1769.63,3980.864,1783321199999999,7054954.579609,49762,1596.3811,2829357.403442,0
58481-03-13 16:00:00,1769.64,1775.54,1766.98,1772.32,5935.9849,1783324799999999,10514533.804896,58172,3034.3335,5374968.262982,0
58481-04-24 08:00:00,1772.32,1778.6,1763.08,1765.55,7580.279,1783328399999999,13410041.628877,78202,3384.9553,5987488.328296,0
58481-06-05 00:00:00,1765.54,1766.3,1755.77,1758.67,9014.2317,1783331999999999,15865120.608461,59264,3690.0867,6494382.073751,0
58481-07-16 16:00:00,1758.67,1774.32,1758.24,1771.09,9282.1222,1783335599999999,16401942.581226,73503,5177.1631,9146342.079245,0
58481-08-27 08:00:00,1771.1,1775.65,1759.59,1759.64,7461.898,1783339199999999,13198585.82535,58405,3486.1923,6168530.666038,0
58481-10-08 00:00:00,1759.64,1760.92,1735.27,1740.85,36298.1457,1783342799999999,63338048.266226,284352,16561.3178,28881898.737861,0
58481-11-18 16:00:00,1740.85,1753.54,1728.95,1744.89,23443.4343,1783346399999999,40789302.343738,228939,11613.5287,20212602.694598,0
58481-12-30 08:00:00,1744.89,1763.14,1742.1,1751.78,12993.1333,1783349999999999,22765310.524926,157655,6318.1083,11071268.546761,0
58482-02-10 00:00:00,1751.79,1788.96,1751.56,1788.57,29447.7745,1783353599999999,52190948.13921,277418,19054.571,33763925.844576,0
58482-03-23 16:00:00,1788.57,1805.0,1782.42,1792.51,35024.3913,1783357199999999,62881641.363592,252028,20711.1542,37192127.575942,0
58482-05-04 08:00:00,1792.5,1800.4,1787.3,1788.26,14958.378,1783360799999999,26815247.544184,146670,5746.0624,10304192.783018,0
58482-06-15 00:00:00,1788.27,1796.24,1786.76,1792.68,5560.2591,1783364399999999,9963429.451198,68183,2798.6966,5015745.736011,0
58482-07-26 16:00:00,1792.69,1798.8,1791.18,1792.76,5042.2142,1783367999999999,9050400.679671,63557,1767.928,3173517.705124,0
58482-09-06 08:00:00,1792.76,1796.4,1787.26,1793.04,4815.4255,1783371599999999,8632777.592741,45524,1937.1873,3472442.661692,0
58482-10-18 00:00:00,1793.04,1833.4,1792.63,1814.88,35802.7792,1783375199999999,65050402.930527,205104,21853.0657,39684374.784564,0
58482-11-28 16:00:00,1814.88,1816.82,1804.7,1806.3,6468.8063,1783378799999999,11711991.890449,63062,2969.1577,5374417.521665,0
58483-01-09 08:00:00,1806.29,1810.08,1797.55,1799.56,6934.8427,1783382399999999,12501568.860378,75273,2660.9885,4799360.230399,0
58483-02-20 00:00:00,1799.56,1810.16,1794.86,1803.74,8258.8655,1783385999999999,14888377.774701,89158,4516.2139,8144822.294833,0
58483-04-02 16:00:00,1803.74,1803.74,1787.35,1792.64,10940.2805,1783389599999999,19617422.060958,110799,4759.7009,8535547.85955,0
58483-05-14 08:00:00,1792.65,1794.48,1777.0,1778.57,9702.1502,1783393199999999,17308436.289865,97285,3487.5959,6221867.940721,0
58483-06-25 00:00:00,1778.57,1781.56,1768.85,1771.56,8523.348,1783396799999999,15129862.743361,81313,4071.727,7229629.947303,0
58483-08-05 16:00:00,1771.55,1773.71,1762.66,1766.53,8330.3288,1783400399999999,14736663.316055,91379,3462.2034,6124072.087538,0
58483-09-16 08:00:00,1766.52,1773.71,1757.57,1770.58,10294.8442,1783403999999999,18169176.666115,85536,4689.1818,8276414.619976,0
58483-10-28 00:00:00,1770.57,1782.39,1764.84,1779.11,12917.9523,1783407599999999,22900683.053238,59325,7616.868,13498837.783831,0
58483-12-08 16:00:00,1779.11,1782.59,1771.08,1771.24,5410.5719,1783411199999999,9610940.69071,52745,2724.6382,4840111.943118,0
58484-01-19 08:00:00,1771.23,1775.8,1768.37,1770.78,8034.4276,1783414799999999,14230215.538,62607,4660.4438,8255058.772489,0
58484-03-01 00:00:00,1770.77,1783.04,1768.81,1778.16,8425.7555,1783418399999999,14957912.916972,64019,5083.6915,9023677.41699,0
58484-04-11 16:00:00,1778.16,1784.66,1774.35,1775.8,6740.8404,1783421999999999,11988630.461379,61337,3073.9158,5468863.366135,0
58484-05-23 08:00:00,1775.8,1785.0,1772.0,1780.77,4518.8445,1783425599999999,8033534.329664,45977,2434.9745,4330322.045414,0
58484-07-04 00:00:00,1780.77,1794.57,1780.27,1781.97,10488.4658,1783429199999999,18756370.49165,83969,6057.1224,10832774.671649,0
58484-08-14 16:00:00,1781.97,1783.28,1766.06,1769.01,16012.744,1783432799999999,28403047.169956,253991,8066.5111,14310373.55436,0
58484-09-25 08:00:00,1769.02,1792.93,1761.19,1789.46,21986.8013,1783436399999999,38991652.407608,263099,11109.3545,19703207.808086,0
58484-11-06 00:00:00,1789.45,1803.03,1783.0,1797.45,16643.7733,1783439999999999,29858685.041688,184239,9632.25,17282499.406965,0
58484-12-17 16:00:00,1797.45,1813.16,1792.44,1802.23,14026.2167,1783443599999999,25268847.895295,191000,7205.8686,12989818.7618,0
58485-01-28 08:00:00,1802.23,1810.39,1798.54,1810.39,8332.286,1783447199999999,15040640.829668,126463,4212.7146,7605570.073451,0
58485-03-11 00:00:00,1810.39,1810.39,1785.88,1786.6,10232.44,1783450799999999,18403019.222698,93827,3907.6165,7030303.429289,0
58485-04-21 16:00:00,1786.6,1792.39,1773.5,1790.45,14007.652,1783454399999999,24985034.823996,145030,6205.1408,11072415.480888,0
58485-06-02 08:00:00,1790.46,1793.12,1781.39,1784.12,5049.3563,1783457999999999,9018794.916206,42910,2219.0552,3961303.36849,0
58485-07-14 00:00:00,1784.12,1789.4,1771.05,1773.84,11249.4179,1783461599999999,19999452.481862,103122,3392.5111,6030465.196664,0
58485-08-24 16:00:00,1773.83,1778.57,1765.35,1775.55,7075.2101,1783465199999999,12544471.683993,77767,3103.4358,5503599.175447,0
58485-10-05 08:00:00,1775.55,1780.94,1768.0,1771.45,4334.1525,1783468799999999,7693905.40596,53375,1525.7832,2708826.813201,0
58485-11-16 00:00:00,1771.45,1785.0,1770.02,1780.29,7805.2465,1783472399999999,13884679.818528,72936,4481.9951,7973731.694801,0
58485-12-27 16:00:00,1780.29,1780.75,1750.0,1755.94,15773.1709,1783475999999999,27790537.921178,148921,6277.5532,11063726.707186,0
58486-02-07 08:00:00,1755.93,1759.67,1741.21,1757.62,14172.6562,1783479599999999,24826396.972187,161048,6164.8668,10802043.423155,0
58486-03-21 00:00:00,1757.63,1763.87,1749.21,1751.78,7909.3394,1783483199999999,13903125.885898,67588,3613.9927,6356354.167746,0
58486-05-01 16:00:00,1751.74,1758.0,1749.49,1756.5,5605.2015,1783486799999999,9832128.798189,84038,2564.791,4499144.36292,0
58486-06-12 08:00:00,1756.5,1759.69,1750.65,1754.14,5002.9563,1783490399999999,8778276.46166,52026,2254.5522,3956912.785871,0
58486-07-24 00:00:00,1754.15,1755.0,1746.34,1751.81,7293.5031,1783493999999999,12770574.388774,66092,4153.2467,7272535.897342,0
58486-09-03 16:00:00,1751.81,1757.4,1745.01,1756.7,7480.5338,1783497599999999,13109781.663675,84561,4492.9245,7875788.749587,0
58486-10-15 08:00:00,1756.7,1758.7,1725.18,1735.32,32556.4033,1783501199999999,56523604.759813,306847,13576.7599,23568510.305792,0
58486-11-26 00:00:00,1735.32,1740.77,1729.7,1736.05,10459.0811,1783504799999999,18154385.67178,86011,5030.0211,8730362.679705,0
58487-01-06 16:00:00,1736.06,1742.3,1732.6,1739.34,5418.1347,1783508399999999,9416541.581958,71303,3031.5222,5269404.358889,0
58487-02-17 08:00:00,1739.34,1750.96,1736.02,1747.95,8362.7553,1783511999999999,14581295.764291,64718,4440.3602,7739864.451122,0
58487-03-31 00:00:00,1747.95,1751.25,1738.2,1738.58,8062.1841,1783515599999999,14074763.040075,88744,4129.902,7212498.888845,0
58487-05-11 16:00:00,1738.58,1744.25,1731.22,1737.72,12548.5749,1783519199999999,21811897.985523,131065,6012.5019,10452698.773062,0
58487-06-22 08:00:00,1737.71,1740.95,1722.13,1729.62,14284.7821,1783522799999999,24739226.245381,237683,6707.6637,11618386.233059,0
58487-08-03 00:00:00,1729.62,1730.53,1713.44,1722.96,17338.056,1783526399999999,29833366.195098,185834,7966.3125,13710262.212384,0
58487-09-13 16:00:00,1722.96,1738.18,1722.78,1736.38,9231.429,1783529999999999,15975109.868936,103178,5142.7523,8899199.656458,0
58487-10-25 08:00:00,1736.39,1746.52,1730.96,1733.15,10650.8526,1783533599999999,18507631.953771,77830,5321.8227,9249275.827963,0
58487-12-06 00:00:00,1733.16,1741.2,1730.03,1737.46,6602.4985,1783537199999999,11465363.463272,111524,3379.8292,5868920.514737,0
58488-01-16 16:00:00,1737.46,1741.52,1733.61,1740.98,4899.933,1783540799999999,8515058.965974,63701,2193.9536,3812764.793291,0
58488-02-27 08:00:00,1740.99,1741.31,1734.62,1736.42,4235.4422,1783544399999999,7359631.723869,60173,1677.3019,2914370.144915,0
58488-04-09 00:00:00,1736.42,1740.0,1731.41,1738.06,2971.6202,1783547999999999,5157455.904302,41275,1372.0753,2381521.101585,0
58488-05-20 16:00:00,1738.07,1743.43,1736.83,1741.4,2733.6635,1783551599999999,4755960.386942,35442,1388.6535,2416302.194621,0
58488-07-01 08:00:00,1741.39,1744.81,1738.82,1743.54,3833.2072,1783555199999999,6676945.580268,57288,2065.2238,3597480.912306,0
58488-08-12 00:00:00,1743.55,1744.68,1736.98,1738.22,4559.4541,1783558799999999,7939167.381457,70220,1921.6466,3346298.201644,0
58488-09-22 16:00:00,1738.22,1756.79,1730.29,1731.79,12551.3305,1783562399999999,21888095.432989,128725,5506.0739,9609187.04875,0
58488-11-03 08:00:00,1731.8,1739.47,1723.6,1727.3,6230.846,1783565999999999,10788031.642927,103577,2920.5209,5057197.569914,0
58488-12-15 00:00:00,1727.3,1734.61,1721.93,1730.7,4448.9758,1783569599999999,7688378.394183,68431,2196.4304,3796130.968183,0
58489-01-25 16:00:00,1730.7,1743.94,1730.35,1742.51,5752.1293,1783573199999999,9995181.97661,69695,2938.8878,5107941.990125,0
58489-03-08 08:00:00,1742.51,1749.48,1737.46,1749.39,7363.7948,1783576799999999,12842872.195439,64291,4088.2867,7132262.202935,0
58489-04-19 00:00:00,1749.38,1755.69,1745.91,1755.26,10243.236,1783580399999999,17945459.849999,86532,6552.8721,11480982.738952,0
58489-05-30 16:00:00,1755.27,1762.36,1749.83,1753.31,14267.9858,1783583999999999,25025104.543357,93141,7825.6699,13727882.601074,0
58489-07-11 08:00:00,1753.3,1758.68,1750.92,1754.45,4961.8945,1783587599999999,8710172.415455,64108,2542.9502,4464061.680024,0
58489-08-22 00:00:00,1754.45,1756.52,1749.47,1755.78,5100.4466,1783591199999999,8941033.912401,48618,2884.0137,5055856.546882,0
58489-10-02 16:00:00,1755.77,1757.34,1744.1,1746.31,4382.0395,1783594799999999,7671976.349145,44845,1754.0209,3071950.199167,0
58489-11-13 08:00:00,1746.31,1748.49,1741.26,1744.02,5775.6143,1783598399999999,10074045.074036,64940,2098.4023,3660299.669491,0
58489-12-25 00:00:00,1744.02,1747.2,1734.7,1741.8,19303.9449,1783601999999999,33616375.846644,130497,8489.7727,14783283.849148,0
58490-02-04 16:00:00,1741.8,1752.0,1735.94,1746.99,12891.6653,1783605599999999,22478097.764279,192425,7180.85,12519435.946123,0
58490-03-18 08:00:00,1746.99,1749.83,1733.36,1743.14,12621.6315,1783609199999999,21941535.095199,148772,5272.942,9171597.148782,0
58490-04-29 00:00:00,1743.14,1749.37,1737.52,1739.51,5941.4718,1783612799999999,10359022.042969,67436,3318.4006,5787072.44823,0
58490-06-09 16:00:00,1739.51,1743.84,1731.99,1739.25,5567.8378,1783616399999999,9676349.59706,57159,2847.9347,4950097.946639,0
58490-07-21 08:00:00,1739.25,1752.5,1738.46,1748.52,5902.7665,1783619999999999,10304393.63134,64132,3562.3084,6219750.509492,0
58490-09-01 00:00:00,1748.53,1759.82,1747.47,1751.55,8365.6834,1783623599999999,14673647.776342,70947,5145.9754,9027256.715392,0
58490-10-12 16:00:00,1751.56,1752.95,1747.12,1748.51,4098.7671,1783627199999999,7171221.728877,49744,1688.8452,2954624.650683,0
58490-11-23 08:00:00,1748.51,1750.36,1745.27,1748.76,3290.1512,1783630799999999,5750683.643147,48343,1798.1411,3143122.836677,0
58491-01-04 00:00:00,1748.77,1750.97,1745.01,1748.17,3391.9713,1783634399999999,5927976.543951,32174,1714.8139,2996854.391174,0
58491-02-14 16:00:00,1748.17,1751.08,1746.33,1747.52,2982.5422,1783637999999999,5216384.900771,33487,1577.9565,2759632.169002,0
58491-03-28 08:00:00,1747.53,1749.07,1741.56,1745.16,3709.077,1783641599999999,6474589.906628,49824,1407.4115,2456535.311509,0
58491-05-09 00:00:00,1745.17,1746.42,1737.68,1743.09,4484.7128,1783645199999999,7812178.575856,76155,1980.9096,3450967.245072,0
58491-06-19 16:00:00,1743.09,1777.47,1738.25,1767.62,21949.684,1783648799999999,38737633.799381,148467,11626.29,20498350.001034,0
58491-07-31 08:00:00,1767.62,1775.0,1764.56,1772.86,9964.5334,1783652399999999,17630983.098064,101345,5772.8228,10214282.986663,0
58491-09-11 00:00:00,1772.87,1779.68,1769.22,1776.12,8951.6011,1783655999999999,15879032.672523,75245,4760.8223,8446843.229731,0
58491-10-22 16:00:00,1776.13,1780.33,1771.94,1774.75,6935.6825,1783659599999999,12323195.138435,67872,3659.4886,6502417.871421,0
58491-12-03 08:00:00,1774.74,1780.0,1772.54,1779.04,5928.9942,1783663199999999,10531498.093752,58490,3149.6236,5594837.860539,0
58492-01-14 00:00:00,1779.04,1779.88,1769.23,1771.17,6368.2482,1783666799999999,11296988.200418,44834,2978.0494,5283753.207969,0
58492-02-24 16:00:00,1771.17,1777.45,1768.57,1773.2,4620.3744,1783670399999999,8191006.355287,40277,1776.7471,3149948.652305,0
58492-04-06 08:00:00,1773.2,1789.59,1772.63,1783.99,10180.5542,1783673999999999,18158286.153046,91562,5821.3403,10380625.103746,0
58492-05-18 00:00:00,1783.99,1794.94,1781.27,1792.56,10631.991,1783677599999999,19025235.101624,86807,5577.1441,9980739.71171,0
58492-06-28 16:00:00,1792.55,1802.99,1789.45,1797.01,13415.1511,1783681199999999,24112579.555017,92258,8459.0347,15206930.258685,0
58492-08-09 08:00:00,1797.01,1802.41,1794.25,1801.22,12000.0323,1783684799999999,21582096.905441,87553,6080.4047,10936502.484477,0
58492-09-20 00:00:00,1801.22,1807.18,1792.98,1793.95,14822.5825,1783688399999999,26682257.717115,87356,7593.275,13666491.624887,0
58492-10-31 16:00:00,1793.95,1812.0,1793.65,1803.82,14696.7191,1783691999999999,26473869.358681,118220,8422.4229,15170359.687957,0
58492-12-12 08:00:00,1803.82,1804.49,1775.0,1785.06,18781.4258,1783695599999999,33573060.080795,183369,8827.1314,15775023.250763,0
58493-01-23 00:00:00,1785.06,1796.88,1784.03,1791.11,8899.216,1783699199999999,15929658.078831,87907,4783.3501,8563362.192045,0
58493-03-05 16:00:00,1791.11,1799.53,1785.86,1797.49,7780.2187,1783702799999999,13938475.935151,72890,3671.2718,6578213.762043,0
58493-04-16 08:00:00,1797.48,1799.0,1788.02,1788.03,6049.0319,1783706399999999,10846890.54081,50465,1907.3005,3419928.605522,0
58493-05-28 00:00:00,1788.03,1794.0,1781.2,1784.94,6073.9716,1783709999999999,10860766.730184,54249,2607.9174,4663240.566016,0
58493-07-08 16:00:00,1784.94,1797.31,1784.1,1792.68,6542.4264,1783713599999999,11722163.206752,67675,3759.4125,6733595.234341,0
58493-08-19 08:00:00,1792.68,1794.46,1789.65,1790.14,5201.0439,1783717199999999,9320920.26604,51505,2595.1367,4650989.731576,0
58493-09-30 00:00:00,1790.13,1796.99,1789.6,1794.37,5005.503,1783720799999999,8977058.016134,62168,2366.8955,4244797.826703,0
58493-11-10 16:00:00,1794.37,1796.62,1792.95,1795.2,3421.8874,1783724399999999,6141378.819049,53490,1649.2217,2959707.555099,0
58493-12-22 08:00:00,1795.2,1798.0,1792.57,1796.85,2900.219,1783727999999999,5208422.472311,25212,1714.89,3079525.808815,0
58494-02-02 00:00:00,1796.85,1797.2,1790.1,1793.36,3618.9527,1783731599999999,6490560.348797,31239,1722.8189,3089470.560583,0
58494-03-15 16:00:00,1793.35,1799.29,1788.25,1789.09,5003.1604,1783735199999999,8967895.528239,37247,2395.1524,4293635.257333,0
58494-04-26 08:00:00,1789.09,1796.14,1786.77,1795.59,4151.1043,1783738799999999,7440817.079453,42389,2352.2559,4217870.980625,0
58494-06-07 00:00:00,1795.59,1798.24,1792.03,1796.5,3677.8442,1783742399999999,6605149.929008,38149,1837.7821,3300941.717072,0
58494-07-18 16:00:00,1796.5,1800.18,1795.75,1796.53,3954.4207,1783745999999999,7110415.669122,34903,2790.7612,5018820.898418,0
58494-08-29 08:00:00,1796.52,1802.27,1795.07,1799.45,4300.63,1783749599999999,7736431.381447,37593,2432.0047,4374300.223673,0
58494-10-10 00:00:00,1799.44,1803.29,1794.6,1799.32,8839.6665,1783753199999999,15910858.549511,42131,4605.2121,8289200.94669,0
58494-11-20 16:00:00,1799.31,1802.0,1797.93,1800.0,5908.3944,1783756799999999,10635516.794957,29477,2068.2649,3722963.571497,0
58495-01-01 08:00:00,1799.99,1803.52,1799.58,1801.47,2510.2973,1783760399999999,4521920.602211,24122,1028.1405,1851976.657271,0
58495-02-12 00:00:00,1801.47,1802.59,1795.15,1795.5,3701.7549,1783763999999999,6658870.744594,37723,1476.9468,2656596.819358,0
58495-03-25 16:00:00,1795.51,1799.28,1795.23,1798.3,2958.8759,1783767599999999,5318223.963994,27926,958.2167,1722235.694911,0
58495-05-06 08:00:00,1798.3,1801.02,1797.2,1800.48,3992.7228,1783771199999999,7184214.287982,31341,2282.6959,4107857.730412,0
58495-06-17 00:00:00,1800.47,1801.66,1798.42,1800.1,2803.0121,1783774799999999,5045411.106967,25058,1214.5117,2186120.916153,0
58495-07-28 16:00:00,1800.1,1808.37,1799.15,1802.61,4888.9376,1783778399999999,8814242.226311,27870,2104.669,3795184.293318,0
58495-09-08 08:00:00,1802.61,1817.62,1802.48,1810.73,13659.347,1783781999999999,24739420.323453,86089,7010.4335,12695853.87022,0
58495-10-20 00:00:00,1810.73,1828.0,1808.73,1814.83,27611.2584,1783785599999999,50227755.900722,158244,12899.4954,23467568.079267,0
58495-11-30 16:00:00,1814.82,1824.43,1810.62,1823.34,17930.4094,1783789199999999,32610794.223596,84658,7757.6671,14108395.441936,0
58496-01-11 08:00:00,1823.34,1830.0,1818.42,1824.73,7153.2814,1783792799999999,13054379.823292,53101,3358.4045,6130334.367257,0
58496-02-22 00:00:00,1824.72,1830.0,1823.7,1826.39,6844.0462,1783796399999999,12501778.721908,38931,3299.1434,6028072.909662,0
58496-04-03 16:00:00,1826.39,1827.21,1818.96,1824.38,12178.8537,1783799999999999,22200136.419014,52068,6199.9832,11299365.745423,0
58496-05-15 08:00:00,1824.38,1828.57,1823.21,1825.97,3595.7554,1783803599999999,6565951.629415,30685,1371.4697,2504984.770598,0
58496-06-26 00:00:00,1825.97,1829.17,1822.65,1823.97,3406.4865,1783807199999999,6220730.446404,35275,1749.9432,3196250.358868,0
58496-08-06 16:00:00,1823.96,1824.21,1809.26,1813.73,7981.4488,1783810799999999,14492577.484762,59355,3249.1839,5900543.228492,0
58496-09-17 08:00:00,1813.73,1815.86,1786.58,1787.76,18032.7577,1783814399999999,32404356.159998,131056,6682.8409,12003927.153466,0
58496-10-29 00:00:00,1787.76,1791.18,1779.46,1788.98,11937.4912,1783817999999999,21321871.803391,123446,4634.3531,8279142.114811,0
58496-12-09 16:00:00,1788.98,1808.3,1788.16,1806.7,8466.368,1783821599999999,15242450.476361,82821,4910.6357,8838089.229333,0
58497-01-20 08:00:00,1806.7,1807.6,1802.97,1805.12,3503.1599,1783825199999999,6324076.782974,36965,1441.6346,2602732.410832,0
58497-03-03 00:00:00,1805.11,1813.67,1802.66,1811.53,6583.9137,1783828799999999,11910725.17614,36638,3481.1323,6297225.840396,0
58497-04-13 16:00:00,1811.53,1812.63,1804.15,1805.92,3232.0753,1783832399999999,5844879.520035,25558,1227.7699,2220596.443858,0
58497-05-25 08:00:00,1805.92,1807.15,1801.3,1803.25,2322.3498,1783835999999999,4188928.165501,20853,1004.2622,1811330.997885,0
58497-07-06 00:00:00,1803.25,1803.25,1789.44,1795.13,6351.426,1783839599999999,11398573.720382,54621,2032.8822,3647526.700113,0
58497-08-16 16:00:00,1795.14,1799.1,1794.2,1798.78,2575.7308,1783843199999999,4629550.156185,22919,1245.2191,2238071.804314,0
58497-09-27 08:00:00,1798.78,1808.94,1798.73,1805.22,3448.4174,1783846799999999,6224022.572446,52823,1905.513,3439108.011085,0
58497-11-08 00:00:00,1805.22,1805.99,1796.69,1802.39,3895.0867,1783850399999999,7015336.145068,50328,1713.2229,3086034.436939,0
58497-12-19 16:00:00,1802.4,1802.58,1798.99,1799.4,2402.4827,1783853999999999,4325429.096197,30359,1153.2695,2076232.471054,0
58498-01-30 08:00:00,1799.41,1806.84,1796.48,1803.77,3917.3923,1783857599999999,7058860.745056,28216,1864.155,3359701.99127,0
58498-03-13 00:00:00,1803.77,1809.42,1803.0,1807.01,2524.4339,1783861199999999,4559467.275422,34766,1225.8633,2214299.523961,0
58498-04-23 16:00:00,1807.02,1809.78,1805.33,1805.95,2484.6762,1783864799999999,4490817.062238,43583,1377.4748,2489790.542282,0
58498-06-04 08:00:00,1805.95,1822.0,1804.2,1819.51,11538.3428,1783868399999999,20938226.95187,69592,7275.4676,13207029.876649,0
58498-07-16 00:00:00,1819.5,1826.92,1816.54,1820.93,16127.378,1783871999999999,29395947.372817,84096,8974.1124,16355570.58477,0
58498-08-26 16:00:00,1820.94,1824.39,1817.6,1822.0,12343.5195,1783875599999999,22482450.725402,53267,5330.088,9707313.047618,0
58498-10-07 08:00:00,1821.99,1822.54,1814.85,1818.5,5327.096,1783879199999999,9691724.406173,31789,1796.4088,3267506.746476,0
58498-11-18 00:00:00,1818.51,1822.38,1815.12,1821.42,5070.4522,1783882799999999,9222117.817741,29076,2325.5206,4229253.556776,0
58498-12-29 16:00:00,1821.42,1823.0,1818.71,1821.4,4492.9629,1783886399999999,8184126.36541,22778,2847.0687,5186685.633732,0
58499-02-09 08:00:00,1821.4,1824.0,1818.8,1821.26,3550.7459,1783889999999999,6467974.876017,20469,1759.5461,3205205.33679,0
58499-03-23 00:00:00,1821.26,1823.63,1810.78,1812.28,4999.7281,1783893599999999,9077092.713975,43671,2012.9309,3653599.907714,0
58499-05-03 16:00:00,1812.27,1812.27,1797.63,1805.06,10013.1409,1783897199999999,18047563.25831,118882,4124.0685,7434273.787525,0
58499-06-14 08:00:00,1805.05,1808.94,1801.0,1806.8,3964.6133,1783900799999999,7156633.808066,45649,1879.5333,3393457.845677,0
58499-07-26 00:00:00,1806.8,1846.0,1804.41,1826.59,45581.4935,1783904399999999,83360432.737048,317850,23538.7549,43042073.954482,0
58499-09-05 16:00:00,1826.6,1829.99,1805.32,1806.83,13467.7705,1783907999999999,24479744.028547,168743,6586.12,11975892.242154,0
58499-10-17 08:00:00,1806.84,1814.82,1798.99,1806.99,12025.5538,1783911599999999,21730727.399149,132303,6237.2958,11273703.01438,0
58499-11-28 00:00:00,1806.99,1806.99,1775.0,1780.55,28414.5054,1783915199999999,50770407.730288,180905,11421.8121,20403388.628395,0
58500-01-08 16:00:00,1780.54,1785.16,1776.42,1779.03,7879.8209,1783918799999999,14030200.46218,63791,3980.6285,7088156.242466,0
58500-02-19 08:00:00,1779.03,1786.61,1773.99,1781.64,10049.8184,1783922399999999,17896605.894128,106184,4239.0056,7551792.40738,0
58500-04-02 00:00:00,1781.64,1783.42,1775.96,1777.85,7014.6965,1783925999999999,12474946.253066,49620,2895.3148,5148442.792873,0
58500-05-13 16:00:00,1777.85,1791.39,1776.44,1787.57,9229.3896,1783929599999999,16472809.585114,72215,4791.7005,8556530.884158,0
58500-06-24 08:00:00,1787.58,1793.56,1783.86,1790.17,7102.9688,1783933199999999,12699756.931411,60101,3699.3616,6615270.718436,0
58500-08-05 00:00:00,1790.18,1790.55,1784.92,1785.81,4441.8454,1783936799999999,7938580.498565,43176,1506.3101,2692001.919009,0
58500-09-15 16:00:00,1785.81,1786.89,1777.1,1779.43,8604.8338,1783940399999999,15331666.533586,61085,2775.9612,4945942.609269,0
58500-10-27 08:00:00,1779.43,1784.98,1779.43,1780.74,4821.3527,1783943999999999,8593348.031874,55161,2752.7261,4906117.192273,0
58500-12-08 00:00:00,1780.74,1783.54,1767.73,1772.33,13917.3552,1783947599999999,24695669.187632,117997,6205.2468,11012874.287459,0
58501-01-18 16:00:00,1772.33,1776.54,1763.46,1771.3,16550.7364,1783951199999999,29281894.389835,167179,6741.1157,11927522.962849,0
58501-03-01 08:00:00,1771.3,1782.0,1762.44,1781.74,19924.444,1783954799999999,35298473.381687,242418,9744.5877,17268205.172774,0
58501-04-12 00:00:00,1781.74,1786.53,1775.5,1777.01,7213.6617,1783958399999999,12840295.07051,95240,3384.1784,6024809.700686,0
58501-05-23 16:00:00,1777.0,1780.73,1767.38,1772.05,8562.9868,1783961999999999,15184373.923375,109979,4430.6141,7857883.832314,0
58501-07-04 08:00:00,1772.05,1776.33,1753.25,1753.62,16382.0209,1783965599999999,28907658.225511,119828,7472.968,13187443.257976,0
58501-08-15 00:00:00,1753.62,1767.39,1750.2,1764.9,16733.3896,1783969199999999,29414583.875869,137222,7440.6534,13078448.708974,0
58501-09-25 16:00:00,1764.9,1775.26,1764.51,1774.92,7678.5797,1783972799999999,13586024.982478,75591,4050.4373,7167744.940824,0
58501-11-06 08:00:00,1774.93,1776.99,1761.72,1767.33,5722.3299,1783976399999999,10126772.471403,66986,2524.5107,4467390.666802,0
58501-12-18 00:00:00,1767.34,1767.34,1752.59,1761.68,8959.9707,1783979999999999,15752544.404743,78647,4144.1195,7283587.345587,0
58502-01-28 16:00:00,1761.68,1768.45,1756.41,1758.5,5489.761,1783983599999999,9682144.205599,54000,2757.8755,4864169.858239,0
58502-03-11 08:00:00,1758.51,1778.05,1756.49,1776.72,9262.3346,1783987199999999,16385389.886704,73081,5712.098,10103183.808031,0
58502-04-22 00:00:00,1776.71,1788.64,1773.41,1786.02,8453.577,1783990799999999,15053201.600737,114985,4238.296,7548744.604249,0
58502-06-02 16:00:00,1786.02,1794.47,1783.27,1784.84,8797.1228,1783994399999999,15723706.053813,93033,5167.7428,9236243.394072,0
58502-07-14 08:00:00,1784.83,1789.02,1775.07,1782.66,4929.1279,1783997999999999,8786312.890208,85854,2270.8535,4048145.854905,0
58502-08-25 00:00:00,1782.67,1783.96,1774.75,1783.65,3656.0138,1784001599999999,6507735.498072,60803,1855.7673,3303665.350037,0
58502-10-05 16:00:00,1783.64,1789.99,1782.26,1785.93,5691.2412,1784005199999999,10165549.095478,42525,2753.583,4918557.209876,0
58502-11-16 08:00:00,1785.92,1793.26,1784.53,1787.04,6015.8697,1784008799999999,10763930.29958,65468,3452.1457,6177406.954003,0
58502-12-28 00:00:00,1787.03,1787.4,1781.92,1783.19,4426.5235,1784012399999999,7901785.523902,45767,1772.1704,3163629.892606,0
58503-02-07 16:00:00,1783.19,1786.55,1779.41,1781.21,6999.264,1784015999999999,12476872.702787,74283,4491.8527,8007901.97931,0
58503-03-21 08:00:00,1781.21,1789.61,1779.0,1785.93,6336.9061,1784019599999999,11305315.703191,66561,2715.7281,4847218.821131,0
58503-05-02 00:00:00,1785.94,1789.56,1782.9,1786.19,5397.6891,1784023199999999,9644338.962674,64532,2890.5023,5163829.069897,0
58503-06-12 16:00:00,1786.19,1805.0,1786.11,1800.12,27952.7187,1784026799999999,50233833.190606,128842,14818.182,26628737.752447,0
58503-07-24 08:00:00,1800.13,1802.95,1795.82,1798.09,7829.777,1784030399999999,14080988.143644,76267,4713.887,8476424.899393,0
58503-09-04 00:00:00,1798.09,1867.71,1794.37,1861.04,78226.0812,1784033999999999,143252219.887761,523090,51006.7807,93394703.385608,0
58503-10-15 16:00:00,1861.04,1882.85,1854.41,1871.31,59074.2425,1784037599999999,110444040.442606,520133,30318.9111,56691254.509521,0
58503-11-26 08:00:00,1871.3,1884.56,1859.46,1881.16,27015.0555,1784041199999999,50490606.141049,275242,13493.0284,25232316.74171,0
58504-01-07 00:00:00,1881.17,1888.8,1872.85,1875.22,28696.3813,1784044799999999,53957484.71855,252634,14653.7751,27553847.802411,0
58504-02-17 16:00:00,1875.22,1877.07,1868.76,1873.79,12744.1414,1784048399999999,23879548.711647,137182,7119.652,13340794.31386,0
58504-03-30 08:00:00,1873.8,1873.8,1860.56,1871.54,12580.7554,1784051999999999,23491044.802005,127790,6704.6512,12517960.031441,0
58504-05-11 00:00:00,1871.55,1876.83,1868.18,1874.79,6718.5307,1784055599999999,12580106.849354,81173,3005.5379,5627718.151948,0
58504-06-21 16:00:00,1874.79,1881.56,1874.43,1876.74,6916.4956,1784059199999999,12985615.532522,91060,3443.8383,6465233.275578,0
58504-08-02 08:00:00,1876.74,1878.55,1873.63,1875.42,3540.1765,1784062799999999,6640618.959348,41485,1513.6971,2839695.39975,0
58504-09-13 00:00:00,1875.41,1879.74,1874.4,1876.46,4325.4409,1784066399999999,8120159.754632,53458,1928.4665,3620290.768765,0
58504-10-24 16:00:00,1876.46,1896.14,1872.06,1882.04,21465.4147,1784069999999999,40500711.433403,162193,11734.523,22130605.659858,0
58504-12-05 08:00:00,1882.04,1893.32,1878.69,1891.87,11125.2255,1784073599999999,20987778.371969,99547,6102.8927,11515259.393309,0
58505-01-16 00:00:00,1891.87,1893.32,1878.13,1881.58,9550.6408,1784077199999999,17997493.386883,127970,4311.2564,8126897.118023,0
58505-02-26 16:00:00,1881.58,1881.98,1867.23,1870.2,10644.9734,1784080799999999,19940515.485681,126940,4092.1354,7666202.695164,0
58505-04-09 08:00:00,1870.19,1873.04,1864.38,1864.6,8096.6475,1784084399999999,15119123.343624,80382,3018.6499,5636650.790072,0
58505-05-21 00:00:00,1864.6,1878.96,1864.46,1876.08,6856.5606,1784087999999999,12832826.118257,74498,3488.3837,6528305.696769,0
58505-07-01 16:00:00,1876.08,1880.59,1873.31,1876.49,5458.1045,1784091599999999,10246464.298194,64601,2475.8004,4647638.555815,0
58505-08-12 08:00:00,1876.5,1883.54,1871.64,1882.68,5911.7597,1784095199999999,11088300.881866,52350,2617.5423,4910778.051923,0
58505-09-23 00:00:00,1882.69,1891.89,1875.52,1875.87,11821.1832,1784098799999999,22287971.341263,98796,5085.5197,9590007.747578,0
58505-11-03 16:00:00,1875.87,1877.16,1864.7,1870.04,13148.2806,1784102399999999,24589166.77547,72946,6349.5258,11874795.891636,0
58505-12-15 08:00:00,1870.04,1879.64,1870.03,1879.22,7626.3554,1784105999999999,14297677.554768,56806,4793.5897,8985568.124319,0
58506-01-26 00:00:00,1879.22,1886.59,1879.18,1879.86,11037.7879,1784109599999999,20772683.704944,78239,5611.4861,10561068.240654,0
58506-03-08 16:00:00,1879.86,1886.55,1874.98,1878.11,10094.6306,1784113199999999,18980921.296654,86328,5609.3337,10548450.563026,0
58506-04-19 08:00:00,1878.12,1885.71,1877.48,1884.62,6327.1196,1784116799999999,11904351.136742,51696,3026.4932,5694438.753785,0
58506-05-31 00:00:00,1884.62,1929.94,1879.25,1927.16,40956.8654,1784120399999999,78153201.069382,247271,23578.7129,44981932.195199,0
58506-07-11 16:00:00,1927.17,1946.52,1917.16,1925.76,55492.8037,1784123999999999,107369245.657328,401288,30612.5517,59251111.540884,0
58506-08-22 08:00:00,1925.77,1935.51,1919.12,1933.23,25792.0082,1784127599999999,49754190.848132,288772,14238.2547,27466339.662239,0
58506-10-03 00:00:00,1933.24,1937.6,1925.95,1931.95,15043.138,1784131199999999,29066680.858768,141444,8395.6872,16221807.749403,0
58506-11-13 16:00:00,1931.96,1932.95,1904.36,1919.62,21205.2658,1784134799999999,40667834.489545,205327,9459.2415,18141194.14244,0
58506-12-25 08:00:00,1919.62,1931.22,1919.44,1927.94,10664.0432,1784138399999999,20522170.602711,125594,5687.5079,10946746.519736,0
58507-02-05 00:00:00,1927.93,1937.0,1922.62,1924.47,14593.8081,1784141999999999,28177442.984353,109681,7975.0283,15405376.727011,0
58507-03-18 16:00:00,1924.47,1929.06,1918.92,1924.15,8808.6579,1784145599999999,16956103.146534,94212,4237.8585,8158239.208502,0
58507-04-29 08:00:00,1924.15,1930.71,1919.71,1923.75,4481.7148,1784149199999999,8627045.989483,40397,2359.5177,4542079.581883,0
58507-06-10 00:00:00,1923.75,1925.73,1919.8,1922.0,4689.2691,1784152799999999,9015318.348162,33064,1832.2161,3521872.723254,0
58507-07-21 16:00:00,1922.0,1928.58,1918.3,1923.43,6006.3769,1784156399999999,11553949.311746,55595,2690.2504,5175718.642207,0
58507-09-01 08:00:00,1923.43,1927.28,1914.89,1917.86,5492.9744,1784159999999999,10548571.012237,51960,2894.5603,5558262.622749,0
58507-10-13 00:00:00,1917.86,1924.98,1911.61,1914.86,8258.6048,1784163599999999,15836865.684656,130812,3160.9017,6063017.288998,0
58507-11-23 16:00:00,1914.85,1926.0,1908.12,1922.7,6776.8171,1784167199999999,12989123.614949,125693,3225.2421,6183680.225721,0
58508-01-04 08:00:00,1922.69,1926.23,1918.97,1925.37,5134.8702,1784170799999999,9870735.802326,104186,2313.9306,4448141.457542,0
58508-02-15 00:00:00,1925.36,1929.0,1917.08,1918.7,7997.9096,1784174399999999,15392488.880002,86763,3543.2389,6819104.32368,0
58508-03-27 16:00:00,1918.7,1920.98,1914.13,1918.31,5147.2064,1784177999999999,9873110.928979,65853,2357.9556,4522570.177811,0
58508-05-08 08:00:00,1918.3,1927.63,1917.12,1925.66,4973.3106,1784181599999999,9563394.772415,58671,2476.667,4763846.857131,0
58508-06-19 00:00:00,1925.65,1929.48,1915.56,1922.53,5109.2539,1784185199999999,9826409.593177,50489,2512.8988,4834958.637161,0
58508-07-30 16:00:00,1922.54,1922.54,1905.0,1910.63,13927.6427,1784188799999999,26616429.740687,86769,5095.0559,9737379.041471,0
58508-09-10 08:00:00,1910.64,1912.85,1875.56,1886.09,48846.3453,1784192399999999,92303569.865912,279057,22979.6788,43413181.113742,0
58508-10-22 00:00:00,1886.09,1889.28,1880.41,1884.67,14158.6377,1784195999999999,26697435.765421,100005,6348.6851,11973352.824989,0
58508-12-02 16:00:00,1884.68,1891.78,1883.77,1888.58,8749.0809,1784199599999999,16521275.183227,69507,5525.8132,10435588.44863,0
58509-01-13 08:00:00,1888.58,1888.58,1879.32,1885.26,13696.67,1784203199999999,25818302.867409,82988,7352.4658,13861934.427458,0
58509-02-24 00:00:00,1885.26,1885.26,1867.68,1872.55,15798.2091,1784206799999999,29640877.410778,111470,6188.6247,11611436.066534,0
58509-04-06 16:00:00,1872.55,1890.23,1871.05,1882.81,15724.0126,1784210399999999,29576596.487904,180719,6784.8601,12759186.049965,0
58509-05-18 08:00:00,1882.8,1893.0,1874.98,1883.52,16858.936,1784213999999999,31798428.25994,219393,6547.6844,12352779.59619,0
58509-06-29 00:00:00,1883.52,1894.38,1871.12,1881.88,15612.3999,1784217599999999,29399209.012852,182948,6957.434,13103418.978958,0
58509-08-09 16:00:00,1881.89,1883.0,1874.67,1878.9,10171.5353,1784221199999999,19101233.135114,109324,5075.0275,9529617.388562,0
58509-09-20 08:00:00,1878.9,1879.25,1862.57,1868.91,12328.356,1784224799999999,23054001.095243,129321,4733.5747,8852002.122425,0
58509-11-01 00:00:00,1868.92,1879.69,1868.1,1875.85,6809.1903,1784228399999999,12766110.614623,77682,3908.0688,7327672.692217,0
58509-12-12 16:00:00,1875.85,1877.75,1871.09,1875.59,4014.4925,1784231999999999,7525003.466859,50728,1897.0345,3555808.456816,0
58510-01-23 08:00:00,1875.59,1875.7,1871.66,1871.89,3579.9527,1784235599999999,6707432.936865,39103,1596.9574,2991572.685452,0
58510-03-06 00:00:00,1871.9,1881.36,1871.77,1878.66,4851.375,1784239199999999,9107620.820522,43821,2508.0037,4708605.29627,0
58510-04-16 16:00:00,1878.67,1881.59,1868.04,1868.89,9279.9026,1784242799999999,17381887.424608,73610,5521.1345,10341119.752843,0
58510-05-28 08:00:00,1868.89,1870.66,1857.54,1864.71,13884.3751,1784246399999999,25863162.376592,118116,5513.4892,10270927.15995,0
58510-07-09 00:00:00,1864.71,1866.71,1848.32,1865.77,14963.7226,1784249999999999,27808351.827582,140855,6459.0265,12007854.155908,0
58510-08-19 16:00:00,1865.77,1871.08,1848.07,1851.21,10000.2202,1784253599999999,18600093.671494,114249,4613.013,8581956.415844,0
58510-09-30 08:00:00,1851.22,1855.61,1843.2,1848.1,12473.0438,1784257199999999,23055124.827125,169470,5432.7871,10045590.562567,0
58510-11-11 00:00:00,1848.09,1859.64,1847.32,1852.53,7049.8302,1784260799999999,13076160.022716,99676,3576.9035,6634515.029983,0
58510-12-22 16:00:00,1852.53,1853.08,1844.0,1850.07,6715.5958,1784264399999999,12412871.497321,87706,2921.5905,5400493.704849,0
58511-02-02 08:00:00,1850.06,1850.06,1821.36,1823.94,17781.3576,1784267999999999,32607374.034289,151670,7880.2255,14455494.594092,0
58511-03-16 00:00:00,1823.94,1836.55,1820.74,1832.31,9568.4671,1784271599999999,17506924.87472,96779,5687.5174,10406921.722176,0
58511-04-26 16:00:00,1832.31,1833.56,1826.29,1828.52,11468.3021,1784275199999999,20984661.455156,71219,7773.0537,14222554.516165,0
58511-06-07 08:00:00,1828.52,1832.51,1821.41,1830.15,13750.3415,1784278799999999,25128987.493981,104870,8537.7346,15605035.743324,0
58511-07-19 00:00:00,1830.16,1836.27,1829.29,1835.1,5043.5903,1784282399999999,9242327.12122,52105,2918.127,5347233.11512,0
58511-08-29 16:00:00,1835.1,1840.4,1834.3,1836.97,9709.66,1784285999999999,17844710.51575,66757,6880.6766,12645427.593085,0
58511-10-10 08:00:00,1836.98,1843.26,1833.3,1839.04,8366.9051,1784289599999999,15383748.802947,62293,4651.7767,8552819.525967,0
58511-11-21 00:00:00,1839.05,1840.58,1827.73,1828.54,9851.4875,1784293199999999,18059888.696836,85013,4779.2059,8761225.268479,0
58512-01-01 16:00:00,1828.54,1829.23,1803.05,1825.5,34181.3728,1784296799999999,62029247.177815,319122,14587.8022,26482559.104894,0
58512-02-12 08:00:00,1825.5,1834.0,1817.18,1822.16,15191.5111,1784300399999999,27729033.785603,182101,7456.2172,13614051.191235,0
58512-03-25 00:00:00,1822.16,1831.26,1810.77,1830.88,13745.9541,1784303999999999,25024987.822634,212172,7349.4425,13388737.434162,0
58512-05-05 16:00:00,1830.89,1840.51,1825.32,1835.91,13830.3931,1784307599999999,25358381.482568,152258,7605.7197,13949806.414988,0
58512-06-16 08:00:00,1835.91,1856.17,1835.91,1843.71,14390.4385,1784311199999999,26569529.981383,140509,7910.0539,14606197.636801,0
58512-07-28 00:00:00,1843.72,1849.67,1835.18,1846.99,7181.026,1784314799999999,13226267.591885,100718,3067.9377,5650812.410597,0
58512-09-07 16:00:00,1846.98,1846.99,1835.65,1843.76,5576.8437,1784318399999999,10273894.758921,65758,1942.7965,3579708.963294,0
58512-10-19 08:00:00,1843.76,1846.2,1837.15,1842.93,3458.0312,1784321999999999,6365765.610009,63618,1520.336,2798702.371806,0
58512-11-30 00:00:00,1842.93,1846.65,1840.5,1841.54,2615.192,1784325599999999,4820162.593584,33691,1184.4621,2183239.073416,0
58513-01-10 16:00:00,1841.55,1843.89,1837.62,1839.95,2602.2264,1784329199999999,4787985.262006,42226,919.4408,1691723.371891,0
58513-02-21 08:00:00,1839.94,1844.47,1835.27,1841.93,3512.2429,1784332799999999,6463880.68913,39266,1364.054,2510427.611104,0
58513-04-04 00:00:00,1841.94,1845.0,1839.86,1840.84,2811.4809,1784336399999999,5177398.74091,39035,1129.883,2081113.890138,0
58513-05-15 16:00:00,1840.84,1843.39,1839.38,1842.48,2570.7256,1784339999999999,4732779.71362,37168,927.919,1708211.913836,0
58513-06-26 08:00:00,1842.49,1846.74,1840.73,1841.91,4865.9416,1784343599999999,8969589.58858,28367,2176.5957,4012059.815488,0
58513-08-07 00:00:00,1841.91,1846.49,1841.46,1845.96,3379.489,1784347199999999,6230327.51782,24362,2225.4632,4102942.991163,0
58513-09-17 16:00:00,1845.96,1846.19,1842.56,1844.7,1831.7738,1784350799999999,3377970.604174,24990,801.8736,1478694.232048,0
58513-10-29 08:00:00,1844.7,1849.68,1843.19,1845.86,3424.9855,1784354399999999,6322952.85613,37067,1824.3135,3367983.178344,0
58513-12-10 00:00:00,1845.85,1848.0,1843.11,1844.97,2978.1764,1784357999999999,5495763.590458,30341,2052.747,3788226.596199,0
58514-01-20 16:00:00,1844.98,1846.04,1843.04,1844.2,1958.4362,1784361599999999,3612652.922245,25875,823.3218,1518710.194467,0
58514-03-03 08:00:00,1844.2,1849.44,1842.3,1847.43,3188.2871,1784365199999999,5885817.63567,31292,1765.2598,3259121.029147,0
58514-04-14 00:00:00,1847.44,1848.03,1842.93,1844.87,2560.5392,1784368799999999,4723926.279693,27592,1069.7778,1973591.756285,0
58514-05-25 16:00:00,1844.87,1846.72,1844.01,1845.57,3022.4886,1784372399999999,5578191.908492,18194,1661.5245,3066448.926697,0
58514-07-06 08:00:00,1845.57,1846.85,1844.37,1845.56,1391.1483,1784375999999999,2566990.194954,15001,710.2604,1310594.990432,0
58514-08-17 00:00:00,1845.56,1850.64,1840.17,1844.98,5922.5121,1784379599999999,10926487.700533,56952,3464.8176,6393860.196192,0
58514-09-27 16:00:00,1844.97,1844.97,1837.58,1841.61,4107.6954,1784383199999999,7562444.294302,57923,1838.4139,3384925.568279,0
58514-11-08 08:00:00,1841.61,1846.27,1840.64,1845.95,3793.5807,1784386799999999,6996480.040772,39433,2319.4709,4277804.496651,0
58514-12-20 00:00:00,1845.95,1846.35,1842.12,1844.15,3802.5871,1784390399999999,7014598.615586,38261,2310.8243,4262853.982684,0
58515-01-30 16:00:00,1844.15,1847.14,1841.51,1846.11,3407.5633,1784393999999999,6284153.180885,43151,1732.7577,3195542.191545,0
58515-03-13 08:00:00,1846.11,1853.48,1843.54,1852.82,5045.3976,1784397599999999,9327086.622153,57648,2438.8846,4509952.632423,0
58515-04-24 00:00:00,1852.83,1867.58,1850.01,1857.54,14122.0506,1784401199999999,26230921.975907,90725,8789.2845,16322963.063686,0
58515-06-04 16:00:00,1857.53,1861.4,1855.92,1858.45,4736.7702,1784404799999999,8802680.992917,47907,2033.2307,3778402.874247,0
58515-07-16 08:00:00,1858.45,1863.37,1855.47,1857.34,4134.2864,1784408399999999,7684479.7001,30330,2188.4504,4068043.640317,0
58515-08-27 00:00:00,1857.35,1863.18,1855.96,1860.97,4154.9408,1784411999999999,7726622.830755,43775,2509.8404,4666938.671795,0
58515-10-07 16:00:00,1860.97,1865.86,1859.9,1863.7,3378.2577,1784415599999999,6293000.5087,33237,1768.4797,3294269.512876,0
58515-11-18 08:00:00,1863.7,1864.45,1860.1,1862.61,2008.8091,1784419199999999,3740562.022546,19522,1116.3766,2078805.911176,0
58515-12-30 00:00:00,1862.61,1863.88,1859.2,1861.45,3154.5044,1784422799999999,5871761.266351,24224,1101.0733,2049502.180311,0
58516-02-09 16:00:00,1861.45,1861.53,1858.3,1859.18,7970.3536,1784426399999999,14824358.487808,29435,3562.7303,6626298.993268,0
58516-03-22 08:00:00,1859.19,1877.33,1858.17,1871.44,11041.838,1784429999999999,20652522.420927,102722,5651.6625,10568141.313445,0
58516-05-03 00:00:00,1871.45,1872.99,1863.84,1867.08,5220.7991,1784433599999999,9747915.264209,47625,2179.1695,4067617.189703,0
58516-06-13 16:00:00,1867.08,1870.2,1864.21,1867.33,3479.1037,1784437199999999,6495021.162783,25418,1830.4033,3416932.947312,0
58516-07-25 08:00:00,1867.32,1870.2,1865.61,1868.56,2772.5257,1784440799999999,5180969.774512,21770,1322.5996,2471332.452912,0
58516-09-05 00:00:00,1868.55,1871.43,1868.2,1869.39,2878.4911,1784444399999999,5381650.445279,22331,1708.6888,3194484.243439,0
58516-10-16 16:00:00,1869.39,1871.99,1867.14,1870.25,8010.6219,1784447999999999,14977713.665718,34459,3862.7514,7221148.920632,0
58516-11-27 08:00:00,1870.26,1875.33,1867.76,1873.88,4893.8984,1784451599999999,9157649.110752,36859,3193.366,5976426.400373,0
58517-01-08 00:00:00,1873.89,1874.17,1864.55,1866.16,5004.0263,1784455199999999,9349498.053159,42883,1764.0161,3296557.885216,0
58517-02-18 16:00:00,1866.15,1879.38,1863.46,1872.25,5628.6517,1784458799999999,10529599.026249,61255,3140.663,5876527.178737,0
58517-04-01 08:00:00,1872.25,1878.86,1870.0,1871.41,6296.8803,1784462399999999,11805839.00318,66235,3193.0683,5986901.409996,0
58517-05-13 00:00:00,1871.4,1874.34,1864.47,1870.38,6783.9561,1784465999999999,12679905.878723,63630,3841.0524,7180274.885749,0
58517-06-23 16:00:00,1870.39,1873.77,1865.89,1871.83,4460.4469,1784469599999999,8337611.928026,57695,2214.2994,4139150.519755,0
58517-08-04 08:00:00,1871.83,1879.26,1868.89,1874.69,5952.7499,1784473199999999,11155644.010834,63263,3661.5956,6861989.956222,0
58517-09-15 00:00:00,1874.69,1876.0,1868.93,1870.91,6545.9297,1784476799999999,12253816.08235,48659,4005.6045,7496714.981277,0
58517-10-26 16:00:00,1870.91,1873.59,1866.0,1866.8,5220.8065,1784480399999999,9758747.26102,56648,2468.1782,4613217.292626,0
58517-12-07 08:00:00,1866.8,1873.85,1857.77,1867.23,8572.9874,1784483999999999,16004336.527301,113581,4139.6944,7729968.250203,0
58518-01-18 00:00:00,1867.23,1867.7,1851.71,1861.12,9549.4778,1784487599999999,17764084.968868,94444,4123.2071,7667897.987873,0
58518-02-28 16:00:00,1861.12,1862.77,1854.84,1862.37,3960.7276,1784491199999999,7365613.834157,35310,1606.0201,2986522.759116,0
58518-04-11 08:00:00,1862.37,1867.15,1862.2,1867.14,4536.0742,1784494799999999,8457648.887132,30016,2952.8425,5505603.246224,0
58518-05-23 00:00:00,1867.15,1868.23,1857.49,1862.12,4337.5897,1784498399999999,8078759.373778,49223,2059.4202,3836520.633036,0
58518-07-03 16:00:00,1862.12,1877.03,1857.0,1870.44,12354.1161,1784501999999999,23096855.60235,158972,6298.2312,11776021.719156,0
58518-08-14 08:00:00,1870.44,1874.94,1865.0,1872.23,5296.1101,1784505599999999,9902679.590126,88488,2597.0732,4856440.507173,0
58518-09-25 00:00:00,1872.24,1891.71,1862.08,1872.14,15861.9496,1784509199999999,29805684.560013,221322,8658.3435,16273465.63173,0
58518-11-05 16:00:00,1872.14,1889.94,1865.84,1869.56,9872.3833,1784512799999999,18533140.079565,179652,5035.8144,9453458.984384,0
58518-12-17 08:00:00,1869.57,1883.33,1867.71,1879.06,8547.5294,1784516399999999,16044507.737371,137730,4874.2508,9150190.790346,0
58519-01-28 00:00:00,1879.06,1882.24,1870.91,1879.94,6045.7088,1784519999999999,11350665.567812,77491,3175.6756,5961703.931008,0
58519-03-10 16:00:00,1879.94,1879.99,1868.46,1868.94,5573.2852,1784523599999999,10441498.738012,67438,2482.1539,4650661.463326,0
58519-04-21 08:00:00,1868.95,1869.94,1851.5,1855.45,12336.3044,1784527199999999,22940743.974515,149881,4805.2928,8935550.789514,0
58519-06-02 00:00:00,1855.46,1860.23,1843.14,1849.73,13729.7978,1784530799999999,25423643.687536,135455,7323.1186,13564147.138752,0
58519-07-13 16:00:00,1849.73,1865.54,1849.26,1863.95,9727.2283,1784534399999999,18065612.066854,103146,5963.8561,11073803.546976,0
58519-08-24 08:00:00,1863.95,1868.53,1854.31,1861.01,13950.4369,1784537999999999,25967815.470758,121419,8241.0408,15340716.405084,0
58519-10-05 00:00:00,1861.0,1867.55,1857.95,1864.16,7006.2645,1784541599999999,13055351.911194,80539,2535.2871,4725904.244969,0
58519-11-15 16:00:00,1864.15,1872.35,1862.71,1868.85,5036.692,1784545199999999,9409394.200892,51948,2880.0469,5380342.968437,0
58519-12-27 08:00:00,1868.86,1896.5,1868.06,1893.2,18098.9331,1784548799999999,34123724.302446,154617,10167.3449,19167865.336269,0
58520-02-07 00:00:00,1893.21,1893.62,1871.88,1873.33,12117.1329,1784552399999999,22774500.323213,139331,5119.9223,9621559.12108,0
58520-03-19 16:00:00,1873.34,1880.61,1857.63,1862.68,16464.2655,1784555999999999,30798895.879193,177275,7437.5778,13919365.610516,0
58520-04-30 08:00:00,1862.68,1871.96,1853.65,1868.01,11921.8963,1784559599999999,22212775.286318,159513,5921.1473,11036604.232835,0
58520-06-11 00:00:00,1868.01,1904.92,1867.65,1902.34,24635.4223,1784563199999999,46577507.793289,276162,15336.653,29003888.180928,0
58520-07-22 16:00:00,1902.34,1906.76,1893.8,1899.41,16492.3726,1784566799999999,31326301.381218,143328,7787.0203,14789138.977714,0
58520-09-02 08:00:00,1899.41,1909.74,1895.68,1907.78,14035.2481,1784570399999999,26693914.016361,94042,9110.5987,17327896.520432,0
58520-10-14 00:00:00,1907.78,1918.16,1897.52,1899.52,17782.6016,1784573999999999,33946874.093142,120688,7706.8149,14718918.8763,0
58520-11-24 16:00:00,1899.52,1901.07,1890.07,1898.46,9999.6736,1784577599999999,18957748.649168,105161,4737.3865,8981468.657212,0
58521-01-05 08:00:00,1898.46,1906.55,1896.2,1904.84,5357.4613,1784581199999999,10193443.264168,57787,2873.5619,5467068.17208,0
58521-02-16 00:00:00,1904.83,1907.58,1902.0,1902.45,4827.6437,1784584799999999,9197782.201092,51232,2160.3365,4115713.04136,0
58521-03-29 16:00:00,1902.46,1902.58,1894.4,1895.72,5412.8433,1784588399999999,10271030.358071,48367,2104.7917,3993976.668334,0
58521-05-10 08:00:00,1895.72,1905.26,1895.33,1904.77,6362.5585,1784591999999999,12098478.27988,45238,3497.4071,6649964.044537,0
58521-06-21 00:00:00,1904.77,1917.79,1900.74,1914.8,10211.2262,1784595599999999,19498148.790846,103436,6446.2142,12305831.576612,0
58521-08-01 16:00:00,1914.8,1918.18,1907.0,1907.49,6792.7873,1784599199999999,12990440.71054,70786,2951.939,5645261.708895,0
58521-09-12 08:00:00,1907.49,1924.0,1904.6,1917.3,8843.7731,1784602799999999,16939597.139333,75013,4914.645,9414640.056463,0
58521-10-24 00:00:00,1917.3,1928.57,1916.94,1926.75,13542.5425,1784606399999999,26069158.689961,101547,7200.9747,13860803.648272,0
58521-12-04 16:00:00,1926.74,1931.2,1922.59,1924.59,8633.194,1784609999999999,16628838.337574,61436,3825.3882,7369011.583037,0
58522-01-15 08:00:00,1924.59,1936.0,1921.81,1930.56,9084.2452,1784613599999999,17508741.124752,65761,4510.9424,8697792.524186,0
58522-02-26 00:00:00,1930.56,1939.99,1927.8,1935.03,10889.2213,1784617199999999,21068913.641995,91785,6241.3271,12077470.869633,0
58522-04-08 16:00:00,1935.03,1940.25,1933.42,1934.08,11949.4809,1784620799999999,23133705.724699,92331,5974.5619,11567550.235615,0
58522-05-20 08:00:00,1934.07,1953.0,1931.63,1939.8,29993.0476,1784624399999999,58294139.988492,158475,16934.8749,32925073.498141,0
58522-07-01 00:00:00,1939.79,1944.17,1936.75,1942.22,34313.1419,1784627999999999,66563625.824256,90230,21187.9744,41104430.595571,0
58522-08-11 16:00:00,1942.22,1947.09,1932.1,1934.18,16251.7069,1784631599999999,31550041.03522,103838,9812.9293,19057370.462838,0
58522-09-22 08:00:00,1934.19,1937.34,1925.98,1935.69,33407.8433,1784635199999999,64498682.894727,108639,18899.5646,36481430.4508,0
58522-11-03 00:00:00,1935.69,1945.23,1932.38,1942.79,15279.9073,1784638799999999,29649032.561233,146292,7634.1941,14814673.305766,0
58522-12-14 16:00:00,1942.8,1943.77,1927.53,1940.3,19914.6022,1784642399999999,38559373.437476,170585,8379.2691,16224351.101483,0
58523-01-25 08:00:00,1940.31,1944.0,1928.0,1931.87,14705.618,1784645999999999,28474682.775648,162854,7028.0691,13607980.360674,0
58523-03-08 00:00:00,1931.88,1932.51,1923.36,1931.81,12511.0061,1784649599999999,24120011.839288,155853,5811.5033,11204446.048948,0
58523-04-18 16:00:00,1931.81,1935.36,1921.63,1926.37,7887.812,1784653199999999,15202799.561235,94976,3895.0565,7507144.550757,0
58523-05-30 08:00:00,1926.37,1928.38,1915.0,1918.71,14508.5446,1784656799999999,27900956.648636,147938,7711.9398,14834410.093907,0
58523-07-11 00:00:00,1918.7,1923.0,1915.11,1919.93,12665.6515,1784660399999999,24318376.590382,128767,7635.4161,14661043.510128,0
58523-08-21 16:00:00,1919.93,1926.16,1918.2,1923.39,14885.7775,1784663999999999,28615863.968945,79263,10166.344,19539835.673952,0
58523-10-02 08:00:00,1923.38,1926.44,1921.68,1923.24,6018.2494,1784667599999999,11576346.473184,51772,4021.9014,7736430.355302,0
58523-11-13 00:00:00,1923.25,1926.54,1919.85,1924.32,5012.5857,1784671199999999,9643152.001108,49678,2754.0566,5297855.684532,0
58523-12-24 16:00:00,1924.31,1924.31,1918.1,1920.86,3606.7745,1784674799999999,6930578.973238,57683,1547.3514,2972908.198075,0
58524-02-04 08:00:00,1920.86,1932.0,1916.67,1930.09,6056.9389,1784678399999999,11652956.373874,61404,3363.7317,6474631.195519,0
58524-03-17 00:00:00,1930.09,1944.68,1929.02,1939.46,12280.2152,1784681999999999,23797470.014721,130158,7188.8769,13929156.460839,0
58524-04-27 16:00:00,1939.45,1940.56,1928.0,1933.61,7700.3916,1784685599999999,14895871.951749,102953,3555.2321,6877297.528541,0
58524-06-08 08:00:00,1933.62,1936.39,1926.91,1930.43,9004.7948,1784689199999999,17390299.539878,101377,4927.4346,9515641.58109,0
58524-07-20 00:00:00,1930.42,1936.05,1926.76,1928.77,9211.1631,1784692799999999,17788771.53885,86346,5399.5786,10427997.489268,0
58524-08-30 16:00:00,1928.76,1939.4,1928.11,1936.82,12044.2195,1784696399999999,23310520.392809,83413,6836.538,13229685.748301,0
58524-10-11 08:00:00,1936.83,1936.98,1918.27,1919.35,14081.0097,1784699999999999,27107711.323792,125998,6609.6616,12724378.306369,0
58524-11-22 00:00:00,1919.36,1921.1,1913.34,1917.4,7850.8564,1784703599999999,15052400.383429,98223,3249.858,6231163.355288,0
58525-01-02 16:00:00,1917.41,1919.0,1910.68,1914.44,13989.0518,1784707199999999,26779893.67916,103690,6232.9536,11930400.565732,0
58525-02-13 08:00:00,1914.43,1925.15,1914.08,1921.32,12358.1318,1784710799999999,23745047.132092,99096,6113.0087,11741508.20724,0
58525-03-27 00:00:00,1921.33,1926.5,1919.41,1924.49,9209.9805,1784714399999999,17711371.956887,85447,4021.6237,7733561.862628,0
58525-05-07 16:00:00,1924.49,1933.62,1923.25,1930.82,10304.8933,1784717999999999,19865487.434598,77402,5395.4775,10400463.454045,0
58525-06-18 08:00:00,1930.82,1931.5,1922.36,1927.27,4571.4306,1784721599999999,8812329.038944,68962,2027.7913,3908800.97134,0
58525-07-30 00:00:00,1927.26,1927.45,1913.26,1917.17,6931.3358,1784725199999999,13310664.469467,75846,2385.5511,4581279.20875,0
58525-09-09 16:00:00,1917.17,1942.43,1917.0,1939.93,15766.4647,1784728799999999,30471872.190424,180484,9497.8589,18358257.746213,0
58525-10-21 08:00:00,1939.92,1955.92,1923.01,1933.2,23895.4302,1784732399999999,46372514.975775,208859,12075.8695,23453609.468296,0
58525-12-02 00:00:00,1933.2,1952.36,1933.0,1943.03,15259.8036,1784735999999999,29680225.980877,175487,8570.833,16669734.240834,0
58526-01-12 16:00:00,1943.04,1956.45,1935.42,1949.84,14899.4678,1784739599999999,29024262.834885,167251,7921.6811,15437266.386965,0
58526-02-23 08:00:00,1949.84,1950.3,1934.97,1938.53,9814.7857,1784743199999999,19058964.625513,124310,4219.6777,8193651.155967,0
58526-04-06 00:00:00,1938.53,1940.0,1923.2,1930.69,11320.4039,1784746799999999,21856954.287418,104416,4367.095,8432831.111431,0
58526-05-17 16:00:00,1930.69,1931.88,1921.0,1925.13,5286.7954,1784750399999999,10183149.033886,78831,2511.0524,4836992.969268,0
58526-06-28 08:00:00,1925.14,1930.4,1922.95,1926.76,5448.1097,1784753999999999,10498562.701537,61724,2646.2065,5099407.328379,0
58526-08-09 00:00:00,1926.76,1939.7,1926.76,1938.76,4862.4259,1784757599999999,9398244.276549,66419,2267.6105,4382331.00205,0
58526-09-19 16:00:00,1938.76,1939.23,1930.91,1938.42,7430.7471,1784761199999999,14377771.378312,79391,2941.0564,5691420.893945,0
58526-10-31 08:00:00,1938.43,1938.43,1923.6,1934.25,7618.9172,1784764799999999,14705726.101863,49385,2995.9375,5780591.597113,0
58526-12-12 00:00:00,1934.26,1941.5,1932.37,1932.37,7806.1931,1784768399999999,15115644.924914,58893,2719.3603,5266608.378139,0
58527-01-22 16:00:00,1932.36,1936.7,1926.61,1928.39,5600.2585,1784771999999999,10811934.683851,66946,2307.1399,4454003.034663,0
58527-03-05 08:00:00,1928.38,1929.7,1921.81,1927.6,4520.1302,1784775599999999,8705896.040239,59384,1703.6329,3281091.233386,0
58527-04-16 00:00:00,1927.6,1928.03,1917.57,1920.55,7067.1535,1784779199999999,13580904.159525,52947,2265.9389,4354225.191218,0
58527-05-27 16:00:00,1920.56,1926.02,1918.63,1919.74,5718.7307,1784782799999999,10988937.210651,47068,2271.6037,4365203.27302,0
58527-07-08 08:00:00,1919.74,1928.69,1918.31,1922.77,3797.0127,1784786399999999,7300135.369717,57369,1610.5337,3096454.907483,0
58527-08-19 00:00:00,1922.78,1926.83,1921.07,1925.39,3761.1815,1784789999999999,7237453.214411,50002,2005.9711,3860226.068632,0
58527-09-29 16:00:00,1925.39,1925.39,1912.6,1915.65,15074.1808,1784793599999999,28881313.238328,98604,8495.2758,16273204.233294,0
58527-11-10 08:00:00,1915.65,1927.41,1914.44,1926.54,6170.3801,1784797199999999,11852500.058686,65147,3138.667,6028657.456483,0
58527-12-22 00:00:00,1926.54,1931.66,1923.4,1924.36,9981.4087,1784800799999999,19250924.738459,73458,4737.355,9136434.842322,0
58528-02-01 16:00:00,1924.36,1930.43,1922.13,1928.14,4239.3939,1784804399999999,8171201.34251,58058,1778.36,3427190.509342,0
58528-03-14 08:00:00,1928.15,1929.08,1924.63,1926.04,5003.2542,1784807999999999,9638445.122464,58720,2340.7768,4509169.307344,0
58528-04-25 00:00:00,1926.03,1927.99,1894.0,1904.64,26669.4585,1784811599999999,50893031.373424,175576,9886.9908,18878068.292105,0
58528-06-05 16:00:00,1904.67,1909.19,1895.47,1898.72,16334.9699,1784815199999999,31073711.924756,171916,7122.9764,13552714.469066,0
58528-07-17 08:00:00,1898.73,1907.26,1892.5,1896.43,15426.3077,1784818799999999,29319627.88248,153156,7110.5073,13519039.845305,0
58528-08-28 00:00:00,1896.44,1897.88,1882.98,1895.23,21413.486,1784822399999999,40487167.274221,180709,10497.6149,19850470.45011,0
58528-10-08 16:00:00,1895.23,1895.41,1884.69,1887.95,11755.5936,1784825999999999,22204206.398264,99890,4602.7211,8693591.702359,0
58528-11-19 08:00:00,1887.94,1892.18,1875.01,1878.31,10958.922,1784829599999999,20659672.223645,88978,4677.1716,8816317.422742,0
58528-12-31 00:00:00,1878.31,1884.52,1876.05,1881.19,8210.3838,1784833199999999,15435649.710675,108837,4413.666,8298068.363609,0
58529-02-10 16:00:00,1881.19,1883.63,1869.44,1875.65,9424.5918,1784836799999999,17678283.596383,103324,5108.4788,9582739.746447,0
58529-03-24 08:00:00,1875.64,1889.09,1874.81,1885.98,7351.5441,1784840399999999,13853710.486263,63186,5186.1351,9772909.015691,0
58529-05-05 00:00:00,1885.97,1888.93,1880.86,1882.72,4782.8337,1784843999999999,9010572.072229,57932,2163.3768,4077059.59376,0
58529-06-15 16:00:00,1882.73,1884.13,1874.23,1883.42,5133.8249,1784847599999999,9651897.753955,57328,1979.1568,3721878.490612,0
58529-07-27 08:00:00,1883.41,1884.8,1875.56,1878.38,3587.8794,1784851199999999,6748005.616452,33381,1675.686,3151831.709548,0
58529-09-07 00:00:00,1878.38,1879.18,1859.67,1871.47,13406.7609,1784854799999999,25058205.131213,106904,4822.6373,9013680.742755,0
58529-10-18 16:00:00,1871.47,1877.6,1870.32,1872.76,6649.6745,1784858399999999,12462569.602239,71666,3071.186,5757179.923802,0
58529-11-29 08:00:00,1872.76,1878.5,1864.82,1869.58,6328.9081,1784861999999999,11840113.904817,67217,2885.4707,5399387.349407,0
58530-01-10 00:00:00,1869.57,1881.2,1868.31,1880.67,7169.022,1784865599999999,13462708.451948,77682,3923.6705,7367252.960546,0
58530-02-20 16:00:00,1880.67,1882.0,1875.0,1876.12,3649.7064,1784869199999999,6856670.379198,43466,1664.3617,3127390.319042,0
58530-04-03 08:00:00,1876.13,1882.14,1873.48,1880.97,5641.1485,1784872799999999,10599930.467404,45685,3455.3524,6491969.969229,0
58530-05-15 00:00:00,1880.97,1888.49,1878.9,1888.13,6802.7211,1784876399999999,12817683.072202,48208,3742.0971,7052692.302406,0
58530-06-25 16:00:00,1888.14,1909.8,1888.14,1895.98,18399.9061,1784879999999999,34922909.549887,168845,10689.1143,20284507.829215,0
58530-08-06 08:00:00,1895.98,1896.04,1886.35,1888.07,5209.3782,1784883599999999,9854993.319136,57363,1904.3133,3602677.548484,0
58530-09-17 00:00:00,1888.07,1889.11,1878.39,1888.07,7006.5254,1784887199999999,13200212.665654,78651,3414.89,6434047.483199,0
58530-10-28 16:00:00,1888.08,1888.64,1880.39,1883.82,4084.0349,1784890799999999,7696426.762722,51484,1825.1519,3439403.138423,0
58530-12-09 08:00:00,1883.81,1884.71,1876.71,1883.93,6799.138,1784894399999999,12791896.826862,86273,3798.4389,7147511.778574,0
58531-01-20 00:00:00,1883.93,1886.09,1872.0,1872.65,7785.1308,1784897999999999,14633093.732325,72588,4185.9325,7872428.303292,0
58531-03-02 16:00:00,1872.65,1875.4,1848.11,1857.6,25437.0765,1784901599999999,47343150.691736,257702,11736.9703,21849092.970955,0
58531-04-13 08:00:00,1857.61,1863.18,1848.09,1862.9,16154.1622,1784905199999999,29976651.968264,236034,8087.7986,15012166.551036,0
58531-05-25 00:00:00,1862.9,1869.43,1854.15,1861.81,18647.6311,1784908799999999,34732843.246926,204569,10771.9974,20061439.728454,0
58531-07-05 16:00:00,1861.82,1866.07,1853.5,1857.47,12748.0211,1784912399999999,23706481.811676,113675,5873.7263,10923264.457773,0
58531-08-16 08:00:00,1857.47,1866.61,1855.03,1866.53,8564.3041,1784915999999999,15941789.273968,90161,4812.6029,8958734.652412,0
58531-09-27 00:00:00,1866.53,1866.76,1858.48,1862.72,3900.7267,1784919599999999,7265085.695521,71521,1885.2812,3510878.444319,0
58531-11-07 16:00:00,1862.73,1864.58,1858.0,1863.83,4600.1132,1784923199999999,8564027.506319,63680,3084.6029,5742908.862037,0
58531-12-19 08:00:00,1863.84,1865.82,1858.42,1860.9,3703.6087,1784926799999999,6897243.28651,33968,2108.2721,3926753.236265,0
58532-01-30 00:00:00,1860.91,1862.01,1857.05,1857.51,3582.5364,1784930399999999,6662441.817114,42987,1856.1848,3451981.939889,0
58532-03-11 16:00:00,1857.51,1861.91,1856.97,1859.49,2393.0236,1784933999999999,4449699.520808,24753,1362.9157,2534264.276434,0
58532-04-22 08:00:00,1859.49,1861.85,1858.98,1861.44,2132.1776,1784937599999999,3967227.796673,19452,1124.9309,2092930.106602,0
58532-06-03 00:00:00,1861.44,1864.69,1856.85,1860.34,3991.9995,1784941199999999,7429977.663973,34305,2107.241,3922425.742548,0
58532-07-14 16:00:00,1860.34,1863.63,1857.77,1860.0,3107.0739,1784944799999999,5781170.025382,26410,1598.5367,2974267.227314,0
58532-08-25 08:00:00,1859.99,1861.71,1858.35,1859.45,2141.2087,1784948399999999,3982074.036209,21272,1024.0382,1904438.317034,0
58532-10-06 00:00:00,1859.45,1860.52,1855.93,1858.74,4758.8668,1784951999999999,8846241.71475,30874,2475.8003,4601988.908936,0
58532-11-16 16:00:00,1858.74,1862.65,1858.57,1861.28,1922.5329,1784955599999999,3577359.121992,24259,1115.2803,2075296.768979,0
58532-12-28 08:00:00,1861.28,1862.96,1856.9,1858.42,6900.0056,1784959199999999,12833376.917561,36680,2604.8538,4846161.889139,0
58533-02-08 00:00:00,1858.42,1860.0,1854.61,1858.55,2183.2025,1784962799999999,4054386.260189,29716,970.4854,1802147.53895,0
58533-03-21 16:00:00,1858.55,1858.79,1856.02,1856.02,1974.4548,1784966399999999,3667234.260709,16957,1060.07,1968966.629838,0
58533-05-02 08:00:00,1856.03,1856.1,1851.22,1853.8,4826.2011,1784969999999999,8949982.215889,37133,1869.7579,3467630.909134,0
58533-06-13 00:00:00,1853.8,1859.06,1851.75,1858.34,3706.8351,1784973599999999,6879146.251939,25750,2250.9506,4177868.081347,0
58533-07-24 16:00:00,1858.35,1859.29,1856.75,1858.62,4770.0131,1784977199999999,8862046.529731,24482,2284.3083,4243844.213703,0
58533-09-04 08:00:00,1858.63,1860.09,1857.5,1857.75,2724.4089,1784980799999999,5064439.85308,31238,1518.5669,2822958.905348,0
58533-10-16 00:00:00,1857.75,1860.48,1856.96,1860.32,4110.5827,1784984399999999,7637844.845977,23638,2099.7529,3901528.680513,0
58533-11-26 16:00:00,1860.32,1872.35,1859.78,1867.24,8300.0285,1784987999999999,15489080.858615,62436,4836.0995,9025034.797727,0
58534-01-07 08:00:00,1867.25,1869.32,1865.06,1868.68,4810.2534,1784991599999999,8982805.504865,30425,2415.0535,4510042.294275,0
58534-02-18 00:00:00,1868.67,1871.43,1867.03,1867.88,3624.4878,1784995199999999,6773933.888446,32735,1678.2662,3136877.324245,0
58534-03-31 16:00:00,1867.88,1870.91,1864.65,1867.99,3186.026,1784998799999999,5950743.716381,31777,1409.513,2632561.479672,0
58534-05-12 08:00:00,1867.99,1875.15,1867.99,1873.06,6529.8948,1785002399999999,12225699.538614,59881,4070.1243,7619257.360882,0
58534-06-23 00:00:00,1873.07,1877.07,1872.45,1875.48,4493.7246,1785005999999999,8423875.585342,49922,2956.772,5542720.104408,0
58534-08-03 16:00:00,1875.48,1876.64,1874.4,1874.76,2018.1088,1785009599999999,3784809.86642,29143,1187.0687,2226222.223047,0
58534-09-14 08:00:00,1874.77,1875.03,1870.43,1872.23,1908.1947,1785013199999999,3572260.250804,22647,639.6602,1197507.311823,0
58534-10-26 00:00:00,1872.23,1875.6,1867.92,1872.65,2784.1673,1785016799999999,5210854.524551,34560,1376.7365,2576835.74178,0
58534-12-06 16:00:00,1872.66,1876.92,1872.38,1875.82,2003.8834,1785020399999999,3756619.856253,29751,1121.5415,2102519.621908,0
58535-01-17 08:00:00,1875.83,1876.2,1873.2,1874.89,1658.3331,1785023999999999,3108962.378603,17122,642.2298,1204032.380304,0
58535-02-28 00:00:00,1874.88,1881.8,1873.85,1881.05,3898.2673,1785027599999999,7322180.10934,36215,2669.2149,5013628.104237,0
58535-04-10 16:00:00,1881.05,1881.9,1877.81,1878.68,2034.9452,1785031199999999,3825060.616829,21812,1007.863,1894372.119061,0
58535-05-22 08:00:00,1878.67,1881.65,1877.06,1880.97,1535.0872,1785034799999999,2884547.698361,19024,907.205,1704852.611607,0
58535-07-03 00:00:00,1880.98,1883.98,1878.98,1882.21,2891.7173,1785038399999999,5441981.560669,36236,1634.0341,3074767.129427,0
58535-08-13 16:00:00,1882.21,1889.36,1880.26,1886.26,3540.7748,1785041999999999,6673811.36543,33542,2002.1141,3774384.803375,0
58535-09-24 08:00:00,1886.25,1887.43,1882.72,1883.4,2383.3354,1785045599999999,4492429.828119,18922,1043.5136,1967055.129167,0
58535-11-05 00:00:00,1883.4,1885.39,1878.46,1884.95,3176.674,1785049199999999,5978817.71454,24355,1497.4749,2818738.258381,0
58535-12-16 16:00:00,1884.95,1886.29,1880.51,1881.56,2139.9511,1785052799999999,4028763.751699,19729,873.63,1644711.165878,0
58536-01-27 08:00:00,1881.57,1882.49,1878.74,1881.42,2218.8924,1785056399999999,4172635.106339,20790,740.3343,1392448.716906,0
58536-03-09 00:00:00,1881.42,1885.76,1881.22,1883.8,2491.5347,1785059999999999,4694015.545724,27568,1384.4606,2608313.383436,0
58536-04-19 16:00:00,1883.8,1887.7,1882.01,1886.22,2816.0926,1785063599999999,5309722.401281,29001,1523.3494,2872213.792019,0
58536-05-31 08:00:00,1886.21,1887.89,1884.78,1885.87,2075.4122,1785067199999999,3915607.423991,27694,1049.7553,1980487.946308,0
58536-07-12 00:00:00,1885.87,1893.89,1885.68,1886.57,5314.2072,1785070799999999,10039952.952593,57480,2781.9158,5255918.559093,0
58536-08-22 16:00:00,1886.57,1888.86,1881.61,1886.62,5619.0793,1785074399999999,10596465.866934,47445,2365.7751,4461345.907905,0
58536-10-03 08:00:00,1886.62,1900.31,1886.61,1898.59,8707.353,1785077999999999,16504968.896199,109570,4920.9088,9327204.031848,0
58536-11-14 00:00:00,1898.58,1917.82,1898.06,1914.63,14677.3578,1785081599999999,28023922.006253,159880,8005.9769,15287102.02552,0
58536-12-25 16:00:00,1914.63,1928.08,1908.75,1916.2,15888.944,1785085199999999,30495035.327422,151783,7771.2487,14919420.688456,0
58537-02-05 08:00:00,1916.19,1917.77,1910.8,1911.23,4119.5811,1785088799999999,7885652.085688,64168,1678.5544,3213388.174498,0
58537-03-19 00:00:00,1911.23,1916.53,1911.05,1914.49,3715.1635,1785092399999999,7108892.969888,40558,2102.5624,4023335.812369,0
58537-04-29 16:00:00,1914.49,1915.86,1912.09,1914.2,4682.416,1785095999999999,8959367.761191,38745,2306.7466,4413607.773412,0
58537-06-10 08:00:00,1914.21,1914.56,1911.14,1913.8,2328.0884,1785099599999999,4453700.671799,29098,1359.0243,2599868.479772,0
58537-07-22 00:00:00,1913.79,1930.0,1913.79,1925.91,8394.0362,1785103199999999,16141500.165775,103198,4787.7314,9202769.869546,0
58537-09-01 16:00:00,1925.91,1953.03,1925.91,1949.81,23344.9293,1785106799999999,45337022.814074,219536,13102.6613,25452499.298529,0
58537-10-13 08:00:00,1949.81,1967.36,1945.99,1954.72,25239.8549,1785110399999999,49370721.238888,179614,13182.9366,25798401.415616,0
58537-11-24 00:00:00,1954.72,1955.42,1939.67,1942.54,10815.7364,1785113999999999,21044288.8173,126215,4869.0314,9475233.30508,0
58538-01-04 16:00:00,1942.54,1948.46,1936.51,1948.2,8651.072,1785117599999999,16815607.162238,124558,4119.7062,8009446.976289,0
58538-02-15 08:00:00,1948.2,1949.15,1941.48,1943.1,8333.0669,1785121199999999,16216426.37265,69839,4468.8428,8696141.483713,0
58538-03-29 00:00:00,1943.09,1950.78,1942.42,1949.64,6458.3303,1785124799999999,12568929.189071,41745,4065.7334,7912533.419574,0
58538-05-09 16:00:00,1949.65,1962.77,1948.54,1953.43,13061.709,1785128399999999,25533890.212588,106815,8219.3948,16067610.314437,0
58538-06-20 08:00:00,1953.43,1970.43,1952.63,1965.65,15079.6006,1785131999999999,29586446.794334,80096,8542.8677,16764254.32028,0
58538-08-01 00:00:00,1965.65,1981.24,1963.64,1968.45,25003.724,1785135599999999,49307890.482437,183111,15002.4285,29591387.319561,0
58538-09-11 16:00:00,1968.45,1971.7,1960.86,1964.36,16580.0434,1785139199999999,32615947.028064,107087,5887.2743,11583190.460639,0
58538-10-23 08:00:00,1964.37,1968.75,1961.81,1964.25,8606.9437,1785142799999999,16920939.301746,92869,4246.2338,8347954.952154,0
58538-12-04 00:00:00,1964.25,1968.29,1956.87,1965.19,10222.2378,1785146399999999,20057639.657099,85764,4862.9313,9544027.710703,0
58539-01-14 16:00:00,1965.19,1972.0,1963.8,1967.43,6133.2776,1785149999999999,12067326.001721,56175,3539.0491,6963014.242735,0
58539-02-25 08:00:00,1967.42,1967.43,1958.11,1959.67,7353.3544,1785153599999999,14431515.821154,73904,3553.7207,6975461.669222,0
58539-04-08 00:00:00,1959.67,1964.6,1943.0,1957.59,14137.4186,1785157199999999,27609582.90478,117926,6969.9344,13615796.024339,0
58539-05-19 16:00:00,1957.6,1977.99,1950.95,1961.16,31081.0997,1785160799999999,61050513.184173,323458,14226.6107,27959879.906522,0
58539-06-30 08:00:00,1961.18,1966.99,1919.09,1932.3,38196.3783,1785164399999999,74081743.460564,384625,16445.9709,31890056.323567,0
58539-08-11 00:00:00,1932.3,1937.87,1924.83,1927.75,16079.6453,1785167999999999,31039973.018949,224473,6260.4324,12088112.311749,0
58539-09-21 16:00:00,1927.74,1946.9,1922.65,1940.57,11388.9731,1785171599999999,22049385.520953,127614,5820.8858,11272708.613947,0
58539-11-02 08:00:00,1940.57,1946.06,1935.1,1943.71,8370.8405,1785175199999999,16256585.7934,110093,4520.7108,8781308.994122,0
58539-12-14 00:00:00,1943.72,1944.66,1929.2,1939.2,6892.7477,1785178799999999,13345558.961171,80766,3299.1906,6386605.942767,0
58540-01-24 16:00:00,1939.21,1955.41,1937.75,1948.31,10768.3753,1785182399999999,20982256.490968,113281,5775.8487,11253338.458859,0
58540-03-06 08:00:00,1948.32,1950.54,1943.69,1946.87,4740.1733,1785185999999999,9227292.688373,65563,2180.904,4245471.915204,0
58540-04-17 00:00:00,1946.88,1950.1,1940.58,1941.9,13531.1577,1785189599999999,26322906.157773,82385,6274.2304,12201093.818996,0
58540-05-28 16:00:00,1941.89,1941.9,1892.33,1893.6,26543.049,1785193199999999,50829206.520007,193870,7874.7547,15084256.232382,0
58540-07-09 08:00:00,1893.61,1896.19,1882.49,1892.53,24422.5254,1785196799999999,46150785.597242,223511,11376.4318,21502984.221091,0
